,Unnamed: 0,Position,Name + ID,Name,ID,Roster Position,Salary,Game Info,TeamAbbrev,AvgPointsPerGame,UniquePlayer,Week,Player,CALCAVGCtch%Rec,CALCAVG1DRec,CALCAVG1DRush,CALCAVG1DPass,CALCAVGSkPass,CALCAVGAttRush,CALCAVGTDRec,CALCAVGRateRec,CALCAVGY/APass,CALCAVGCmp%Pass,CALCAVGIntPass,CALCAVGYdsRec,CALCAVGTDPass,CALCAVGCmpPass,CALCAVGY/ARush,CALCAVGYdsPass2,CALCAVGYdsRush,CALCAVGYdsPass1,CALCAVGTDRush,CALCAVGRecRec,CALCAVGSkYdsPass,CALCAVGTgtRec,CALCAVGRecY_ind,CALCAVGAttPass,OurProjection
0,0,RB,Christian McCaffrey (15783338),Christian McCaffrey,15783338,RB/FLEX,9400,DET@CAR 11/22/2020 01:00PM ET,15260878,30.13,Christian McCaffreyRB15260878,11,Christian McCaffrey,0.85,2.6666666666666665,4.666666666666667,0.0,0.0,19.666666666666668,0.3333333333333333,0.0,0.0,0.0,0.0,49.66666666666666,0.0,0.0,3.776666666666667,0.0,75.0,0.0,1.6666666666666667,5.666666666666668,0.0,6.333333333333332,0.0,0.0,14.799695014953613
1,1,RB,Alvin Kamara (15783340),Alvin Kamara,15783340,RB/FLEX,9200,ATL@NO 11/22/2020 01:00PM ET,15260880,27.71,Alvin KamaraRB15260880,11,Alvin Kamara,0.8286250000000001,3.125,3.625,0.0,0.0,12.0,0.375,0.0,0.0,0.0,0.0,70.625,0.0,0.0,5.1862499999999985,0.0,58.875,0.0,0.625,7.5,0.0,9.0,0.375,0.0,19.894044876098633
2,2,RB,Dalvin Cook (15783342),Dalvin Cook,15783342,RB/FLEX,9000,DAL@MIN 11/22/2020 04:25PM ET,15260877,30.59,Dalvin CookRB15260877,11,Dalvin Cook,0.7952857142857143,1.1428571428571428,6.857142857142858,0.0,0.0,20.571428571428573,0.14285714285714285,0.0,0.0,0.0,0.0,24.714285714285715,0.0,0.0,5.759999999999999,0.0,122.57142857142857,0.0,1.7142857142857142,2.2857142857142856,0.0,3.0,0.0,0.0,19.856910705566406
3,3,WR,Davante Adams (15783560),Davante Adams,15783560,WR/FLEX,8600,GB@IND 11/22/2020 04:25PM ET,15260875,28.16,Davante AdamsWR15260875,11,Davante Adams,0.7843333333333334,6.0,0.0,0.0,0.0,0.0,1.3333333333333333,0.0,0.0,0.0,0.0,112.5,0.0,0.0,0.0,0.0,0.0,0.0,0.0,8.833333333333334,0.0,11.5,1.5,0.0,13.460582733154297
4,4,RB,Derrick Henry (15783344),Derrick Henry,15783344,RB/FLEX,8000,TEN@BAL 11/22/2020 01:00PM ET,15260871,19.7,Derrick HenryRB15260871,11,Derrick Henry,0.445875,0.5,5.25,0.0,0.0,22.75,0.0,0.0,0.0,0.0,0.0,10.125,0.0,0.0,4.69125,0.0,105.375,0.0,1.0,1.25,0.0,2.25,0.0,0.0,13.325568199157715
5,5,WR,Julio Jones (15783562),Julio Jones,15783562,WR/FLEX,7500,ATL@NO 11/22/2020 01:00PM ET,15260883,19.11,Julio JonesWR15260883,11,Julio Jones,0.7647142857142857,4.142857142857143,0.0,0.0,0.0,0.0,0.42857142857142855,0.0,0.0,0.0,0.0,91.14285714285714,0.0,0.0,0.0,0.0,0.0,0.0,0.0,6.142857142857142,0.0,8.0,1.2857142857142858,0.0,13.979011535644531
6,6,WR,Keenan Allen (15783564),Keenan Allen,15783564,WR/FLEX,7400,NYJ@LAC 11/22/2020 04:05PM ET,15260872,19.11,Keenan AllenWR15260872,11,Keenan Allen,0.7434999999999999,4.875,0.0,0.0,0.0,0.0,0.5,4.95,0.0,0.0,0.0,81.375,0.0,0.0,0.0,0.0,0.0,0.0,0.0,7.75,0.0,10.75,1.125,0.125,23.552188873291016
7,7,WR,Michael Thomas (15783566),Michael Thomas,15783566,WR/FLEX,7300,ATL@NO 11/22/2020 01:00PM ET,15260880,6.5,Michael ThomasWR15260880,11,Michael Thomas,0.7164999999999999,2.0,0.0,0.0,0.0,0.0,0.0,0.0,0.0,0.0,0.0,34.0,0.0,0.0,0.0,0.0,0.0,0.0,0.0,4.0,0.0,5.5,0.0,0.0,9.301998138427734
8,8,QB,Lamar Jackson (15783277),Lamar Jackson,15783277,QB,7300,TEN@BAL 11/22/2020 01:00PM ET,15260866,21.32,Lamar JacksonQB15260866,11,Lamar Jackson,0.0,0.0,2.75,10.0,2.625,9.875,0.0,96.825,7.35,64.375,0.5,0.0,1.5,16.75,6.0775000000000015,-15.25,58.625,189.125,0.375,0.0,-15.25,0.0,0.0,26.625,26.751306533813477
9,9,RB,Aaron Jones (15783346),Aaron Jones,15783346,RB/FLEX,7200,GB@IND 11/22/2020 04:25PM ET,15260875,20.77,Aaron JonesRB15260875,11,Aaron Jones,0.7111666666666666,1.5,3.5,0.0,0.0,15.0,0.3333333333333333,0.0,0.0,0.0,0.0,30.33333333333333,0.0,0.0,4.6450000000000005,0.0,74.5,0.0,0.8333333333333334,3.8333333333333335,0.0,5.5,0.0,0.0,10.414029121398926
10,10,WR,A.J. Brown (15783568),A.J. Brown,15783568,WR/FLEX,7200,TEN@BAL 11/22/2020 01:00PM ET,15260871,17.4,A.J. BrownWR15260871,11,A.J. Brown,0.6469999999999999,3.8333333333333335,0.0,0.0,0.0,0.0,1.0,0.0,0.0,0.0,0.0,76.16666666666667,0.0,0.0,0.0,0.0,0.0,0.0,0.0,5.166666666666667,0.0,8.0,1.0,0.0,15.695414543151855
11,11,WR,Calvin Ridley (15783570),Calvin Ridley,15783570,WR/FLEX,7000,ATL@NO 11/22/2020 01:00PM ET,15260883,20.01,Calvin RidleyWR15260883,11,Calvin Ridley,0.6194999999999999,4.25,0.125,0.0,0.0,0.375,0.75,0.0,0.0,0.0,0.0,82.125,0.0,0.0,1.75,0.0,1.75,0.0,0.0,5.375,0.0,8.5,1.5,0.0,13.761297225952148
12,12,RB,Nick Chubb (15783348),Nick Chubb,15783348,RB/FLEX,7000,PHI@CLE 11/22/2020 01:00PM ET,15260885,17.76,Nick ChubbRB15260885,11,Nick Chubb,0.75,0.25,4.0,0.0,0.0,14.25,0.0,0.0,0.0,0.0,0.0,4.25,0.0,0.0,6.1225000000000005,0.0,83.75,0.0,1.0,0.75,0.0,0.75,0.0,0.0,12.081053733825684
13,13,QB,Aaron Rodgers (15783278),Aaron Rodgers,15783278,QB,7000,GB@IND 11/22/2020 04:25PM ET,15260875,25.34,Aaron RodgersQB15260875,11,Aaron Rodgers,0.125,0.0,0.625,14.375,1.125,1.375,0.0,116.67499999999998,8.100000000000001,67.4875,0.25,-0.75,3.0,23.625,4.6875,-11.0,7.625,281.625,0.0,0.125,-11.0,0.125,0.0,35.0,16.80178451538086
14,14,WR,Terry McLaurin (15783572),Terry McLaurin,15783572,WR/FLEX,6900,CIN@WAS 11/22/2020 01:00PM ET,15260891,18.3,Terry McLaurinWR15260891,11,Terry McLaurin,0.643875,4.0,0.125,0.0,0.0,0.125,0.375,0.0,0.0,0.0,0.0,86.5,0.0,0.0,0.375,0.0,0.375,0.0,0.0,6.25,0.0,9.625,1.125,0.0,13.132862091064453
15,15,RB,Kareem Hunt (15783354),Kareem Hunt,15783354,RB/FLEX,6700,PHI@CLE 11/22/2020 01:00PM ET,15260885,15.93,Kareem HuntRB15260885,11,Kareem Hunt,0.6459999999999999,1.125,3.75,0.0,0.0,14.375,0.5,0.0,0.0,0.0,0.0,14.125,0.0,0.0,4.885,0.0,66.125,0.0,0.375,2.25,0.0,3.125,0.0,0.0,16.428916931152344
16,16,QB,Ben Roethlisberger (15783280),Ben Roethlisberger,15783280,QB,6700,PIT@JAX 11/22/2020 01:00PM ET,15260860,20.79,Ben RoethlisbergerQB15260860,11,Ben Roethlisberger,0.0,0.0,0.375,12.625,1.25,2.25,0.0,103.325,6.7875,67.8875,0.5,0.0,2.25,24.5,1.175,-10.875,1.75,241.75,0.0,0.0,-10.875,0.0,0.0,36.0,20.478302001953125
17,17,QB,Drew Brees (15783281),Drew Brees,15783281,QB,6600,ATL@NO 11/22/2020 01:00PM ET,15260880,19.22,Drew BreesQB15260880,11,Drew Brees,0.0,0.0,0.5,13.875,1.25,1.75,0.0,110.35,7.4875,74.08749999999998,0.375,0.0,2.125,26.375,0.125,-8.75,0.25,265.0,0.25,0.0,-8.75,0.0,0.0,35.625,26.57159996032715
18,18,RB,James Conner (15783356),James Conner,15783356,RB/FLEX,6600,PIT@JAX 11/22/2020 01:00PM ET,15260860,14.46,James ConnerRB15260860,11,James Conner,0.8624999999999999,0.75,3.625,0.0,0.0,14.875,0.0,0.0,0.0,0.0,0.0,15.375,0.0,0.0,3.98,0.0,65.0,0.0,0.625,2.5,0.0,3.125,0.0,0.0,16.358078002929688
19,19,QB,Deshaun Watson (15783282),Deshaun Watson,15783282,QB,6500,NE@HOU 11/22/2020 01:00PM ET,15260889,23.32,Deshaun WatsonQB15260889,11,Deshaun Watson,0.0,0.0,1.625,13.75,3.0,5.0,0.0,108.325,8.8125,67.97500000000001,0.625,0.0,2.125,23.125,5.51625,-16.25,24.625,297.0,0.125,0.0,-16.25,0.0,0.0,33.875,25.612133026123047
20,20,RB,Ezekiel Elliott (15783358),Ezekiel Elliott,15783358,RB/FLEX,6500,DAL@MIN 11/22/2020 04:25PM ET,15260870,16.78,Ezekiel ElliottRB15260870,11,Ezekiel Elliott,0.6798888888888889,1.5555555555555556,4.333333333333333,0.0,0.0,16.666666666666668,0.1111111111111111,0.0,0.0,0.0,0.0,26.444444444444446,0.0,0.0,3.79,0.0,63.555555555555564,0.0,0.5555555555555556,4.0,0.0,5.4444444444444455,0.0,0.0,17.646881103515625
21,21,QB,Teddy Bridgewater (15783283),Teddy Bridgewater,15783283,QB,6400,DET@CAR 11/22/2020 01:00PM ET,15260878,19.47,Teddy BridgewaterQB15260878,11,Teddy Bridgewater,0.0,0.0,1.0,13.444444444444445,2.0,3.555555555555556,0.0,97.77777777777777,7.966666666666668,71.46666666666667,0.6666666666666666,0.0,1.2222222222222223,24.444444444444446,5.036666666666666,-12.555555555555555,20.0,268.44444444444446,0.2222222222222222,0.0,-12.555555555555555,0.0,0.0,34.0,20.840864181518555
22,22,RB,D'Andre Swift (15783362),D'Andre Swift,15783362,RB/FLEX,6400,DET@CAR 11/22/2020 01:00PM ET,15260874,14.51,D'Andre SwiftRB15260874,11,D'Andre Swift,0.75,1.0,1.75,0.0,0.0,6.75,0.125,0.0,0.0,0.0,0.0,25.875,0.0,0.0,3.3687500000000004,0.0,31.25,0.0,0.5,3.25,0.0,4.25,0.0,0.0,13.062273025512695
23,23,RB,James Robinson (15783360),James Robinson,15783360,RB/FLEX,6400,PIT@JAX 11/22/2020 01:00PM ET,15260884,19.19,James RobinsonRB15260884,11,James Robinson,0.766375,1.25,3.875,0.0,0.125,16.5,0.25,0.0,0.0,0.0,0.0,28.125,0.0,0.0,4.29125,-0.5,72.5,0.0,0.625,3.375,-0.5,4.25,0.0,0.0,16.748226165771484
24,24,WR,JuJu Smith-Schuster (15783574),JuJu Smith-Schuster,15783574,WR/FLEX,6400,PIT@JAX 11/22/2020 01:00PM ET,15260860,15.29,JuJu Smith-SchusterWR15260860,11,JuJu Smith-Schuster,0.79375,3.125,0.0,0.0,0.0,0.0,0.5,0.0,0.0,0.0,0.0,54.875,0.0,0.0,0.0,0.0,0.0,0.0,0.0,5.625,0.0,7.125,0.0,0.0,9.916420936584473
25,25,QB,Matt Ryan (15783284),Matt Ryan,15783284,QB,6300,ATL@NO 11/22/2020 01:00PM ET,15260883,20.85,Matt RyanQB15260883,11,Matt Ryan,0.0,0.0,0.5555555555555556,15.777777777777779,2.1111111111111107,2.4444444444444446,0.0,98.65555555555555,7.822222222222222,67.1111111111111,0.5555555555555556,0.0,1.6666666666666667,26.222222222222218,1.7588888888888892,-15.111111111111109,7.5555555555555545,305.1111111111111,0.1111111111111111,0.0,-15.111111111111109,0.0,0.0,39.0,22.06034278869629
26,26,RB,Joe Mixon (15783364),Joe Mixon,15783364,RB/FLEX,6300,CIN@WAS 11/22/2020 01:00PM ET,15260869,17.27,Joe MixonRB15260869,11,Joe Mixon,0.7639999999999999,0.8333333333333334,3.333333333333333,0.0,0.0,19.83333333333333,0.16666666666666666,0.0,0.0,0.0,0.0,23.0,0.0,0.0,3.481666666666667,0.0,71.33333333333333,0.0,0.5,3.5,0.0,4.333333333333333,0.0,0.0,13.68362808227539
27,27,WR,Adam Thielen (15783576),Adam Thielen,15783576,WR/FLEX,6300,DAL@MIN 11/22/2020 04:25PM ET,15260877,17.06,Adam ThielenWR15260877,11,Adam Thielen,0.6208750000000001,3.125,0.0,0.0,0.0,0.375,0.875,0.0,0.0,0.0,0.0,60.0,0.0,0.0,1.875,0.0,1.875,0.0,0.0,4.625,0.0,7.25,0.75,0.0,19.938106536865234
28,28,QB,Cam Newton (15783286),Cam Newton,15783286,QB,6200,NE@HOU 11/22/2020 01:00PM ET,15260865,20.06,Cam NewtonQB15260865,11,Cam Newton,0.14285714285714285,0.14285714285714285,4.285714285714286,10.285714285714286,1.7142857142857142,9.857142857142858,0.0,77.21428571428571,7.228571428571428,67.55714285714285,1.0,2.2857142857142856,0.2857142857142857,18.571428571428573,4.467142857142857,-9.428571428571429,44.85714285714285,202.42857142857144,1.1428571428571428,0.14285714285714285,-9.428571428571429,0.14285714285714285,0.0,27.285714285714285,16.746994018554688
29,29,WR,Will Fuller V (15783578),Will Fuller V,15783578,WR/FLEX,6200,NE@HOU 11/22/2020 01:00PM ET,15260889,16.87,Will Fuller VWR15260889,11,Will Fuller,0.62525,3.25,0.0,0.0,0.0,0.125,0.75,0.0,0.0,0.0,0.0,73.75,0.0,0.0,0.0,0.0,0.0,0.0,0.0,4.5,0.0,6.5,1.125,0.0,18.090993881225586
30,30,QB,Kirk Cousins (15783285),Kirk Cousins,15783285,QB,6200,DAL@MIN 11/22/2020 04:25PM ET,15260877,17.21,Kirk CousinsQB15260877,11,Kirk Cousins,0.0,0.0,0.75,10.75,2.0,1.375,0.0,102.625,9.2625,66.225,1.25,0.0,1.875,17.125,2.34375,-10.25,6.875,231.875,0.0,0.0,-10.25,0.0,0.0,26.125,22.333524703979492
31,31,RB,Alexander Mattison (15783366),Alexander Mattison,15783366,RB/FLEX,6200,DAL@MIN 11/22/2020 04:25PM ET,15260877,7.04,Alexander MattisonRB15260877,11,Alexander Mattison,0.375,0.375,2.0,0.0,0.0,8.625,0.0,0.0,0.0,0.0,0.0,7.625,0.0,0.0,4.38625,0.0,40.25,0.0,0.125,1.125,0.0,1.375,0.0,0.0,9.300400733947754
32,32,QB,Ryan Tannehill (15783287),Ryan Tannehill,15783287,QB,6100,TEN@BAL 11/22/2020 01:00PM ET,15260871,20.84,Ryan TannehillQB15260871,11,Ryan Tannehill,0.125,0.0,1.25,13.0,1.375,2.75,0.0,109.61249999999998,7.874999999999999,65.05,0.375,0.0,2.375,20.875,4.24,-10.625,13.125,247.625,0.125,0.125,-10.625,0.125,0.0,31.75,19.023130416870117
33,33,WR,Chase Claypool (15783580),Chase Claypool,15783580,WR/FLEX,6100,PIT@JAX 11/22/2020 01:00PM ET,15260860,15.91,Chase ClaypoolWR15260860,11,Chase Claypool,0.757125,2.375,0.5,0.0,0.0,0.875,0.625,0.0,0.0,0.0,0.0,55.5,0.0,0.0,2.1875,0.0,3.125,0.0,0.25,3.875,0.0,5.875,0.375,0.0,17.71444320678711
34,34,RB,Austin Ekeler (15783368),Austin Ekeler,15783368,RB/FLEX,6100,NYJ@LAC 11/22/2020 04:05PM ET,15260872,15.55,Austin EkelerRB15260872,11,Austin Ekeler,1.0,1.75,3.5,0.0,0.0,12.25,0.0,0.0,0.0,0.0,0.0,36.0,0.0,0.0,5.2875,0.0,62.0,0.0,0.25,4.25,0.0,4.25,0.0,0.0,10.307173728942871
35,35,WR,Jamison Crowder (15783582),Jamison Crowder,15783582,WR/FLEX,6100,NYJ@LAC 11/22/2020 04:05PM ET,15260887,19.78,Jamison CrowderWR15260887,11,Jamison Crowder,0.7152000000000001,3.4,0.0,0.0,0.0,0.0,0.6,0.0,0.0,0.0,0.0,81.8,0.0,0.0,0.0,0.0,0.0,0.0,0.0,6.2,0.0,9.6,1.8,0.0,8.738418579101562
36,36,QB,Matthew Stafford (15783288),Matthew Stafford,15783288,QB,6000,DET@CAR 11/22/2020 01:00PM ET,15260874,19.09,Matthew StaffordQB15260874,11,Matthew Stafford,0.0,0.0,0.75,13.25,2.625,2.125,0.0,92.65,7.625,62.90000000000001,0.875,0.0,1.75,21.75,4.175,-19.75,9.625,265.875,0.0,0.0,-19.75,0.0,0.0,34.75,22.76959800720215
37,37,WR,Robby Anderson (15783586),Robby Anderson,15783586,WR/FLEX,6000,DET@CAR 11/22/2020 01:00PM ET,15260878,15.75,Robby AndersonWR15260878,11,Robby Anderson,0.7678888888888888,3.7777777777777777,0.0,0.0,0.0,0.1111111111111111,0.1111111111111111,0.0,0.0,0.0,0.0,83.44444444444444,0.0,0.0,0.3333333333333333,0.0,0.3333333333333333,0.0,0.0,6.666666666666668,0.0,8.888888888888891,1.0,0.0,14.779498100280762
38,38,WR,Justin Jefferson (15783584),Justin Jefferson,15783584,WR/FLEX,6000,DAL@MIN 11/22/2020 04:25PM ET,15260877,15.71,Justin JeffersonWR15260877,11,Justin Jefferson,0.770375,3.0,0.0,0.0,0.0,0.0,0.375,0.0,0.0,0.0,0.0,78.375,0.0,0.0,0.0,0.0,0.0,0.0,0.0,4.25,0.0,5.5,1.125,0.0,16.97962188720703
39,39,RB,Todd Gurley II (15783370),Todd Gurley II,15783370,RB/FLEX,5900,ATL@NO 11/22/2020 01:00PM ET,15260883,15.37,Todd Gurley IIRB15260883,11,Todd Gurley,0.5685555555555556,0.3333333333333333,3.888888888888889,0.0,0.0,17.666666666666668,0.0,0.0,0.0,0.0,0.0,8.777777777777779,0.0,0.0,3.9166666666666665,0.0,64.8888888888889,0.0,1.0,1.6666666666666667,0.0,2.4444444444444446,0.0,0.0,17.427968978881836
40,40,RB,Latavius Murray (15783372),Latavius Murray,15783372,RB/FLEX,5900,ATL@NO 11/22/2020 01:00PM ET,15260880,7.91,Latavius MurrayRB15260880,11,Latavius Murray,0.8125,0.5,2.5,0.0,0.0,10.125,0.0,0.0,0.0,0.0,0.0,11.75,0.0,0.0,3.9775,0.0,40.125,0.0,0.25,1.5,0.0,1.75,0.0,0.0,5.079455375671387
41,41,WR,Diontae Johnson (15783588),Diontae Johnson,15783588,WR/FLEX,5900,PIT@JAX 11/22/2020 01:00PM ET,15260860,13.36,Diontae JohnsonWR15260860,11,Diontae Johnson,0.5354285714285715,2.571428571428572,0.0,0.0,0.0,0.2857142857142857,0.42857142857142855,0.0,0.0,0.0,0.0,44.28571428571429,0.0,0.0,1.8571428571428568,0.0,1.8571428571428568,0.0,0.0,4.428571428571429,0.0,7.7142857142857135,0.0,0.0,9.280677795410156
42,42,RB,Jonathan Taylor (15783374),Jonathan Taylor,15783374,RB/FLEX,5800,GB@IND 11/22/2020 04:25PM ET,15260867,12.34,Jonathan TaylorRB15260867,11,Jonathan Taylor,0.958375,0.875,3.25,0.0,0.0,13.25,0.0,0.0,0.0,0.0,0.0,22.25,0.0,0.0,3.88875,0.0,52.0,0.0,0.5,2.5,0.0,2.625,0.0,0.0,12.411430358886719
43,43,WR,Marquise Brown (15783592),Marquise Brown,15783592,WR/FLEX,5800,TEN@BAL 11/22/2020 01:00PM ET,15260866,10.02,Marquise BrownWR15260866,11,Marquise Brown,0.60825,2.75,0.0,0.0,0.0,0.125,0.25,0.0,0.0,0.0,0.0,52.125,0.0,0.0,0.125,0.0,0.125,0.0,0.0,3.75,0.0,6.125,0.375,0.0,8.110136032104492
44,44,RB,Myles Gaskin (15783378),Myles Gaskin,15783378,RB/FLEX,5800,MIA@DEN 11/22/2020 04:05PM ET,15260890,14.21,Myles GaskinRB15260890,11,Myles Gaskin,0.8724285714285714,0.7142857142857143,3.0,0.0,0.0,14.285714285714285,0.0,0.0,0.0,0.0,0.0,28.285714285714285,0.0,0.0,4.177142857142857,0.0,55.28571428571429,0.0,0.2857142857142857,4.285714285714286,0.0,5.0,0.0,0.0,19.786962509155273
45,45,RB,Antonio Gibson (15783376),Antonio Gibson,15783376,RB/FLEX,5800,CIN@WAS 11/22/2020 01:00PM ET,15260891,14.76,Antonio GibsonRB15260891,11,Antonio Gibson,0.7625,0.875,2.375,0.0,0.0,11.25,0.0,0.0,0.0,0.0,0.0,22.75,0.0,0.0,4.09,0.0,48.875,0.0,0.625,2.75,0.0,3.25,0.0,0.0,15.688753128051758
46,46,QB,Carson Wentz (15783291),Carson Wentz,15783291,QB,5700,PHI@CLE 11/22/2020 01:00PM ET,15260862,19.92,Carson WentzQB15260862,11,Carson Wentz,0.0,0.0,2.5,11.625,4.0,4.875,0.0,73.23750000000003,6.1625000000000005,58.36250000000001,1.5,0.0,1.5,22.25,4.60125,-27.375,25.25,235.375,0.625,0.0,-27.375,0.0,0.0,38.125,20.21937370300293
47,47,RB,Jamaal Williams (15783380),Jamaal Williams,15783380,RB/FLEX,5700,GB@IND 11/22/2020 04:25PM ET,15260875,11.15,Jamaal WilliamsRB15260875,11,Jamaal Williams,0.6857142857142857,1.1428571428571428,2.142857142857143,0.0,0.0,9.714285714285714,0.0,0.0,0.0,0.0,0.0,26.142857142857146,0.0,0.0,4.5285714285714285,0.0,42.0,0.0,0.14285714285714285,3.2857142857142856,0.0,3.571428571428572,0.0,0.0,14.80486011505127
48,48,WR,DeVante Parker (15783598),DeVante Parker,15783598,WR/FLEX,5700,MIA@DEN 11/22/2020 04:05PM ET,15260890,11.69,DeVante ParkerWR15260890,11,DeVante Parker,0.732125,3.0,0.0,0.0,0.0,0.0,0.375,0.0,0.0,0.0,0.0,53.875,0.0,0.0,0.0,0.0,0.0,0.0,0.0,4.5,0.0,6.125,0.375,0.0,15.410816192626953
49,49,WR,DJ Chark Jr. (15783596),DJ Chark Jr.,15783596,WR/FLEX,5700,PIT@JAX 11/22/2020 01:00PM ET,15260884,14.16,DJ Chark Jr.WR15260884,11,DJ Chark,0.6950000000000001,3.1428571428571432,0.0,0.0,0.0,0.0,0.5714285714285714,0.0,0.0,0.0,0.0,62.42857142857143,0.0,0.0,0.0,0.0,0.0,0.0,0.0,4.714285714285714,0.0,7.571428571428571,0.42857142857142855,0.0,19.7667236328125
50,50,WR,DJ Moore (15783604),DJ Moore,15783604,WR/FLEX,5600,DET@CAR 11/22/2020 01:00PM ET,15260878,13.96,DJ MooreWR15260878,11,D.J. Moore,0.5867777777777777,3.2222222222222223,0.0,0.0,0.0,0.0,0.3333333333333333,0.0,0.0,0.0,0.0,71.1111111111111,0.0,0.0,0.0,0.0,0.0,0.0,0.0,3.888888888888889,0.0,6.888888888888888,0.3333333333333333,0.0,10.040416717529297
51,51,RB,Boston Scott (15783384),Boston Scott,15783384,RB/FLEX,5600,PHI@CLE 11/22/2020 01:00PM ET,15260862,6.78,Boston ScottRB15260862,11,Boston Scott,0.5125,0.5,1.125,0.0,0.0,6.0,0.125,0.0,0.0,0.0,0.0,12.875,0.0,0.0,3.0387500000000003,0.0,22.875,0.0,0.0,1.5,0.0,2.125,0.0,0.0,7.9314374923706055
52,52,QB,Philip Rivers (15783292),Philip Rivers,15783292,QB,5600,GB@IND 11/22/2020 04:25PM ET,15260867,15.73,Philip RiversQB15260867,11,Philip Rivers,0.0,0.0,0.0,12.875,0.875,1.5,0.0,93.9,7.799999999999999,68.475,0.875,0.0,1.25,23.25,-0.07250000000000001,-4.125,-0.25,260.875,0.0,0.0,-4.125,0.0,0.0,34.25,8.794888496398926
53,53,WR,Tyler Boyd (15783600),Tyler Boyd,15783600,WR/FLEX,5600,CIN@WAS 11/22/2020 01:00PM ET,15260869,16.77,Tyler BoydWR15260869,11,Tyler Boyd,0.78925,4.5,0.125,0.125,0.0,0.5,0.375,14.85,2.0,12.5,0.0,73.0,0.0,0.125,4.1875,0.0,4.75,2.0,0.0,6.75,0.0,8.5,0.75,0.125,4.4227447509765625
54,54,RB,Tony Pollard (15783386),Tony Pollard,15783386,RB/FLEX,5600,DAL@MIN 11/22/2020 04:25PM ET,15260870,5.27,Tony PollardRB15260870,11,Tony Pollard,0.7593333333333333,0.4444444444444444,1.6666666666666667,0.0,0.0,5.222222222222221,0.0,0.0,0.0,0.0,0.0,8.666666666666666,0.0,0.0,3.9411111111111112,0.0,22.88888888888889,0.0,0.1111111111111111,1.4444444444444444,0.0,2.1111111111111107,0.0,0.0,9.867537498474121
55,55,WR,Marvin Jones Jr. (15783606),Marvin Jones Jr.,15783606,WR/FLEX,5500,DET@CAR 11/22/2020 01:00PM ET,15260874,11.49,Marvin Jones Jr.WR15260874,11,Marvin Jones,0.634875,2.375,0.0,0.0,0.0,0.0,0.5,0.0,0.0,0.0,0.0,38.5,0.0,0.0,0.0,0.0,0.0,0.0,0.0,3.125,0.0,5.125,0.0,0.0,6.592488765716553
56,56,WR,Jarvis Landry (15783608),Jarvis Landry,15783608,WR/FLEX,5500,PHI@CLE 11/22/2020 01:00PM ET,15260885,9.72,Jarvis LandryWR15260885,11,Jarvis Landry,0.738375,2.375,0.125,0.25,0.0,0.25,0.0,34.6375,7.0,25.0,0.0,52.375,0.125,0.25,0.25,0.0,0.5,7.0,0.0,4.125,0.0,6.25,0.0,0.25,5.902713298797607
57,57,QB,Joe Burrow (15783293),Joe Burrow,15783293,QB,5500,CIN@WAS 11/22/2020 01:00PM ET,15260869,20.6,Joe BurrowQB15260869,11,Joe Burrow,0.0,0.0,1.625,16.25,3.5,4.375,0.0,90.1125,6.950000000000001,67.2875,0.625,0.0,1.375,27.625,2.8600000000000003,-25.375,16.25,284.0,0.375,0.0,-25.375,0.0,0.0,41.125,18.76310157775879
58,58,RB,Giovani Bernard (15783390),Giovani Bernard,15783390,RB/FLEX,5500,CIN@WAS 11/22/2020 01:00PM ET,15260869,10.0,Giovani BernardRB15260869,11,Giovani Bernard,0.7205,1.0,1.125,0.0,0.0,5.0,0.25,0.0,0.0,0.0,0.0,23.75,0.0,0.0,3.545,0.0,17.875,0.0,0.25,3.0,0.0,3.625,0.0,0.0,14.227313995361328
59,59,QB,Baker Mayfield (15783295),Baker Mayfield,15783295,QB,5400,PHI@CLE 11/22/2020 01:00PM ET,15260885,13.94,Baker MayfieldQB15260885,11,Baker Mayfield,0.0,0.0,0.625,10.5,1.375,2.375,0.0,89.8125,6.925000000000002,61.91250000000001,0.875,0.0,1.875,17.125,2.9375,-7.5,8.125,189.25,0.0,0.0,-7.5,0.0,0.0,27.875,22.977378845214844
60,60,RB,Duke Johnson (15783392),Duke Johnson,15783392,RB/FLEX,5400,NE@HOU 11/22/2020 01:00PM ET,15260889,6.4,Duke JohnsonRB15260889,11,Duke Johnson,0.7083333333333334,0.6666666666666666,0.6666666666666666,0.0,0.0,5.666666666666668,0.0,0.0,0.0,0.0,0.0,18.166666666666668,0.0,0.0,2.3466666666666667,0.0,15.833333333333336,0.0,0.16666666666666666,2.333333333333333,0.0,2.833333333333333,0.0,0.0,5.98561429977417
61,61,QB,Drew Lock (15783294),Drew Lock,15783294,QB,5400,MIA@DEN 11/22/2020 04:05PM ET,15260873,14.05,Drew LockQB15260873,11,Drew Lock,0.0,0.0,0.8333333333333334,9.833333333333334,1.5,3.333333333333333,0.0,67.28333333333335,6.216666666666666,50.65000000000001,1.0,0.0,1.0,18.0,1.725,-11.5,9.666666666666666,206.66666666666663,0.3333333333333333,0.0,-11.5,0.0,0.0,31.83333333333333,13.756370544433594
62,62,WR,Amari Cooper (15783610),Amari Cooper,15783610,WR/FLEX,5400,DAL@MIN 11/22/2020 04:25PM ET,15260870,16.18,Amari CooperWR15260870,11,Amari Cooper,0.6793333333333335,3.7777777777777777,0.0,0.0,0.0,0.3333333333333333,0.2222222222222222,0.0,0.0,0.0,0.0,72.77777777777777,0.0,0.0,1.2222222222222223,0.0,1.2222222222222223,0.0,0.0,6.5555555555555545,0.0,9.222222222222221,0.3333333333333333,0.0,12.341184616088867
63,63,WR,Jerry Jeudy (15783612),Jerry Jeudy,15783612,WR/FLEX,5300,MIA@DEN 11/22/2020 04:05PM ET,15260873,11.58,Jerry JeudyWR15260873,11,Jerry Jeudy,0.490875,3.0,0.0,0.0,0.0,0.0,0.25,0.0,0.0,0.0,0.0,60.5,0.0,0.0,0.0,0.0,0.0,0.0,0.0,3.75,0.0,7.625,0.375,0.0,18.94750213623047
64,64,QB,Gardner Minshew II (15783297),Gardner Minshew II,15783297,QB,5300,PIT@JAX 11/22/2020 01:00PM ET,15260884,21.2,Gardner Minshew IIQB15260884,11,Gardner Minshew II,0.14285714285714285,0.0,1.0,13.571428571428573,3.1428571428571432,3.571428571428572,0.0,96.61428571428571,7.071428571428571,67.51428571428572,0.7142857142857143,0.0,1.8571428571428568,25.142857142857146,4.971428571428572,-18.0,17.428571428571427,265.0,0.14285714285714285,0.14285714285714285,-18.0,0.14285714285714285,0.0,38.142857142857146,20.077247619628906
65,65,WR,Brandin Cooks (15783614),Brandin Cooks,15783614,WR/FLEX,5200,NE@HOU 11/22/2020 01:00PM ET,15260889,13.21,Brandin CooksWR15260889,11,Brandin Cooks,0.5503750000000001,3.0,0.0,0.0,0.0,0.0,0.375,0.0,0.0,0.0,0.0,63.75,0.0,0.0,0.0,0.0,0.0,0.0,0.0,4.625,0.0,7.5,0.375,0.0,15.566170692443848
66,66,RB,Nyheim Hines (15783394),Nyheim Hines,15783394,RB/FLEX,5200,GB@IND 11/22/2020 04:25PM ET,15260867,12.58,Nyheim HinesRB15260867,11,Nyheim Hines,0.7999999999999999,1.5,0.625,0.0,0.0,4.125,0.375,0.0,0.0,0.0,0.0,27.5,0.0,0.0,2.8675,0.0,13.375,0.0,0.125,3.5,0.0,4.375,0.0,0.0,9.837187767028809
67,67,QB,Tyrod Taylor (15783301),Tyrod Taylor,15783301,QB,5200,NYJ@LAC 11/22/2020 04:05PM ET,15260872,4.51,Tyrod TaylorQB15260872,11,Tyrod Taylor,0.0,0.0,1.0,10.0,2.0,6.0,0.0,75.4,6.9,53.3,0.0,0.0,0.0,16.0,1.17,-1.0,7.0,208.0,0.0,0.0,-1.0,0.0,0.0,30.0,11.392375946044922
68,68,RB,J.D. McKissic (15783396),J.D. McKissic,15783396,RB/FLEX,5200,CIN@WAS 11/22/2020 01:00PM ET,15260891,10.28,J.D. McKissicRB15260891,11,J.D. McKissic,0.65225,1.375,1.25,0.0,0.0,4.375,0.0,0.0,0.0,0.0,0.0,31.0,0.0,0.0,4.095,0.0,21.0,0.0,0.0,4.25,0.0,5.875,0.0,0.0,9.1356782913208
69,69,RB,David Johnson (15783402),David Johnson,15783402,RB/FLEX,5100,NE@HOU 11/22/2020 01:00PM ET,15260889,11.99,David JohnsonRB15260889,11,David Johnson,0.573,1.25,2.875,0.0,0.0,12.875,0.125,0.0,0.0,0.0,0.0,20.125,0.0,0.0,4.43125,0.0,51.0,0.0,0.375,2.0,0.0,3.125,0.0,0.0,13.142888069152832
70,70,RB,J.K. Dobbins (15783398),J.K. Dobbins,15783398,RB/FLEX,5100,TEN@BAL 11/22/2020 01:00PM ET,15260866,7.76,J.K. DobbinsRB15260866,11,J.K. Dobbins,0.6875,0.25,1.75,0.0,0.0,6.5,0.0,0.0,0.0,0.0,0.0,10.875,0.0,0.0,10.435,0.0,37.125,0.0,0.25,1.75,0.0,2.25,0.0,0.0,6.0832109451293945
71,71,RB,Melvin Gordon III (15783400),Melvin Gordon III,15783400,RB/FLEX,5100,MIA@DEN 11/22/2020 04:05PM ET,15260873,12.82,Melvin Gordon IIIRB15260873,11,Melvin Gordon,0.7654285714285715,0.42857142857142855,2.571428571428572,0.0,0.0,13.714285714285715,0.14285714285714285,0.0,0.0,0.0,0.0,12.428571428571427,0.0,0.0,3.861428571428572,0.0,56.14285714285714,0.0,0.5714285714285714,2.8571428571428568,0.0,3.8571428571428568,0.0,0.0,21.26598358154297
72,72,QB,Sam Darnold (15783303),Sam Darnold,15783303,QB,5100,NYJ@LAC 11/22/2020 04:05PM ET,15260887,11.27,Sam DarnoldQB15260887,11,Sam Darnold,0.0,0.0,0.8333333333333334,8.166666666666666,3.1666666666666665,3.0,0.0,64.16666666666667,5.433333333333334,58.53333333333333,1.0,0.0,0.5,18.666666666666668,5.458333333333332,-20.666666666666668,23.0,174.16666666666663,0.16666666666666666,0.0,-20.666666666666668,0.0,0.0,31.83333333333333,7.1744890213012695
73,73,WR,Mike Williams (15783616),Mike Williams,15783616,WR/FLEX,5100,NYJ@LAC 11/22/2020 04:05PM ET,15260872,11.15,Mike WilliamsWR15260872,11,Mike Williams,0.6058571428571428,2.142857142857143,0.0,0.0,0.0,0.14285714285714285,0.42857142857142855,0.0,0.0,0.0,0.0,56.14285714285714,0.0,0.0,0.14285714285714285,0.0,0.14285714285714285,0.0,0.0,3.2857142857142856,0.0,5.7142857142857135,0.42857142857142855,0.0,5.313720226287842
74,74,RB,Mark Ingram II (15783404),Mark Ingram II,15783404,RB/FLEX,5000,TEN@BAL 11/22/2020 01:00PM ET,15260866,6.41,Mark Ingram IIRB15260866,11,Mark Ingram,0.2778333333333333,0.16666666666666666,1.6666666666666667,0.0,0.0,8.333333333333334,0.0,0.0,0.0,0.0,0.0,4.166666666666667,0.0,0.0,4.455,0.0,37.5,0.0,0.3333333333333333,0.5,0.0,0.8333333333333334,0.0,0.0,2.997220039367676
75,75,QB,Ryan Fitzpatrick (15783304),Ryan Fitzpatrick,15783304,QB,5000,MIA@DEN 11/22/2020 04:05PM ET,15260890,22.65,Ryan FitzpatrickQB15260890,11,Ryan Fitzpatrick,0.16666666666666666,0.0,1.8333333333333333,13.333333333333336,1.6666666666666667,4.166666666666667,0.0,98.73333333333332,8.0,72.06666666666669,1.1666666666666667,0.0,1.6666666666666667,23.0,5.031666666666666,-8.166666666666666,22.5,255.83333333333331,0.3333333333333333,0.16666666666666666,-8.166666666666666,0.16666666666666666,0.0,32.833333333333336,22.387237548828125
76,76,WR,CeeDee Lamb (15783618),CeeDee Lamb,15783618,WR/FLEX,5000,DAL@MIN 11/22/2020 04:25PM ET,15260870,14.42,CeeDee LambWR15260870,11,CeeDee Lamb,0.629111111111111,3.2222222222222223,0.1111111111111111,0.0,0.0,0.5555555555555556,0.3333333333333333,0.0,0.0,0.0,0.0,66.1111111111111,0.0,0.0,3.6666666666666665,0.0,3.6666666666666665,0.0,0.0,4.888888888888889,0.0,7.5555555555555545,0.6666666666666666,0.0,13.727383613586426
77,77,WR,Emmanuel Sanders (15783622),Emmanuel Sanders,15783622,WR/FLEX,4900,ATL@NO 11/22/2020 01:00PM ET,15260880,12.39,Emmanuel SandersWR15260880,11,Emmanuel Sanders,0.6761666666666667,3.333333333333333,0.0,0.0,0.0,0.0,0.5,0.0,0.0,0.0,0.0,57.0,0.0,0.0,0.0,0.0,0.0,0.0,0.0,5.0,0.0,6.833333333333332,0.5,0.0,17.971256256103516
78,78,TE,Mark Andrews (15783866),Mark Andrews,15783866,TE/FLEX,4900,TEN@BAL 11/22/2020 01:00PM ET,15260866,10.98,Mark AndrewsTE15260866,11,Mark Andrews,0.601,2.375,0.0,0.0,0.0,0.0,0.625,0.0,0.0,0.0,0.0,37.125,0.0,0.0,0.0,0.0,0.0,0.0,0.0,3.25,0.0,5.5,0.0,0.0,15.264813423156738
79,79,QB,Dwayne Haskins Jr. (15783308),Dwayne Haskins Jr.,15783308,QB,4900,CIN@WAS 11/22/2020 01:00PM ET,15260891,15.14,Dwayne Haskins Jr.QB15260891,11,Dwayne Haskins,0.0,0.0,0.75,12.5,3.25,3.25,0.0,80.0,6.4,60.075,0.75,0.0,1.0,22.25,3.1075,-25.25,7.5,234.75,0.25,0.0,-25.25,0.0,0.0,36.5,18.83943748474121
80,80,QB,Taysom Hill (15783312),Taysom Hill,15783312,QB,4800,ATL@NO 11/22/2020 01:00PM ET,15260880,5.05,Taysom HillQB15260880,11,Taysom Hill,0.625,0.375,1.125,0.375,0.0,3.25,0.125,44.55,7.75,37.5,0.0,9.25,0.0,0.5,4.79625,0.0,17.625,10.75,0.125,0.75,0.0,1.0,0.0,0.625,2.3622679710388184
81,81,WR,Marquez Valdes-Scantling (15783626),Marquez Valdes-Scantling,15783626,WR/FLEX,4800,GB@IND 11/22/2020 04:25PM ET,15260875,10.73,Marquez Valdes-ScantlingWR15260875,11,Marquez Valdes-Scantling,0.49325,1.75,0.125,0.0,0.0,0.25,0.375,0.0,0.0,0.0,0.0,39.25,0.0,0.0,1.625,0.0,1.625,0.0,0.0,2.25,0.0,4.875,0.0,0.0,10.198199272155762
82,82,WR,Corey Davis (15783624),Corey Davis,15783624,WR/FLEX,4800,TEN@BAL 11/22/2020 01:00PM ET,15260871,14.51,Corey DavisWR15260871,11,Corey Davis,0.618,3.6666666666666665,0.0,0.0,0.0,0.0,0.5,0.0,0.0,0.0,0.0,61.5,0.0,0.0,0.0,0.0,0.0,0.0,0.0,4.833333333333333,0.0,7.0,1.0,0.0,13.123659133911133
83,83,WR,Tim Patrick (15783628),Tim Patrick,15783628,WR/FLEX,4800,MIA@DEN 11/22/2020 04:05PM ET,15260873,12.42,Tim PatrickWR15260873,11,Tim Patrick,0.6787142857142857,2.4285714285714284,0.0,0.0,0.0,0.0,0.42857142857142855,0.0,0.0,0.0,0.0,54.714285714285715,0.0,0.0,0.0,0.0,0.0,0.0,0.0,3.8571428571428568,0.0,6.0,0.8571428571428571,0.0,11.377418518066406
84,84,WR,Curtis Samuel (15783630),Curtis Samuel,15783630,WR/FLEX,4700,DET@CAR 11/22/2020 01:00PM ET,15260878,12.92,Curtis SamuelWR15260878,11,Curtis Samuel,0.896875,2.5,0.625,0.0,0.0,2.75,0.25,0.0,0.0,0.0,0.0,45.875,0.0,0.0,4.46875,0.0,13.0,0.0,0.25,4.75,0.0,5.375,0.375,0.0,12.444533348083496
85,85,TE,Jonnu Smith (15783868),Jonnu Smith,15783868,TE/FLEX,4700,TEN@BAL 11/22/2020 01:00PM ET,15260871,11.1,Jonnu SmithTE15260871,11,Jonnu Smith,0.6825,2.0,0.0,0.0,0.0,0.0,0.75,0.0,0.0,0.0,0.0,38.0,0.0,0.0,0.0,0.0,0.0,0.0,0.0,3.0,0.0,4.625,0.0,0.0,12.390973091125488
86,86,RB,Rex Burkhead (15783408),Rex Burkhead,15783408,RB/FLEX,4600,NE@HOU 11/22/2020 01:00PM ET,15260865,11.6,Rex BurkheadRB15260865,11,Rex Burkhead,0.639625,1.0,2.0,0.0,0.0,7.125,0.125,0.0,0.0,0.0,0.0,19.0,0.0,0.0,3.995,0.0,29.5,0.0,0.375,2.375,0.0,3.125,0.0,0.0,11.296669006347656
87,87,WR,Allen Lazard (15783638),Allen Lazard,15783638,WR/FLEX,4600,GB@IND 11/22/2020 04:25PM ET,15260875,18.37,Allen LazardWR15260875,11,Allen Lazard,0.7833333333333333,3.6666666666666665,0.3333333333333333,0.0,0.0,0.6666666666666666,0.6666666666666666,0.0,0.0,0.0,0.0,84.66666666666667,0.0,0.0,5.666666666666668,0.0,5.666666666666668,0.0,0.0,4.333333333333333,0.0,5.666666666666668,1.0,0.0,3.820636510848999
88,88,TE,Hunter Henry (15783870),Hunter Henry,15783870,TE/FLEX,4600,NYJ@LAC 11/22/2020 04:05PM ET,15260872,9.74,Hunter HenryTE15260872,11,Hunter Henry,0.6361249999999999,2.375,0.0,0.0,0.0,0.0,0.125,0.0,0.0,0.0,0.0,44.625,0.0,0.0,0.0,0.0,0.0,0.0,0.0,4.125,0.0,6.625,0.0,0.0,6.721225261688232
89,89,WR,Rashard Higgins (15783632),Rashard Higgins,15783632,WR/FLEX,4500,PHI@CLE 11/22/2020 01:00PM ET,15260885,8.75,Rashard HigginsWR15260885,11,Rashard Higgins,0.7666000000000001,1.6,0.0,0.0,0.0,0.0,0.4,0.0,0.0,0.0,0.0,35.4,0.0,0.0,0.0,0.0,0.0,0.0,0.0,2.4,0.0,3.0,0.6,0.0,17.369049072265625
90,90,WR,Michael Pittman Jr. (15783636),Michael Pittman Jr.,15783636,WR/FLEX,4500,GB@IND 11/22/2020 04:25PM ET,15260867,8.28,Michael Pittman Jr.WR15260867,11,Michael Pittman Jr.,0.7975999999999999,1.6,0.0,0.0,0.0,0.0,0.0,0.0,0.0,0.0,0.0,27.0,0.0,0.0,0.0,0.0,0.0,0.0,0.0,2.8,0.0,4.0,0.0,0.0,8.767441749572754
91,91,RB,Gus Edwards (15783412),Gus Edwards,15783412,RB/FLEX,4500,TEN@BAL 11/22/2020 01:00PM ET,15260866,6.8,Gus EdwardsRB15260866,11,Gus Edwards,0.125,0.0,2.625,0.0,0.0,9.375,0.0,0.0,0.0,0.0,0.0,1.375,0.0,0.0,4.8100000000000005,0.0,41.0,0.0,0.375,0.25,0.0,0.75,0.0,0.0,2.7948482036590576
92,92,WR,Willie Snead IV (15783640),Willie Snead IV,15783640,WR/FLEX,4500,TEN@BAL 11/22/2020 01:00PM ET,15260866,9.07,Willie Snead IVWR15260866,11,Willie Snead,0.77675,1.75,0.0,0.0,0.0,0.0,0.125,0.0,0.0,0.0,0.0,36.5,0.0,0.0,0.0,0.0,0.0,0.0,0.0,2.5,0.0,3.25,0.375,0.0,14.089542388916016
93,93,RB,Phillip Lindsay (15783410),Phillip Lindsay,15783410,RB/FLEX,4500,MIA@DEN 11/22/2020 04:05PM ET,15260873,7.27,Phillip LindsayRB15260873,11,Phillip Lindsay,0.2666,0.2,1.6,0.0,0.0,10.6,0.0,0.0,0.0,0.0,0.0,2.8,0.0,0.0,6.662000000000001,0.0,62.0,0.0,0.2,0.4,0.0,1.4,0.0,0.0,7.548364162445068
94,94,TE,Noah Fant (15783872),Noah Fant,15783872,TE/FLEX,4500,MIA@DEN 11/22/2020 04:05PM ET,15260873,10.71,Noah FantTE15260873,11,Noah Fant,0.7390000000000001,2.142857142857143,0.0,0.0,0.0,0.0,0.2857142857142857,0.0,0.0,0.0,0.0,49.85714285714285,0.0,0.0,0.0,0.0,0.0,0.0,0.0,4.571428571428571,0.0,6.571428571428571,0.0,0.0,6.531157493591309
95,95,TE,Hayden Hurst (15783874),Hayden Hurst,15783874,TE/FLEX,4400,ATL@NO 11/22/2020 01:00PM ET,15260883,10.68,Hayden HurstTE15260883,11,Hayden Hurst,0.6671111111111111,2.555555555555556,0.0,0.0,0.0,0.0,0.3333333333333333,0.0,0.0,0.0,0.0,45.66666666666666,0.0,0.0,0.0,0.0,0.0,0.0,0.0,4.111111111111111,0.0,6.0,0.0,0.0,4.429066181182861
96,96,WR,Zach Pascal (15783642),Zach Pascal,15783642,WR/FLEX,4400,GB@IND 11/22/2020 04:25PM ET,15260867,8.11,Zach PascalWR15260867,11,Zach Pascal,0.6495,1.625,0.0,0.0,0.0,0.0,0.25,4.95,0.0,0.0,0.0,37.125,0.0,0.0,0.0,0.0,0.0,0.0,0.0,3.0,0.0,5.0,0.0,0.125,4.089384078979492
97,97,QB,Robert Griffin III (15783320),Robert Griffin III,15783320,QB,4400,TEN@BAL 11/22/2020 01:00PM ET,15260866,-0.18,Robert Griffin IIIQB15260866,11,Robert Griffin III,0.0,0.0,0.0,0.3333333333333333,0.0,1.6666666666666667,0.0,34.73333333333333,3.0,33.333333333333336,0.3333333333333333,0.0,0.0,0.3333333333333333,-0.3333333333333333,0.0,0.3333333333333333,3.0,0.0,0.0,0.0,0.0,0.0,0.6666666666666666,0.09375414252281189
98,98,WR,Preston Williams (15783634),Preston Williams,15783634,WR/FLEX,4400,MIA@DEN 11/22/2020 04:05PM ET,15260890,9.72,Preston WilliamsWR15260890,11,Preston Williams,0.56075,1.75,0.0,0.0,0.0,0.0,0.5,0.0,0.0,0.0,0.0,36.0,0.0,0.0,0.0,0.0,0.0,0.0,0.0,2.25,0.0,4.375,0.375,0.0,17.82025146484375
99,99,WR,Jalen Reagor (15783646),Jalen Reagor,15783646,WR/FLEX,4300,PHI@CLE 11/22/2020 01:00PM ET,15260862,9.12,Jalen ReagorWR15260862,11,Jalen Reagor,0.5833333333333334,1.6666666666666667,0.0,0.0,0.0,0.3333333333333333,0.3333333333333333,0.0,0.0,0.0,0.0,37.333333333333336,0.0,0.0,2.0,0.0,2.0,0.0,0.0,2.6666666666666665,0.0,4.666666666666667,0.0,0.0,7.68974494934082
100,100,WR,Julian Edelman (15783644),Julian Edelman,15783644,WR/FLEX,4300,NE@HOU 11/22/2020 01:00PM ET,15260865,9.87,Julian EdelmanWR15260865,11,Julian Edelman,0.4900000000000001,3.0,0.16666666666666666,0.3333333333333333,0.0,0.3333333333333333,0.0,19.8,3.1666666666666665,16.666666666666668,0.0,52.5,0.0,0.3333333333333333,3.6666666666666665,0.0,3.6666666666666665,6.333333333333332,0.0,3.5,0.0,6.5,0.5,0.3333333333333333,3.0376062393188477
101,101,TE,Mike Gesicki (15783876),Mike Gesicki,15783876,TE/FLEX,4300,MIA@DEN 11/22/2020 04:05PM ET,15260890,8.46,Mike GesickiTE15260890,11,Mike Gesicki,0.5095,2.0,0.0,0.0,0.0,0.0,0.25,0.0,0.0,0.0,0.0,41.375,0.0,0.0,0.0,0.0,0.0,0.0,0.0,2.75,0.0,4.5,0.375,0.0,12.032461166381836
102,102,RB,Justin Jackson (15783416),Justin Jackson,15783416,RB/FLEX,4300,NYJ@LAC 11/22/2020 04:05PM ET,15260872,9.32,Justin JacksonRB15260872,11,Justin Jackson,0.6532,1.2,1.8,0.0,0.0,9.0,0.0,0.0,0.0,0.0,0.0,26.2,0.0,0.0,3.1740000000000004,0.0,37.0,0.0,0.0,3.0,0.0,3.8,0.0,0.0,8.985482215881348
103,103,WR,Breshad Perriman (15783648),Breshad Perriman,15783648,WR/FLEX,4300,NYJ@LAC 11/22/2020 04:05PM ET,15260887,10.58,Breshad PerrimanWR15260887,11,Breshad Perriman,0.7628,2.2,0.0,0.0,0.0,0.0,0.4,0.0,0.0,0.0,0.0,43.8,0.0,0.0,0.0,0.0,0.0,0.0,0.0,3.2,0.0,4.8,0.6,0.0,11.270967483520508
104,104,TE,T.J. Hockenson (15783878),T.J. Hockenson,15783878,TE/FLEX,4200,DET@CAR 11/22/2020 01:00PM ET,15260874,11.7,T.J. HockensonTE15260874,11,T.J. Hockenson,0.703625,2.75,0.0,0.0,0.0,0.0,0.625,0.0,0.0,0.0,0.0,45.0,0.0,0.0,0.0,0.0,0.0,0.0,0.0,4.25,0.0,6.125,0.0,0.0,5.753418922424316
105,105,RB,James White (15783418),James White,15783418,RB/FLEX,4200,NE@HOU 11/22/2020 01:00PM ET,15260865,7.49,James WhiteRB15260865,11,James White,0.8440000000000001,1.5,0.5,0.0,0.0,2.6666666666666665,0.0,0.0,0.0,0.0,0.0,32.5,0.0,0.0,2.2333333333333334,0.0,8.5,0.0,0.0,4.166666666666667,0.0,5.0,0.0,0.0,7.760851860046387
106,106,WR,T.Y. Hilton (15783650),T.Y. Hilton,15783650,WR/FLEX,4200,GB@IND 11/22/2020 04:25PM ET,15260867,6.89,T.Y. HiltonWR15260867,11,T.Y. Hilton,0.6348571428571429,1.8571428571428568,0.0,0.0,0.0,0.0,0.0,0.0,0.0,0.0,0.0,35.857142857142854,0.0,0.0,0.0,0.0,0.0,0.0,0.0,3.1428571428571432,0.0,5.571428571428571,0.0,0.0,20.530166625976562
107,107,TE,Jared Cook (15783880),Jared Cook,15783880,TE/FLEX,4100,ATL@NO 11/22/2020 01:00PM ET,15260880,8.99,Jared CookTE15260880,11,Jared Cook,0.6541428571428571,2.0,0.0,0.0,0.0,0.0,0.5714285714285714,0.0,0.0,0.0,0.0,39.857142857142854,0.0,0.0,0.0,0.0,0.0,0.0,0.0,3.0,0.0,4.571428571428571,0.0,0.0,15.642119407653809
108,108,QB,Tim Boyle (15783326),Tim Boyle,15783326,QB,4100,GB@IND 11/22/2020 04:25PM ET,15260875,-0.1,Tim BoyleQB15260875,11,Tim Boyle,0.0,0.0,0.0,0.0,0.0,1.6,0.0,0.0,0.0,0.0,0.0,0.0,0.0,0.0,-0.8,0.0,-1.2,0.0,0.0,0.0,0.0,0.0,0.0,0.0,-0.06439954042434692
109,109,RB,Frank Gore (15783420),Frank Gore,15783420,RB/FLEX,4100,NYJ@LAC 11/22/2020 04:05PM ET,15260887,5.71,Frank GoreRB15260887,11,Frank Gore,0.3888888888888889,0.0,2.333333333333333,0.0,0.0,12.0,0.0,0.0,0.0,0.0,0.0,5.333333333333333,0.0,0.0,3.655555555555555,0.0,42.888888888888886,0.0,0.0,0.8888888888888888,0.0,1.2222222222222223,0.0,0.0,6.753829479217529
110,110,RB,Ty Montgomery (15783548),Ty Montgomery,15783548,RB/FLEX,4000,ATL@NO 11/22/2020 01:00PM ET,15260880,2.05,Ty MontgomeryRB15260880,11,Ty Montgomery,0.3335,0.5,0.0,0.0,0.0,0.5,0.0,0.0,0.0,0.0,0.0,12.5,0.0,0.0,-2.0,0.0,-2.0,0.0,0.0,1.0,0.0,1.5,0.0,0.0,2.0544862747192383
111,111,RB,Brian Hill (15783552),Brian Hill,15783552,RB/FLEX,4000,ATL@NO 11/22/2020 01:00PM ET,15260883,6.27,Brian HillRB15260883,11,Brian Hill,0.7777777777777778,0.3333333333333333,1.4444444444444444,0.0,0.0,6.222222222222222,0.0,0.0,0.0,0.0,0.0,12.333333333333336,0.0,0.0,4.0455555555555565,0.0,27.0,0.0,0.1111111111111111,1.7777777777777777,0.0,2.2222222222222223,0.0,0.0,6.279346942901611
112,112,RB,Ito Smith (15783556),Ito Smith,15783556,RB/FLEX,4000,ATL@NO 11/22/2020 01:00PM ET,15260883,2.2,Ito SmithRB15260883,11,Ito Smith,0.42857142857142855,0.2857142857142857,0.0,0.0,0.0,1.7142857142857142,0.0,0.0,0.0,0.0,0.0,6.142857142857142,0.0,0.0,2.357142857142857,0.0,5.857142857142858,0.0,0.0,1.0,0.0,1.4285714285714286,0.0,0.0,3.4135801792144775
113,113,RB,Alex Armah (15783536),Alex Armah,15783536,RB/FLEX,4000,DET@CAR 11/22/2020 01:00PM ET,15260878,0.56,Alex ArmahRB15260878,11,Alex Armah,0.16666666666666666,0.16666666666666666,0.6666666666666666,0.0,0.0,0.8333333333333334,0.0,0.0,0.0,0.0,0.0,2.333333333333333,0.0,0.0,0.9166666666666666,0.0,1.0,0.0,0.0,0.16666666666666666,0.0,0.5,0.0,0.0,3.556950330734253
114,114,RB,Adrian Peterson (15783538),Adrian Peterson,15783538,RB/FLEX,4000,DET@CAR 11/22/2020 01:00PM ET,15260874,7.54,Adrian PetersonRB15260874,11,Adrian Peterson,0.7,0.375,2.25,0.0,0.0,11.625,0.0,0.0,0.0,0.0,0.0,8.625,0.0,0.0,3.69,0.0,43.75,0.0,0.25,1.25,0.0,1.75,0.0,0.0,9.06216049194336
115,115,RB,Kerryon Johnson (15783540),Kerryon Johnson,15783540,RB/FLEX,4000,DET@CAR 11/22/2020 01:00PM ET,15260874,4.89,Kerryon JohnsonRB15260874,11,Kerryon Johnson,0.6428571428571429,0.7142857142857143,0.8571428571428571,0.0,0.0,4.142857142857143,0.14285714285714285,0.0,0.0,0.0,0.0,11.285714285714285,0.0,0.0,3.404285714285714,0.0,15.571428571428573,0.0,0.14285714285714285,1.1428571428571428,0.0,1.4285714285714286,0.0,0.0,6.976336479187012
116,116,RB,Corey Clement (15783520),Corey Clement,15783520,RB/FLEX,4000,PHI@CLE 11/22/2020 01:00PM ET,15260862,2.66,Corey ClementRB15260862,11,Corey Clement,0.5,0.4,0.4,0.0,0.0,3.6,0.0,0.0,0.0,0.0,0.0,3.6,0.0,0.0,3.3280000000000003,0.0,12.6,0.0,0.0,0.8,0.0,1.0,0.0,0.0,3.4039125442504883
117,117,RB,Jason Huntley (15783522),Jason Huntley,15783522,RB/FLEX,4000,PHI@CLE 11/22/2020 01:00PM ET,15260862,0.47,Jason HuntleyRB15260862,11,Jason Huntley,0.0,0.0,0.5,0.0,0.0,1.5,0.0,0.0,0.0,0.0,0.0,0.0,0.0,0.0,3.75,0.0,7.0,0.0,0.0,0.0,0.0,0.5,0.0,0.0,6.458254337310791
118,118,RB,D'Ernest Johnson (15783524),D'Ernest Johnson,15783524,RB/FLEX,4000,PHI@CLE 11/22/2020 01:00PM ET,15260885,2.44,D'Ernest JohnsonRB15260885,11,D'Ernest Johnson,0.3333333333333333,0.0,1.0,0.0,0.0,4.833333333333333,0.0,0.0,0.0,0.0,0.0,1.5,0.0,0.0,3.76,0.0,23.66666666666667,0.0,0.0,0.3333333333333333,0.0,0.5,0.0,0.0,3.216182231903076
119,119,WR,Greg Ward (15783652),Greg Ward,15783652,WR/FLEX,4000,PHI@CLE 11/22/2020 01:00PM ET,15260862,9.42,Greg WardWR15260862,11,Greg Ward,0.7389999999999999,1.75,0.0,0.0,0.0,0.25,0.375,0.0,0.0,0.0,0.0,30.375,0.0,0.0,-0.5,0.0,-0.5,0.0,0.0,4.0,0.0,5.625,0.0,0.0,2.897007465362549
120,120,RB,Sony Michel (15783428),Sony Michel,15783428,RB/FLEX,4000,NE@HOU 11/22/2020 01:00PM ET,15260865,10.2,Sony MichelRB15260865,11,Sony Michel,0.3333333333333333,0.3333333333333333,2.333333333333333,0.0,0.0,8.666666666666666,0.0,0.0,0.0,0.0,0.0,7.666666666666668,0.0,0.0,6.47,0.0,57.66666666666666,0.0,0.3333333333333333,0.6666666666666666,0.0,1.0,0.0,0.0,5.6234354972839355
121,121,RB,J.J. Taylor (15783508),J.J. Taylor,15783508,RB/FLEX,4000,NE@HOU 11/22/2020 01:00PM ET,15260865,2.8,J.J. TaylorRB15260865,11,J.J. Taylor,0.3333333333333333,0.0,1.3333333333333333,0.0,0.0,5.333333333333333,0.0,0.0,0.0,0.0,0.0,1.3333333333333333,0.0,0.0,3.303333333333333,0.0,23.33333333333333,0.0,0.0,0.3333333333333333,0.0,0.6666666666666666,0.0,0.0,5.37336540222168
122,122,RB,Marlon Mack (15783500),Marlon Mack,15783500,RB/FLEX,4000,GB@IND 11/22/2020 04:25PM ET,15260867,8.6,Marlon MackRB15260867,11,Marlon Mack,1.0,1.0,2.0,0.0,0.0,4.0,0.0,0.0,0.0,0.0,0.0,30.0,0.0,0.0,6.5,0.0,26.0,0.0,0.0,3.0,0.0,3.0,0.0,0.0,1.9735276699066162
123,123,RB,Tyler Ervin (15783502),Tyler Ervin,15783502,RB/FLEX,4000,GB@IND 11/22/2020 04:25PM ET,15260875,3.73,Tyler ErvinRB15260875,11,Tyler Ervin,0.7721666666666667,1.0,0.6666666666666666,0.0,0.0,2.0,0.0,0.0,0.0,0.0,0.0,13.5,0.0,0.0,3.4450000000000003,0.0,11.166666666666664,0.0,0.0,1.6666666666666667,0.0,2.333333333333333,0.0,0.0,2.899233818054199
124,124,RB,AJ Dillon (15783504),AJ Dillon,15783504,RB/FLEX,4000,GB@IND 11/22/2020 04:25PM ET,15260875,2.05,AJ DillonRB15260875,11,AJ Dillon,0.16666666666666666,0.16666666666666666,0.5,0.0,0.0,3.8333333333333335,0.0,0.0,0.0,0.0,0.0,2.6666666666666665,0.0,0.0,4.333333333333333,0.0,16.166666666666668,0.0,0.0,0.16666666666666666,0.0,0.16666666666666666,0.0,0.0,2.940234899520874
125,125,RB,Patrick Ricard (15783486),Patrick Ricard,15783486,RB/FLEX,4000,TEN@BAL 11/22/2020 01:00PM ET,15260866,1.8,Patrick RicardRB15260866,11,Patrick Ricard,0.625,0.5,0.0,0.0,0.0,0.25,0.25,0.0,0.0,0.0,0.0,4.25,0.0,0.0,-0.25,0.0,-0.25,0.0,0.0,0.75,0.0,1.25,0.0,0.0,2.2904090881347656
126,126,RB,Khari Blasingame (15783496),Khari Blasingame,15783496,RB/FLEX,4000,TEN@BAL 11/22/2020 01:00PM ET,15260871,1.32,Khari BlasingameRB15260871,11,Khari Blasingame,0.6666666666666666,0.0,0.0,0.0,0.0,0.0,0.0,0.0,0.0,0.0,0.0,3.333333333333333,0.0,0.0,0.0,0.0,0.0,0.0,0.0,0.6666666666666666,0.0,1.0,0.0,0.0,9.723664283752441
127,127,RB,Matt Breida (15783422),Matt Breida,15783422,RB/FLEX,4000,MIA@DEN 11/22/2020 04:05PM ET,15260890,3.96,Matt BreidaRB15260890,11,Matt Breida,0.5,0.5714285714285714,0.5714285714285714,0.0,0.0,5.285714285714286,0.0,0.0,0.0,0.0,0.0,11.285714285714285,0.0,0.0,3.2685714285714287,0.0,18.285714285714285,0.0,0.0,1.0,0.0,1.1428571428571428,0.0,0.0,4.792791366577148
128,128,RB,Jordan Howard (15783424),Jordan Howard,15783424,RB/FLEX,4000,MIA@DEN 11/22/2020 04:05PM ET,15260890,5.6,Jordan HowardRB15260890,11,Jordan Howard,0.2,0.0,1.2,0.0,0.0,5.6,0.0,0.0,0.0,0.0,0.0,-0.6,0.0,0.0,0.982,0.0,6.6,0.0,0.8,0.2,0.0,0.2,0.0,0.0,7.560494422912598
129,129,RB,Patrick Laird (15783472),Patrick Laird,15783472,RB/FLEX,4000,MIA@DEN 11/22/2020 04:05PM ET,15260890,2.15,Patrick LairdRB15260890,11,Patrick Laird,1.0,0.3333333333333333,0.0,0.0,0.0,0.3333333333333333,0.0,0.0,0.0,0.0,0.0,9.333333333333334,0.0,0.0,-0.3333333333333333,0.0,-0.3333333333333333,0.0,0.0,1.3333333333333333,0.0,1.3333333333333333,0.0,0.0,4.8543219566345215
130,130,RB,Royce Freeman (15783478),Royce Freeman,15783478,RB/FLEX,4000,MIA@DEN 11/22/2020 04:05PM ET,15260873,3.46,Royce FreemanRB15260873,11,Royce Freeman,0.75,0.5,1.0,0.0,0.0,3.333333333333333,0.0,0.0,0.0,0.0,0.0,9.666666666666666,0.0,0.0,2.986666666666667,0.0,11.333333333333336,0.0,0.0,1.1666666666666667,0.0,1.3333333333333333,0.0,0.0,6.105134963989258
131,131,RB,Chris Thompson (15783452),Chris Thompson,15783452,RB/FLEX,4000,PIT@JAX 11/22/2020 01:00PM ET,15260884,7.1,Chris ThompsonRB15260884,11,Chris Thompson,0.8888333333333334,0.8333333333333334,0.16666666666666666,0.0,0.0,1.1666666666666667,0.16666666666666666,0.0,0.0,0.0,0.0,24.33333333333333,0.0,0.0,1.9166666666666667,0.0,3.333333333333333,0.0,0.0,3.333333333333333,0.0,3.8333333333333335,0.0,0.0,5.326969623565674
132,132,RB,Jaylen Samuels (15783462),Jaylen Samuels,15783462,RB/FLEX,4000,PIT@JAX 11/22/2020 01:00PM ET,15260860,0.55,Jaylen SamuelsRB15260860,11,Jaylen Samuels,0.3,0.2,0.0,0.0,0.0,0.6,0.0,0.0,0.0,0.0,0.0,1.0,0.0,0.0,1.6,0.0,1.6,0.0,0.0,0.4,0.0,1.0,0.0,0.0,2.3562631607055664
133,133,RB,Benny Snell Jr. (15783464),Benny Snell Jr.,15783464,RB/FLEX,4000,PIT@JAX 11/22/2020 01:00PM ET,15260860,4.25,Benny Snell Jr.RB15260860,11,Benny Snell Jr.,0.2857142857142857,0.0,1.4285714285714286,0.0,0.0,6.7142857142857135,0.0,0.0,0.0,0.0,0.0,0.0,0.0,0.0,2.2942857142857136,0.0,24.0,0.0,0.2857142857142857,0.2857142857142857,0.0,0.42857142857142855,0.0,0.0,6.455559730529785
134,134,TE,Eric Ebron (15783882),Eric Ebron,15783882,TE/FLEX,4000,PIT@JAX 11/22/2020 01:00PM ET,15260860,8.92,Eric EbronTE15260860,11,Eric Ebron,0.649625,2.0,0.0,0.0,0.0,0.0,0.375,0.0,0.0,0.0,0.0,35.625,0.0,0.0,0.0,0.0,0.0,0.0,0.0,3.625,0.0,5.375,0.0,0.0,6.482570171356201
135,135,RB,Joshua Kelley (15783426),Joshua Kelley,15783426,RB/FLEX,4000,NYJ@LAC 11/22/2020 04:05PM ET,15260872,7.6,Joshua KelleyRB15260872,11,Joshua Kelley,0.875,1.0,2.0,0.0,0.0,11.375,0.0,0.0,0.0,0.0,0.0,17.625,0.0,0.0,3.335,0.0,36.5,0.0,0.125,2.375,0.0,2.375,0.0,0.0,7.150563716888428
136,136,RB,Peyton Barber (15783438),Peyton Barber,15783438,RB/FLEX,4000,CIN@WAS 11/22/2020 01:00PM ET,15260891,3.41,Peyton BarberRB15260891,11,Peyton Barber,0.16666666666666666,0.0,1.3333333333333333,0.0,0.0,6.333333333333332,0.0,0.0,0.0,0.0,0.0,0.6666666666666666,0.0,0.0,1.88,0.0,13.5,0.0,0.3333333333333333,0.16666666666666666,0.0,0.3333333333333333,0.0,0.0,8.374505996704102
137,137,QB,Dak Prescott (15783328),Dak Prescott,15783328,QB,4000,DAL@MIN 11/22/2020 04:25PM ET,15260870,30.33,Dak PrescottQB15260870,11,Dak Prescott,0.2,0.2,1.6,18.6,2.0,3.6,0.2,95.82,8.26,67.74,0.8,2.2,1.8,30.2,5.486000000000001,-13.2,18.6,371.2,0.6,0.2,-13.2,0.2,0.0,44.4,16.00613784790039
138,138,WR,Russell Gage (15783654),Russell Gage,15783654,WR/FLEX,3900,ATL@NO 11/22/2020 01:00PM ET,15260883,9.08,Russell GageWR15260883,11,Russell Gage,0.6675555555555556,2.7777777777777777,0.0,0.0,0.0,0.1111111111111111,0.1111111111111111,4.4,0.0,0.0,0.0,42.111111111111114,0.0,0.0,-0.2222222222222222,0.0,-0.2222222222222222,0.0,0.0,3.888888888888889,0.0,5.777777777777778,0.3333333333333333,0.1111111111111111,5.774356365203857
139,139,TE,Austin Hooper (15783884),Austin Hooper,15783884,TE/FLEX,3900,PHI@CLE 11/22/2020 01:00PM ET,15260885,7.23,Austin HooperTE15260885,11,Austin Hooper,0.7161666666666666,2.0,0.0,0.0,0.0,0.0,0.16666666666666666,0.0,0.0,0.0,0.0,34.166666666666664,0.0,0.0,0.0,0.0,0.0,0.0,0.0,3.6666666666666665,0.0,5.5,0.0,0.0,5.181548118591309
140,140,WR,Marvin Hall (15783656),Marvin Hall,15783656,WR/FLEX,3800,DET@CAR 11/22/2020 01:00PM ET,15260874,5.88,Marvin HallWR15260874,11,Marvin Hall,0.38157142857142856,1.0,0.0,0.0,0.0,0.14285714285714285,0.14285714285714285,0.0,0.0,0.0,0.0,28.142857142857146,0.0,0.0,0.14285714285714285,0.0,0.14285714285714285,0.0,0.0,1.4285714285714286,0.0,2.8571428571428568,0.42857142857142855,0.0,5.621107578277588
141,141,TE,Dallas Goedert (15783886),Dallas Goedert,15783886,TE/FLEX,3800,PHI@CLE 11/22/2020 01:00PM ET,15260862,9.12,Dallas GoedertTE15260862,11,Dallas Goedert,0.8472500000000001,2.0,0.0,0.0,0.0,0.0,0.25,0.0,0.0,0.0,0.0,38.25,0.0,0.0,0.0,0.0,0.0,0.0,0.0,3.5,0.0,4.75,0.75,0.0,3.200068712234497
142,142,WR,Keelan Cole (15783658),Keelan Cole,15783658,WR/FLEX,3800,PIT@JAX 11/22/2020 01:00PM ET,15260884,12.21,Keelan ColeWR15260884,11,Keelan Cole,0.6655,2.25,0.0,0.0,0.0,0.125,0.375,0.0,0.0,0.0,0.0,47.5,0.0,0.0,0.25,0.0,0.25,0.0,0.0,3.625,0.0,5.25,0.375,0.0,8.523258209228516
143,143,WR,Danny Amendola (15783662),Danny Amendola,15783662,WR/FLEX,3700,DET@CAR 11/22/2020 01:00PM ET,15260874,7.7,Danny AmendolaWR15260874,11,Danny Amendola,0.639625,2.375,0.125,0.0,0.0,0.125,0.0,0.0,0.0,0.0,0.0,50.125,0.0,0.0,0.25,0.0,0.25,0.0,0.0,3.125,0.0,5.125,0.0,0.0,7.147275447845459
144,144,TE,Zach Ertz (15783888),Zach Ertz,15783888,TE/FLEX,3700,PHI@CLE 11/22/2020 01:00PM ET,15260862,8.3,Zach ErtzTE15260862,11,Zach Ertz,0.5349999999999999,1.6666666666666667,0.0,0.0,0.0,0.0,0.16666666666666666,0.0,0.0,0.0,0.0,29.66666666666667,0.0,0.0,0.0,0.0,0.0,0.0,0.0,4.0,0.0,7.5,0.0,0.0,3.6208109855651855
145,145,WR,Michael Gallup (15783660),Michael Gallup,15783660,WR/FLEX,3700,DAL@MIN 11/22/2020 04:25PM ET,15260870,9.42,Michael GallupWR15260870,11,Michael Gallup,0.4902222222222224,2.4444444444444446,0.0,0.0,0.0,0.0,0.1111111111111111,0.0,0.0,0.0,0.0,52.0,0.0,0.0,0.0,0.0,0.0,0.0,0.0,3.2222222222222223,0.0,6.111111111111112,0.3333333333333333,0.0,7.22520112991333
146,146,WR,N'Keal Harry (15783666),N'Keal Harry,15783666,WR/FLEX,3600,NE@HOU 11/22/2020 01:00PM ET,15260865,6.9,N'Keal HarryWR15260865,11,N'Keal Harry,0.5,1.6666666666666667,0.0,0.0,0.0,0.16666666666666666,0.16666666666666666,0.0,0.0,0.0,0.0,28.66666666666667,0.0,0.0,0.3333333333333333,0.0,0.3333333333333333,0.0,0.0,3.1666666666666665,0.0,5.333333333333333,0.0,0.0,5.5186848640441895
147,147,WR,Randall Cobb (15783668),Randall Cobb,15783668,WR/FLEX,3600,NE@HOU 11/22/2020 01:00PM ET,15260889,10.16,Randall CobbWR15260889,11,Randall Cobb,0.80625,2.125,0.0,0.0,0.0,0.0,0.25,4.95,0.0,0.0,0.0,49.125,0.0,0.0,0.0,0.0,0.0,0.0,0.0,4.125,0.0,5.125,0.0,0.125,11.089211463928223
148,148,WR,Laviska Shenault Jr. (15783670),Laviska Shenault Jr.,15783670,WR/FLEX,3600,PIT@JAX 11/22/2020 01:00PM ET,15260884,9.21,Laviska Shenault Jr.WR15260884,11,Laviska Shenault Jr.,0.8087500000000001,2.375,0.5,0.0,0.0,1.375,0.125,0.0,0.0,0.0,0.0,40.375,0.0,0.0,2.425,0.0,6.75,0.0,0.0,3.75,0.0,4.875,0.0,0.0,15.393125534057617
149,149,WR,A.J. Green (15783674),A.J. Green,15783674,WR/FLEX,3600,CIN@WAS 11/22/2020 01:00PM ET,15260869,6.96,A.J. GreenWR15260869,11,A.J. Green,0.435625,2.625,0.0,0.0,0.0,0.0,0.0,0.0,0.0,0.0,0.0,39.5,0.0,0.0,0.0,0.0,0.0,0.0,0.0,3.875,0.0,7.875,0.0,0.0,3.994497776031494
150,150,TE,Dalton Schultz (15783890),Dalton Schultz,15783890,TE/FLEX,3600,DAL@MIN 11/22/2020 04:25PM ET,15260870,9.37,Dalton SchultzTE15260870,11,Dalton Schultz,0.5856666666666667,2.1111111111111107,0.0,0.0,0.0,0.0,0.2222222222222222,0.0,0.0,0.0,0.0,42.555555555555564,0.0,0.0,0.0,0.0,0.0,0.0,0.0,3.888888888888889,0.0,6.111111111111112,0.0,0.0,11.163949966430664
151,151,WR,Tre'Quan Smith (15783676),Tre'Quan Smith,15783676,WR/FLEX,3500,ATL@NO 11/22/2020 01:00PM ET,15260880,8.28,Tre'Quan SmithWR15260880,11,Tre'Quan Smith,0.7827500000000001,2.0,0.0,0.0,0.0,0.0,0.375,0.0,0.0,0.0,0.0,38.125,0.0,0.0,0.0,0.0,0.0,0.0,0.0,3.25,0.0,4.25,0.0,0.0,10.495009422302246
152,152,WR,Jakeem Grant (15783682),Jakeem Grant,15783682,WR/FLEX,3500,MIA@DEN 11/22/2020 04:05PM ET,15260890,6.51,Jakeem GrantWR15260890,11,Jakeem Grant,0.779125,1.375,0.125,0.0,0.0,0.25,0.0,0.0,0.0,0.0,0.0,23.25,0.0,0.0,2.125,0.0,2.125,0.0,0.0,2.25,0.0,3.0,0.0,0.0,6.950709819793701
153,153,WR,Jalen Guyton (15783678),Jalen Guyton,15783678,WR/FLEX,3500,NYJ@LAC 11/22/2020 04:05PM ET,15260872,6.78,Jalen GuytonWR15260872,11,Jalen Guyton,0.614625,0.875,0.0,0.0,0.0,0.125,0.375,0.0,0.0,0.0,0.0,33.75,0.0,0.0,-0.5,0.0,-0.5,0.0,0.0,1.25,0.0,2.375,0.0,0.0,17.845294952392578
154,154,TE,Irv Smith Jr. (15783894),Irv Smith Jr.,15783894,TE/FLEX,3400,DAL@MIN 11/22/2020 04:25PM ET,15260877,5.36,Irv Smith Jr.TE15260877,11,Irv Smith Jr.,0.6214285714285713,1.2857142857142858,0.0,0.0,0.0,0.0,0.2857142857142857,0.0,0.0,0.0,0.0,22.714285714285715,0.0,0.0,0.0,0.0,0.0,0.0,0.0,1.8571428571428568,0.0,3.0,0.0,0.0,1.1778318881988525
155,155,TE,Logan Thomas (15783896),Logan Thomas,15783896,TE/FLEX,3300,CIN@WAS 11/22/2020 01:00PM ET,15260891,8.47,Logan ThomasTE15260891,11,Logan Thomas,0.533125,1.875,0.0,0.0,0.0,0.0,0.375,0.0,0.0,0.0,0.0,29.5,0.0,0.0,0.0,0.0,0.0,0.0,0.0,3.0,0.0,5.75,0.0,0.0,15.845109939575195
156,156,WR,Deonte Harris (15783700),Deonte Harris,15783700,WR/FLEX,3200,ATL@NO 11/22/2020 01:00PM ET,15260880,5.65,Deonte HarrisWR15260880,11,Deonte Harris,0.7952857142857143,1.2857142857142858,0.14285714285714285,0.0,0.0,0.7142857142857143,0.14285714285714285,0.0,0.0,0.0,0.0,22.857142857142854,0.0,0.0,3.2857142857142856,0.0,4.0,0.0,0.0,2.142857142857143,0.0,2.8571428571428568,0.0,0.0,7.406655788421631
157,157,WR,Parris Campbell (15783698),Parris Campbell,15783698,WR/FLEX,3200,GB@IND 11/22/2020 04:25PM ET,15260867,7.35,Parris CampbellWR15260867,11,Parris Campbell,0.3335,2.0,1.0,0.0,0.0,1.0,0.0,0.0,0.0,0.0,0.0,35.5,0.0,0.0,8.0,0.0,8.0,0.0,0.0,3.0,0.0,4.5,0.0,0.0,14.285815238952637
158,158,WR,Adam Humphries (15783696),Adam Humphries,15783696,WR/FLEX,3200,TEN@BAL 11/22/2020 01:00PM ET,15260871,9.32,Adam HumphriesWR15260871,11,Adam Humphries,0.5990000000000001,1.8333333333333333,0.0,0.0,0.16666666666666666,0.0,0.3333333333333333,0.0,0.0,0.0,0.0,36.5,0.0,0.0,0.0,0.0,0.0,0.0,0.0,3.6666666666666665,0.0,5.166666666666667,0.0,0.0,19.132783889770508
159,159,WR,Dontrelle Inman (15783694),Dontrelle Inman,15783694,WR/FLEX,3200,CIN@WAS 11/22/2020 01:00PM ET,15260891,7.3,Dontrelle InmanWR15260891,11,Dontrelle Inman,0.6833333333333332,1.8333333333333333,0.0,0.0,0.0,0.0,0.3333333333333333,0.0,0.0,0.0,0.0,24.66666666666667,0.0,0.0,0.0,0.0,0.0,0.0,0.0,2.833333333333333,0.0,4.5,0.0,0.0,9.867688179016113
160,160,WR,Olabisi Johnson (15783704),Olabisi Johnson,15783704,WR/FLEX,3200,DAL@MIN 11/22/2020 04:25PM ET,15260877,2.86,Olabisi JohnsonWR15260877,11,Olabisi Johnson,0.52075,1.0,0.0,0.0,0.0,0.0,0.0,0.0,0.0,0.0,0.0,23.25,0.0,0.0,0.0,0.0,0.0,0.0,0.0,1.25,0.0,2.25,0.0,0.0,2.7991843223571777
161,161,TE,Kyle Rudolph (15783900),Kyle Rudolph,15783900,TE/FLEX,3200,DAL@MIN 11/22/2020 04:25PM ET,15260877,4.69,Kyle RudolphTE15260877,11,Kyle Rudolph,0.708375,1.125,0.0,0.0,0.0,0.0,0.125,0.0,0.0,0.0,0.0,21.875,0.0,0.0,0.0,0.0,0.0,0.0,0.0,1.75,0.0,2.375,0.0,0.0,9.287858963012695
162,162,WR,Quintez Cephus (15783856),Quintez Cephus,15783856,WR/FLEX,3000,DET@CAR 11/22/2020 01:00PM ET,15260874,4.56,Quintez CephusWR15260874,11,Quintez Cephus,0.7666666666666666,2.0,0.0,0.0,0.0,0.0,0.0,0.0,0.0,0.0,0.0,42.66666666666666,0.0,0.0,0.0,0.0,0.0,0.0,0.0,2.6666666666666665,0.0,5.0,0.0,0.0,7.843319892883301
163,163,WR,DeSean Jackson (15783708),DeSean Jackson,15783708,WR/FLEX,3000,PHI@CLE 11/22/2020 01:00PM ET,15260862,7.42,DeSean JacksonWR15260862,11,DeSean Jackson,0.51325,2.25,0.25,0.0,0.0,0.25,0.0,0.0,0.0,0.0,0.0,38.75,0.0,0.0,3.0,0.0,3.0,0.0,0.0,3.25,0.0,6.25,0.0,0.0,12.538850784301758
164,164,WR,John Hightower (15783832),John Hightower,15783832,WR/FLEX,3000,PHI@CLE 11/22/2020 01:00PM ET,15260862,3.94,John HightowerWR15260862,11,John Hightower,0.42857142857142855,0.7142857142857143,0.0,0.0,0.0,0.0,0.0,0.0,0.0,0.0,0.0,23.714285714285715,0.0,0.0,0.0,0.0,0.0,0.0,0.0,1.2857142857142858,0.0,3.4285714285714284,0.0,0.0,1.278679609298706
165,165,WR,KhaDarel Hodge (15783838),KhaDarel Hodge,15783838,WR/FLEX,3000,PHI@CLE 11/22/2020 01:00PM ET,15260885,2.02,KhaDarel HodgeWR15260885,11,KhaDarel Hodge,0.4443333333333333,1.0,0.0,0.0,0.0,0.0,0.0,0.0,0.0,0.0,0.0,17.0,0.0,0.0,0.0,0.0,0.0,0.0,0.0,1.0,0.0,2.0,0.0,0.0,4.876718997955322
166,166,WR,Odell Beckham Jr. (15783842),Odell Beckham Jr.,15783842,WR/FLEX,3000,PHI@CLE 11/22/2020 01:00PM ET,15260885,12.4,Odell Beckham Jr.WR15260885,11,Odell Beckham Jr.,0.4974285714285714,2.4285714285714284,0.2857142857142857,0.14285714285714285,0.0,0.42857142857142855,0.42857142857142855,16.97142857142857,2.571428571428572,14.285714285714285,0.0,45.57142857142857,0.0,0.14285714285714285,5.071428571428571,0.0,10.285714285714286,2.571428571428572,0.14285714285714285,3.2857142857142856,0.0,6.142857142857142,0.0,0.14285714285714285,10.557518005371094
167,167,TE,David Njoku (15783904),David Njoku,15783904,TE/FLEX,3000,PHI@CLE 11/22/2020 01:00PM ET,15260885,6.04,David NjokuTE15260885,11,David Njoku,0.6666000000000001,1.2,0.0,0.0,0.0,0.0,0.4,0.0,0.0,0.0,0.0,20.4,0.0,0.0,0.0,0.0,0.0,0.0,0.0,1.6,0.0,2.6,0.0,0.0,4.322118759155273
168,168,WR,DeAndre Carter (15783826),DeAndre Carter,15783826,WR/FLEX,3000,NE@HOU 11/22/2020 01:00PM ET,15260889,0.09,DeAndre CarterWR15260889,11,DeAndre Carter,0.5,0.0,0.0,0.0,0.0,0.0,0.0,0.0,0.0,0.0,0.0,8.0,0.0,0.0,0.0,0.0,0.0,0.0,0.0,1.0,0.0,2.0,0.0,0.0,7.277868270874023
169,169,WR,Miles Boykin (15783784),Miles Boykin,15783784,WR/FLEX,3000,TEN@BAL 11/22/2020 01:00PM ET,15260866,4.41,Miles BoykinWR15260866,11,Miles Boykin,0.589625,1.125,0.0,0.0,0.0,0.0,0.125,0.0,0.0,0.0,0.0,19.125,0.0,0.0,0.0,0.0,0.0,0.0,0.0,1.75,0.0,2.875,0.0,0.0,4.043231010437012
170,170,WR,Devin Duvernay (15783786),Devin Duvernay,15783786,WR/FLEX,3000,TEN@BAL 11/22/2020 01:00PM ET,15260866,4.61,Devin DuvernayWR15260866,11,Devin Duvernay,0.6875,0.625,0.125,0.0,0.0,0.25,0.0,0.0,0.0,0.0,0.0,16.125,0.0,0.0,5.125,0.0,5.125,0.0,0.0,1.375,0.0,1.875,0.0,0.0,9.504993438720703
171,171,WR,DaeSean Hamilton (15783776),DaeSean Hamilton,15783776,WR/FLEX,3000,MIA@DEN 11/22/2020 04:05PM ET,15260873,5.56,DaeSean HamiltonWR15260873,11,DaeSean Hamilton,0.4951428571428572,1.1428571428571428,0.0,0.0,0.0,0.0,0.14285714285714285,0.0,0.0,0.0,0.0,21.714285714285715,0.0,0.0,0.0,0.0,0.0,0.0,0.0,1.5714285714285714,0.0,3.0,0.0,0.0,2.4411654472351074
172,172,WR,Tyrie Cleveland (15783780),Tyrie Cleveland,15783780,WR/FLEX,3000,MIA@DEN 11/22/2020 04:05PM ET,15260873,0.34,Tyrie ClevelandWR15260873,11,Tyrie Cleveland,0.3333333333333333,0.0,0.0,0.0,0.0,0.0,0.0,0.0,0.0,0.0,0.0,2.333333333333333,0.0,0.0,0.0,0.0,0.0,0.0,0.0,0.3333333333333333,0.0,1.0,0.0,0.0,4.019955635070801
173,173,WR,Chris Conley (15783758),Chris Conley,15783758,WR/FLEX,3000,PIT@JAX 11/22/2020 01:00PM ET,15260884,7.1,Chris ConleyWR15260884,11,Chris Conley,0.696375,1.75,0.0,0.0,0.0,0.0,0.125,0.0,0.0,0.0,0.0,34.5,0.0,0.0,0.0,0.0,0.0,0.0,0.0,2.75,0.0,4.25,0.0,0.0,10.355794906616211
174,174,WR,Collin Johnson (15783760),Collin Johnson,15783760,WR/FLEX,3000,PIT@JAX 11/22/2020 01:00PM ET,15260884,2.84,Collin JohnsonWR15260884,11,Collin Johnson,0.625,0.8333333333333334,0.0,0.0,0.0,0.0,0.16666666666666666,0.0,0.0,0.0,0.0,11.5,0.0,0.0,0.0,0.0,0.0,0.0,0.0,1.1666666666666667,0.0,2.1666666666666665,0.0,0.0,2.1164610385894775
175,175,WR,James Washington (15783766),James Washington,15783766,WR/FLEX,3000,PIT@JAX 11/22/2020 01:00PM ET,15260860,6.8,James WashingtonWR15260860,11,James Washington,0.47525,1.375,0.0,0.0,0.0,0.0,0.375,0.0,0.0,0.0,0.0,25.25,0.0,0.0,0.0,0.0,0.0,0.0,0.0,2.25,0.0,3.75,0.0,0.0,6.093619346618652
176,176,WR,Chris Hogan (15783756),Chris Hogan,15783756,WR/FLEX,3000,NYJ@LAC 11/22/2020 04:05PM ET,15260887,5.16,Chris HoganWR15260887,11,Chris Hogan,0.5,1.2,0.0,0.0,0.0,0.0,0.0,0.0,0.0,0.0,0.0,23.6,0.0,0.0,0.0,0.0,0.0,0.0,0.0,2.8,0.0,5.2,0.0,0.0,3.812260150909424
177,177,WR,Steven Sims Jr. (15783722),Steven Sims Jr.,15783722,WR/FLEX,3000,CIN@WAS 11/22/2020 01:00PM ET,15260891,5.26,Steven Sims Jr.WR15260891,11,Steven Sims,0.8666666666666667,2.0,0.0,0.0,0.0,0.0,0.0,0.0,0.0,0.0,0.0,35.666666666666664,0.0,0.0,0.0,0.0,0.0,0.0,0.0,2.333333333333333,0.0,3.0,0.0,0.0,17.60989761352539
178,178,WR,Mike Thomas (15783738),Mike Thomas,15783738,WR/FLEX,3000,CIN@WAS 11/22/2020 01:00PM ET,15260869,3.91,Mike ThomasWR15260869,11,Mike Thomas,0.8095714285714285,1.0,0.0,0.0,0.0,0.14285714285714285,0.14285714285714285,0.0,0.0,0.0,0.0,18.857142857142858,0.0,0.0,0.14285714285714285,0.0,0.14285714285714285,0.0,0.0,1.8571428571428568,0.0,2.4285714285714284,0.0,0.0,3.7624945640563965
179,179,WR,John Ross III (15783744),John Ross III,15783744,WR/FLEX,3000,CIN@WAS 11/22/2020 01:00PM ET,15260869,1.85,John Ross IIIWR15260869,11,John Ross,0.2,0.5,0.0,0.0,0.0,0.0,0.0,0.0,0.0,0.0,0.0,8.5,0.0,0.0,0.0,0.0,0.0,0.0,0.0,1.0,0.0,3.5,0.0,0.0,3.756563425064087
180,180,TE,Darren Fells (15783908),Darren Fells,15783908,TE/FLEX,2900,NE@HOU 11/22/2020 01:00PM ET,15260889,7.45,Darren FellsTE15260889,11,Darren Fells,0.7177142857142857,1.5714285714285714,0.0,0.0,0.0,0.0,0.42857142857142855,0.0,0.0,0.0,0.0,33.0,0.0,0.0,0.0,0.0,0.0,0.0,0.0,2.2857142857142856,0.0,3.1428571428571432,0.0,0.0,13.873358726501465
181,181,TE,Mo Alie-Cox (15783906),Mo Alie-Cox,15783906,TE/FLEX,2900,GB@IND 11/22/2020 04:25PM ET,15260867,8.04,Mo Alie-CoxTE15260867,11,Mo Alie-Cox,0.7261428571428572,2.0,0.0,0.0,0.0,0.0,0.2857142857142857,0.0,0.0,0.0,0.0,39.142857142857146,0.0,0.0,0.0,0.0,0.0,0.0,0.0,2.4285714285714284,0.0,3.0,0.42857142857142855,0.0,10.886937141418457
182,182,TE,Tyler Eifert (15783912),Tyler Eifert,15783912,TE/FLEX,2700,PIT@JAX 11/22/2020 01:00PM ET,15260884,4.82,Tyler EifertTE15260884,11,Tyler Eifert,0.6215,1.3333333333333333,0.0,0.0,0.0,0.0,0.16666666666666666,0.0,0.0,0.0,0.0,23.5,0.0,0.0,0.0,0.0,0.0,0.0,0.0,2.5,0.0,4.666666666666667,0.0,0.0,12.233628273010254
183,183,TE,Chris Herndon (15783910),Chris Herndon,15783910,TE/FLEX,2700,NYJ@LAC 11/22/2020 04:05PM ET,15260887,3.16,Chris HerndonTE15260887,11,Chris Herndon,0.5345,0.8333333333333334,0.0,0.0,0.0,0.0,0.0,0.0,0.0,0.0,0.0,16.833333333333332,0.0,0.0,0.0,0.0,0.0,0.0,0.0,2.333333333333333,0.0,4.0,0.0,0.0,13.301576614379883
184,184,TE,Drew Sample (15783914),Drew Sample,15783914,TE/FLEX,2700,CIN@WAS 11/22/2020 01:00PM ET,15260869,4.26,Drew SampleTE15260869,11,Drew Sample,0.651375,1.125,0.0,0.0,0.0,0.0,0.0,0.0,0.0,0.0,0.0,21.75,0.0,0.0,0.0,0.0,0.0,0.0,0.0,2.375,0.0,3.25,0.0,0.0,5.974183559417725
185,185,TE,Ian Thomas (15783924),Ian Thomas,15783924,TE/FLEX,2500,DET@CAR 11/22/2020 01:00PM ET,15260878,3.03,Ian ThomasTE15260878,11,Ian Thomas,0.675,1.0,0.0,0.0,0.0,0.0,0.125,0.0,0.0,0.0,0.0,10.75,0.0,0.0,0.0,0.0,0.0,0.0,0.0,1.375,0.0,2.125,0.0,0.0,9.17788314819336
186,186,TE,Chris Manhertz (15784024),Chris Manhertz,15784024,TE/FLEX,2500,DET@CAR 11/22/2020 01:00PM ET,15260878,1.82,Chris ManhertzTE15260878,11,Chris Manhertz,0.9,0.0,0.0,0.0,0.0,0.0,0.0,0.0,0.0,0.0,0.0,8.2,0.0,0.0,0.0,0.0,0.0,0.0,0.0,1.0,0.0,1.2,0.0,0.0,10.283713340759277
187,187,TE,Harrison Bryant (15783922),Harrison Bryant,15783922,TE/FLEX,2500,PHI@CLE 11/22/2020 01:00PM ET,15260885,5.89,Harrison BryantTE15260885,11,Harrison Bryant,0.6,1.25,0.0,0.0,0.0,0.0,0.375,0.0,0.0,0.0,0.0,18.875,0.0,0.0,0.0,0.0,0.0,0.0,0.0,1.875,0.0,2.625,0.0,0.0,3.6315183639526367
188,188,TE,Ryan Izzo (15784004),Ryan Izzo,15784004,TE/FLEX,2500,NE@HOU 11/22/2020 01:00PM ET,15260865,2.8,Ryan IzzoTE15260865,11,Ryan Izzo,0.5952857142857143,0.5714285714285714,0.0,0.0,0.0,0.0,0.0,0.0,0.0,0.0,0.0,16.285714285714285,0.0,0.0,0.0,0.0,0.0,0.0,0.0,1.2857142857142858,0.0,2.142857142857143,0.0,0.0,3.183607339859009
189,189,TE,Jordan Akins (15784012),Jordan Akins,15784012,TE/FLEX,2500,NE@HOU 11/22/2020 01:00PM ET,15260889,7.03,Jordan AkinsTE15260889,11,Jordan Akins,0.8333999999999999,1.8,0.0,0.0,0.0,0.0,0.2,0.0,0.0,0.0,0.0,37.4,0.0,0.0,0.0,0.0,0.0,0.0,0.0,3.2,0.0,3.8,0.0,0.0,3.9559245109558105
190,190,TE,Jack Doyle (15783992),Jack Doyle,15783992,TE/FLEX,2500,GB@IND 11/22/2020 04:25PM ET,15260867,5.13,Jack DoyleTE15260867,11,Jack Doyle,0.5695,1.1666666666666667,0.0,0.0,0.0,0.0,0.3333333333333333,0.0,0.0,0.0,0.0,18.0,0.0,0.0,0.0,0.0,0.0,0.0,0.0,1.5,0.0,2.5,0.0,0.0,5.168451309204102
191,191,TE,Josiah Deguara (15784000),Josiah Deguara,15784000,TE/FLEX,2500,GB@IND 11/22/2020 04:25PM ET,15260875,1.1,Josiah DeguaraTE15260875,11,Josiah Deguara,0.5,1.0,0.0,0.0,0.0,0.0,0.0,0.0,0.0,0.0,0.0,12.0,0.0,0.0,0.0,0.0,0.0,0.0,0.0,1.0,0.0,2.0,0.0,0.0,10.813685417175293
192,192,TE,Anthony Firkser (15783926),Anthony Firkser,15783926,TE/FLEX,2500,TEN@BAL 11/22/2020 01:00PM ET,15260871,7.36,Anthony FirkserTE15260871,11,Anthony Firkser,0.8079999999999999,2.142857142857143,0.0,0.0,0.0,0.0,0.14285714285714285,0.0,0.0,0.0,0.0,34.857142857142854,0.0,0.0,0.0,0.0,0.0,0.0,0.0,3.4285714285714284,0.0,4.428571428571429,0.42857142857142855,0.0,7.466609954833984
193,193,TE,Nick Boyle (15783986),Nick Boyle,15783986,TE/FLEX,2500,TEN@BAL 11/22/2020 01:00PM ET,15260866,4.14,Nick BoyleTE15260866,11,Nick Boyle,0.770875,1.0,0.0,0.0,0.0,0.0,0.25,0.0,0.0,0.0,0.0,13.625,0.0,0.0,0.0,0.0,0.0,0.0,0.0,1.625,0.0,2.0,0.0,0.0,3.1568191051483154
194,194,TE,MyCole Pruitt (15783988),MyCole Pruitt,15783988,TE/FLEX,2500,TEN@BAL 11/22/2020 01:00PM ET,15260871,3.57,MyCole PruittTE15260871,11,MyCole Pruitt,0.6666666666666666,0.6666666666666666,0.0,0.0,0.0,0.0,0.3333333333333333,0.0,0.0,0.0,0.0,5.666666666666668,0.0,0.0,0.0,0.0,0.0,0.0,0.0,1.0,0.0,1.3333333333333333,0.0,0.0,6.390056133270264
195,195,TE,Nick Vannett (15783916),Nick Vannett,15783916,TE/FLEX,2500,MIA@DEN 11/22/2020 04:05PM ET,15260873,1.73,Nick VannettTE15260873,11,Nick Vannett,0.6111666666666666,0.3333333333333333,0.0,0.0,0.0,0.0,0.0,0.0,0.0,0.0,0.0,7.333333333333332,0.0,0.0,0.0,0.0,0.0,0.0,0.0,1.0,0.0,1.8333333333333333,0.0,0.0,8.7880277633667
196,196,TE,Jake Butt (15783920),Jake Butt,15783920,TE/FLEX,2500,MIA@DEN 11/22/2020 04:05PM ET,15260873,0.62,Jake ButtTE15260873,11,Jake Butt,0.5,0.0,0.0,0.0,0.0,0.0,0.0,0.0,0.0,0.0,0.0,1.6666666666666667,0.0,0.0,0.0,0.0,0.0,0.0,0.0,0.6666666666666666,0.0,1.3333333333333333,0.0,0.0,1.39805006980896
197,197,TE,James O'Shaughnessy (15783962),James O'Shaughnessy,15783962,TE/FLEX,2500,PIT@JAX 11/22/2020 01:00PM ET,15260884,3.51,James O'ShaughnessyTE15260884,11,James O'Shaughnessy,0.71875,0.75,0.0,0.0,0.0,0.0,0.0,0.0,0.0,0.0,0.0,19.5,0.0,0.0,0.0,0.0,0.0,0.0,0.0,2.0,0.0,2.5,0.0,0.0,6.3278889656066895
198,198,TE,Vance McDonald (15783972),Vance McDonald,15783972,TE/FLEX,2500,PIT@JAX 11/22/2020 01:00PM ET,15260860,2.52,Vance McDonaldTE15260860,11,Vance McDonald,0.8333333333333334,0.5,0.0,0.0,0.0,0.0,0.0,0.0,0.0,0.0,0.0,10.166666666666666,0.0,0.0,0.0,0.0,0.0,0.0,0.0,1.5,0.0,1.8333333333333333,0.0,0.0,2.6171443462371826
199,199,TE,Virgil Green (15783956),Virgil Green,15783956,TE/FLEX,2500,NYJ@LAC 11/22/2020 04:05PM ET,15260872,2.33,Virgil GreenTE15260872,11,Virgil Green,0.5,0.5,0.0,0.0,0.0,0.0,0.25,0.0,0.0,0.0,0.0,12.5,0.0,0.0,0.0,0.0,0.0,0.0,0.0,0.75,0.0,1.5,0.0,0.0,8.392263412475586
200,200,TE,C.J. Uzomah (15783948),C.J. Uzomah,15783948,TE/FLEX,2500,CIN@WAS 11/22/2020 01:00PM ET,15260869,11.35,C.J. UzomahTE15260869,11,C.J. Uzomah,0.7335,3.0,0.0,0.0,0.0,0.0,0.5,0.0,0.0,0.0,0.0,43.5,0.0,0.0,0.0,0.0,0.0,0.0,0.0,4.0,0.0,5.5,0.0,0.0,7.334481716156006
201,201,TE,Blake Jarwin (15783936),Blake Jarwin,15783936,TE/FLEX,2500,DAL@MIN 11/22/2020 04:25PM ET,15260870,2.2,Blake JarwinTE15260870,11,Blake Jarwin,1.0,1.0,0.0,0.0,0.0,0.0,0.0,0.0,0.0,0.0,0.0,12.0,0.0,0.0,0.0,0.0,0.0,0.0,0.0,1.0,0.0,1.0,0.0,0.0,8.50277042388916
