,Position,Name + ID,Name,ID,Roster Position,Salary,Game Info,TeamAbbrev,AvgPointsPerGame,UniquePlayer,Week,Player,CALCAVGCtch%Rec,CALCAVG1DRec,CALCAVG1DRush,CALCAVG1DPass,CALCAVGSkPass,CALCAVGAttRush,CALCAVGTDRec,CALCAVGRateRec,CALCAVGY/APass,CALCAVGCmp%Pass,CALCAVGIntPass,CALCAVGYdsRec,CALCAVGTDPass,CALCAVGCmpPass,CALCAVGY/ARush,CALCAVGYdsPass2,CALCAVGYdsRush,CALCAVGYdsPass1,CALCAVGTDRush,CALCAVGRecRec,CALCAVGSkYdsPass,CALCAVGTgtRec,CALCAVGRecY_ind,CALCAVGAttPass
0,WR,Davante Adams (15757481),Davante Adams,15757481,WR/FLEX,9000,JAX@GB 11/15/2020 01:00PM ET,15260875,29.58,Davante AdamsWR15260875,10,Davante Adams,0.7843333333333334,6.0,0.0,0.0,0.0,0.0,1.3333333333333333,0.0,0.0,0.0,0.0,112.5,0.0,0.0,0.0,0.0,0.0,0.0,0.0,8.833333333333334,0.0,11.5,1.5,0.0
1,RB,Christian McCaffrey (15757191),Christian McCaffrey,15757191,RB/FLEX,9000,TB@CAR 11/15/2020 01:00PM ET,15260878,30.13,Christian McCaffreyRB15260878,10,Christian McCaffrey,0.85,2.6666666666666665,4.666666666666667,0.0,0.0,19.666666666666668,0.3333333333333333,0.0,0.0,0.0,0.0,49.666666666666664,0.0,0.0,3.776666666666667,0.0,75.0,0.0,1.6666666666666667,5.666666666666667,0.0,6.333333333333333,0.0,0.0
2,RB,Dalvin Cook (15757193),Dalvin Cook,15757193,RB/FLEX,8900,MIN@CHI 11/16/2020 08:15PM ET,15260877,30.59,Dalvin CookRB15260877,10,Dalvin Cook,0.7952857142857143,1.1428571428571428,6.857142857142857,0.0,0.0,20.571428571428573,0.14285714285714285,0.0,0.0,0.0,0.0,24.714285714285715,0.0,0.0,5.759999999999999,0.0,122.57142857142857,0.0,1.7142857142857142,2.2857142857142856,0.0,3.0,0.0,0.0
3,RB,Alvin Kamara (15757195),Alvin Kamara,15757195,RB/FLEX,8200,SF@NO 11/15/2020 04:25PM ET,15260880,26.82,Alvin KamaraRB15260880,10,Alvin Kamara,0.8286250000000001,3.125,3.625,0.0,0.0,12.0,0.375,0.0,0.0,0.0,0.0,70.625,0.0,0.0,5.186249999999999,0.0,58.875,0.0,0.625,7.5,0.0,9.0,0.375,0.0
4,QB,Kyler Murray (15757116),Kyler Murray,15757116,QB,8000,BUF@ARI 11/15/2020 04:05PM ET,15260888,31.44,Kyler MurrayQB15260888,10,Kyler Murray,0.0,0.0,4.25,13.75,1.25,9.5,0.0,100.94999999999999,7.725,67.325,0.875,0.0,2.0,23.75,7.4312499999999995,-7.125,67.875,266.25,1.0,0.0,-7.125,0.0,0.0,34.875
5,QB,Aaron Rodgers (15757117),Aaron Rodgers,15757117,QB,7900,JAX@GB 11/15/2020 01:00PM ET,15260875,24.83,Aaron RodgersQB15260875,10,Aaron Rodgers,0.125,0.0,0.625,14.375,1.125,1.375,0.0,116.67499999999998,8.100000000000001,67.4875,0.25,-0.75,3.0,23.625,4.6875,-11.0,7.625,281.625,0.0,0.125,-11.0,0.125,0.0,35.0
6,QB,Russell Wilson (15757118),Russell Wilson,15757118,QB,7700,SEA@LAR 11/15/2020 04:25PM ET,15260881,31.64,Russell WilsonQB15260881,10,Russell Wilson,0.0,0.0,1.875,15.25,3.0,4.625,0.0,115.78750000000001,8.649999999999999,71.4375,1.0,0.0,3.5,26.375,6.79,-19.5,33.125,317.625,0.125,0.0,-19.5,0.0,0.0,37.125
7,WR,DeAndre Hopkins (15757483),DeAndre Hopkins,15757483,WR/FLEX,7700,BUF@ARI 11/15/2020 04:05PM ET,15260888,20.3,DeAndre HopkinsWR15260888,10,DeAndre Hopkins,0.789375,4.875,0.0,0.0,0.0,0.0,0.375,0.0,0.0,0.0,0.0,91.75,0.0,0.0,0.0,0.0,0.0,0.0,0.0,7.5,0.0,9.5,1.5,0.0
8,RB,Derrick Henry (15757197),Derrick Henry,15757197,RB/FLEX,7700,IND@TEN 11/12/2020 08:20PM ET,15260871,20.3,Derrick HenryRB15260871,10,Derrick Henry,0.44587499999999997,0.5,5.25,0.0,0.0,22.75,0.0,0.0,0.0,0.0,0.0,10.125,0.0,0.0,4.69125,0.0,105.375,0.0,1.0,1.25,0.0,2.25,0.0,0.0
9,WR,DK Metcalf (15757487),DK Metcalf,15757487,WR/FLEX,7600,SEA@LAR 11/15/2020 04:25PM ET,15260881,22.6,DK MetcalfWR15260881,10,D.K. Metcalf,0.6071249999999999,4.125,0.0,0.0,0.0,0.0,1.0,0.0,0.0,0.0,0.0,98.5,0.0,0.0,0.0,0.0,0.0,0.0,0.0,5.375,0.0,8.5,1.5,0.0
10,WR,A.J. Brown (15757485),A.J. Brown,15757485,WR/FLEX,7600,IND@TEN 11/12/2020 08:20PM ET,15260871,19.78,A.J. BrownWR15260871,10,A.J. Brown,0.6469999999999999,3.8333333333333335,0.0,0.0,0.0,0.0,1.0,0.0,0.0,0.0,0.0,76.16666666666667,0.0,0.0,0.0,0.0,0.0,0.0,0.0,5.166666666666667,0.0,8.0,1.0,0.0
11,QB,Josh Allen (15757119),Josh Allen,15757119,QB,7500,BUF@ARI 11/15/2020 04:05PM ET,15260861,26.62,Josh AllenQB15260861,10,Josh Allen,0.0,0.0,2.7777777777777777,13.666666666666666,2.2222222222222223,7.222222222222222,0.0,104.55555555555556,8.233333333333334,67.93333333333334,0.5555555555555556,0.0,2.111111111111111,24.11111111111111,3.3433333333333337,-12.88888888888889,26.77777777777778,287.44444444444446,0.5555555555555556,0.0,-12.88888888888889,0.0,0.0,35.0
12,WR,Stefon Diggs (15757489),Stefon Diggs,15757489,WR/FLEX,7500,BUF@ARI 11/15/2020 04:05PM ET,15260861,19.37,Stefon DiggsWR15260861,10,Stefon Diggs,0.7072222222222222,3.888888888888889,0.0,0.0,0.0,0.0,0.3333333333333333,0.0,0.0,0.0,0.0,90.33333333333333,0.0,0.0,0.0,0.0,0.0,0.0,0.0,7.0,0.0,10.11111111111111,1.3333333333333333,0.0
13,WR,Michael Thomas (15757491),Michael Thomas,15757491,WR/FLEX,7400,SF@NO 11/15/2020 04:25PM ET,15260880,7.4,Michael ThomasWR15260880,10,Michael Thomas,0.7164999999999999,2.0,0.0,0.0,0.0,0.0,0.0,0.0,0.0,0.0,0.0,34.0,0.0,0.0,0.0,0.0,0.0,0.0,0.0,4.0,0.0,5.5,0.0,0.0
14,QB,Lamar Jackson (15757120),Lamar Jackson,15757120,QB,7100,BAL@NE 11/15/2020 08:20PM ET,15260866,21.18,Lamar JacksonQB15260866,10,Lamar Jackson,0.0,0.0,2.75,10.0,2.625,9.875,0.0,96.825,7.35,64.375,0.5,0.0,1.5,16.75,6.077500000000001,-15.25,58.625,189.125,0.375,0.0,-15.25,0.0,0.0,26.625
15,RB,Aaron Jones (15757199),Aaron Jones,15757199,RB/FLEX,7100,JAX@GB 11/15/2020 01:00PM ET,15260875,21.82,Aaron JonesRB15260875,10,Aaron Jones,0.7111666666666666,1.5,3.5,0.0,0.0,15.0,0.3333333333333333,0.0,0.0,0.0,0.0,30.333333333333332,0.0,0.0,4.6450000000000005,0.0,74.5,0.0,0.8333333333333334,3.8333333333333335,0.0,5.5,0.0,0.0
16,WR,Keenan Allen (15757493),Keenan Allen,15757493,WR/FLEX,7100,LAC@MIA 11/15/2020 04:05PM ET,15260872,19.89,Keenan AllenWR15260872,10,Keenan Allen,0.7434999999999999,4.875,0.0,0.0,0.0,0.0,0.5,4.95,0.0,0.0,0.0,81.375,0.0,0.0,0.0,0.0,0.0,0.0,0.0,7.75,0.0,10.75,1.125,0.125
17,WR,Allen Robinson II (15757495),Allen Robinson II,15757495,WR/FLEX,7000,MIN@CHI 11/16/2020 08:15PM ET,15260864,16.9,Allen Robinson IIWR15260864,10,Allen Robinson,0.6859999999999999,3.7777777777777777,0.0,0.0,0.0,0.1111111111111111,0.3333333333333333,0.0,0.0,0.0,0.0,79.11111111111111,0.0,0.0,-0.1111111111111111,0.0,-0.1111111111111111,0.0,0.0,6.333333333333333,0.0,9.555555555555555,0.6666666666666666,0.0
18,WR,Cooper Kupp (15757497),Cooper Kupp,15757497,WR/FLEX,6900,SEA@LAR 11/15/2020 04:25PM ET,15260882,15.12,Cooper KuppWR15260882,10,Cooper Kupp,0.719375,3.0,0.375,0.0,0.0,0.5,0.25,0.0,0.0,0.0,0.0,65.875,0.0,0.0,2.9375,0.0,4.125,0.0,0.0,6.0,0.0,8.875,0.75,0.0
19,QB,Deshaun Watson (15757121),Deshaun Watson,15757121,QB,6900,HOU@CLE 11/15/2020 01:00PM ET,15260889,24.47,Deshaun WatsonQB15260889,10,Deshaun Watson,0.0,0.0,1.625,13.75,3.0,5.0,0.0,108.325,8.8125,67.97500000000001,0.625,0.0,2.125,23.125,5.51625,-16.25,24.625,297.0,0.125,0.0,-16.25,0.0,0.0,33.875
20,RB,James Conner (15757201),James Conner,15757201,RB/FLEX,6900,CIN@PIT 11/15/2020 04:25PM ET,15260860,15.41,James ConnerRB15260860,10,James Conner,0.8624999999999999,0.75,3.625,0.0,0.0,14.875,0.0,0.0,0.0,0.0,0.0,15.375,0.0,0.0,3.9799999999999995,0.0,65.0,0.0,0.625,2.5,0.0,3.125,0.0,0.0
21,WR,Terry McLaurin (15757499),Terry McLaurin,15757499,WR/FLEX,6800,WAS@DET 11/15/2020 01:00PM ET,15260891,18.31,Terry McLaurinWR15260891,10,Terry McLaurin,0.643875,4.0,0.125,0.0,0.0,0.125,0.375,0.0,0.0,0.0,0.0,86.5,0.0,0.0,0.375,0.0,0.375,0.0,0.0,6.25,0.0,9.625,1.125,0.0
22,RB,Nick Chubb (15757203),Nick Chubb,15757203,RB/FLEX,6800,HOU@CLE 11/15/2020 01:00PM ET,15260885,16.8,Nick ChubbRB15260885,10,Nick Chubb,0.75,0.25,4.0,0.0,0.0,14.25,0.0,0.0,0.0,0.0,0.0,4.25,0.0,0.0,6.1225000000000005,0.0,83.75,0.0,1.0,0.75,0.0,0.75,0.0,0.0
23,RB,Kareem Hunt (15757205),Kareem Hunt,15757205,RB/FLEX,6700,HOU@CLE 11/15/2020 01:00PM ET,15260885,15.52,Kareem HuntRB15260885,10,Kareem Hunt,0.646,1.125,3.75,0.0,0.0,14.375,0.5,0.0,0.0,0.0,0.0,14.125,0.0,0.0,4.885,0.0,66.125,0.0,0.375,2.25,0.0,3.125,0.0,0.0
24,WR,Will Fuller V (15757501),Will Fuller V,15757501,WR/FLEX,6700,HOU@CLE 11/15/2020 01:00PM ET,15260889,17.88,Will Fuller VWR15260889,10,Will Fuller,0.62525,3.25,0.0,0.0,0.0,0.125,0.75,0.0,0.0,0.0,0.0,73.75,0.0,0.0,0.0,0.0,0.0,0.0,0.0,4.5,0.0,6.5,1.125,0.0
25,TE,George Kittle (15757879),George Kittle,15757879,TE/FLEX,6600,SF@NO 11/15/2020 04:25PM ET,15260863,17.35,George KittleTE15260863,10,George Kittle,0.7023333333333334,4.166666666666667,0.16666666666666666,0.0,0.0,0.3333333333333333,0.3333333333333333,0.0,0.0,0.0,0.0,79.0,0.0,0.0,2.8333333333333335,0.0,2.8333333333333335,0.0,0.0,6.166666666666667,0.0,8.166666666666666,1.0,0.0
26,RB,James Robinson (15757207),James Robinson,15757207,RB/FLEX,6600,JAX@GB 11/15/2020 01:00PM ET,15260884,19.56,James RobinsonRB15260884,10,James Robinson,0.766375,1.25,3.875,0.0,0.125,16.5,0.25,0.0,0.0,0.0,0.0,28.125,0.0,0.0,4.29125,-0.5,72.5,0.0,0.625,3.375,-0.5,4.25,0.0,0.0
27,WR,Robert Woods (15757503),Robert Woods,15757503,WR/FLEX,6600,SEA@LAR 11/15/2020 04:25PM ET,15260882,16.18,Robert WoodsWR15260882,10,Robert Woods,0.689375,2.5,0.875,0.0,0.0,2.0,0.5,0.0,0.0,0.0,0.0,54.5,0.0,0.0,6.01,0.0,13.5,0.0,0.25,4.625,0.0,6.75,0.375,0.0
28,RB,Jonathan Taylor (15757209),Jonathan Taylor,15757209,RB/FLEX,6600,IND@TEN 11/12/2020 08:20PM ET,15260867,13.18,Jonathan TaylorRB15260867,10,Jonathan Taylor,0.958375,0.875,3.25,0.0,0.0,13.25,0.0,0.0,0.0,0.0,0.0,22.25,0.0,0.0,3.88875,0.0,52.0,0.0,0.5,2.5,0.0,2.625,0.0,0.0
29,RB,Josh Jacobs (15757211),Josh Jacobs,15757211,RB/FLEX,6500,DEN@LV 11/15/2020 04:05PM ET,15260876,16.04,Josh JacobsRB15260876,10,Josh Jacobs,0.698,0.25,4.625,0.0,0.0,20.125,0.0,0.0,0.0,0.0,0.0,15.625,0.0,0.0,3.5587500000000003,0.0,73.5,0.0,0.75,2.375,0.0,3.25,0.0,0.0
30,QB,Jared Goff (15757123),Jared Goff,15757123,QB,6500,SEA@LAR 11/15/2020 04:25PM ET,15260882,19.6,Jared GoffQB15260882,10,Jared Goff,0.0,0.0,0.75,12.875,1.25,3.0,0.0,99.23750000000001,7.887500000000001,66.9625,0.75,0.0,1.625,23.25,2.1075,-9.5,5.0,268.125,0.25,0.0,-9.5,0.0,0.0,35.5
31,WR,Tyler Lockett (15757505),Tyler Lockett,15757505,WR/FLEX,6500,SEA@LAR 11/15/2020 04:25PM ET,15260881,20.31,Tyler LockettWR15260881,10,Tyler Lockett,0.7484999999999999,4.0,0.0,0.0,0.0,0.0,0.875,0.0,0.0,0.0,0.0,76.875,0.0,0.0,0.0,0.0,0.0,0.0,0.0,6.625,0.0,8.75,0.375,0.0
32,QB,Drew Brees (15757124),Drew Brees,15757124,QB,6400,SF@NO 11/15/2020 04:25PM ET,15260880,20.75,Drew BreesQB15260880,10,Drew Brees,0.0,0.0,0.5,13.875,1.25,1.75,0.0,110.35,7.4875,74.08749999999999,0.375,0.0,2.125,26.375,0.125,-8.75,0.25,265.0,0.25,0.0,-8.75,0.0,0.0,35.625
33,WR,Tyler Boyd (15757507),Tyler Boyd,15757507,WR/FLEX,6400,CIN@PIT 11/15/2020 04:25PM ET,15260869,17.60,Tyler BoydWR15260869,10,Tyler Boyd,0.78925,4.5,0.125,0.125,0.0,0.5,0.375,14.85,2.0,12.5,0.0,73.0,0.0,0.125,4.1875,0.0,4.75,2.0,0.0,6.75,0.0,8.5,0.75,0.125
34,RB,Chase Edmonds (15757215),Chase Edmonds,15757215,RB/FLEX,6300,BUF@ARI 11/15/2020 04:05PM ET,15260888,11.95,Chase EdmondsRB15260888,10,Chase Edmonds,0.8145,1.75,1.5,0.0,0.0,6.75,0.25,0.0,0.0,0.0,0.0,30.0,0.0,0.0,5.62375,0.0,30.75,0.0,0.125,3.625,0.0,4.375,0.0,0.0
35,QB,Ryan Tannehill (15757125),Ryan Tannehill,15757125,QB,6300,IND@TEN 11/12/2020 08:20PM ET,15260871,22.09,Ryan TannehillQB15260871,10,Ryan Tannehill,0.125,0.0,1.25,13.0,1.375,2.75,0.0,109.61249999999998,7.874999999999999,65.05,0.375,0.0,2.375,20.875,4.24,-10.625,13.125,247.625,0.125,0.125,-10.625,0.125,0.0,31.75
36,QB,Tom Brady (15757126),Tom Brady,15757126,QB,6300,TB@CAR 11/15/2020 01:00PM ET,15260886,20.72,Tom BradyQB15260886,10,Tom Brady,0.0,0.0,0.4444444444444444,13.666666666666666,1.4444444444444444,1.8888888888888888,0.0,95.17777777777778,6.844444444444445,65.08888888888889,0.7777777777777778,0.0,2.2222222222222223,25.11111111111111,0.2222222222222222,-9.555555555555555,0.6666666666666666,266.44444444444446,0.2222222222222222,0.0,-9.555555555555555,0.0,0.0,38.44444444444444
37,WR,Mike Evans (15757511),Mike Evans,15757511,WR/FLEX,6300,TB@CAR 11/15/2020 01:00PM ET,15260886,13.97,Mike EvansWR15260886,10,Mike Evans,0.6402222222222222,2.888888888888889,0.0,0.0,0.0,0.0,0.7777777777777778,0.0,0.0,0.0,0.0,48.55555555555556,0.0,0.0,0.0,0.0,0.0,0.0,0.0,3.7777777777777777,0.0,5.777777777777778,0.6666666666666666,0.0
38,WR,DJ Chark Jr. (15757513),DJ Chark Jr.,15757513,WR/FLEX,6200,JAX@GB 11/15/2020 01:00PM ET,15260884,14.81,DJ Chark Jr.WR15260884,10,DJ Chark,0.6950000000000001,3.142857142857143,0.0,0.0,0.0,0.0,0.5714285714285714,0.0,0.0,0.0,0.0,62.42857142857143,0.0,0.0,0.0,0.0,0.0,0.0,0.0,4.714285714285714,0.0,7.571428571428571,0.42857142857142855,0.0
39,RB,Chris Carson (15757217),Chris Carson,15757217,RB/FLEX,6200,SEA@LAR 11/15/2020 04:25PM ET,15260881,17.5,Chris CarsonRB15260881,10,Chris Carson,0.8511666666666667,1.5,3.3333333333333335,0.0,0.0,11.0,0.5,0.0,0.0,0.0,0.0,24.5,0.0,0.0,5.1016666666666675,0.0,53.833333333333336,0.0,0.5,3.6666666666666665,0.0,4.166666666666667,0.0,0.0
40,QB,Ben Roethlisberger (15757127),Ben Roethlisberger,15757127,QB,6200,CIN@PIT 11/15/2020 04:25PM ET,15260860,19.34,Ben RoethlisbergerQB15260860,10,Ben Roethlisberger,0.0,0.0,0.375,12.625,1.25,2.25,0.0,103.32499999999999,6.7875,67.8875,0.5,0.0,2.25,24.5,1.175,-10.875,1.75,241.75,0.0,0.0,-10.875,0.0,0.0,36.0
41,QB,Kirk Cousins (15757129),Kirk Cousins,15757129,QB,6100,MIN@CHI 11/16/2020 08:15PM ET,15260877,17.21,Kirk CousinsQB15260877,10,Kirk Cousins,0.0,0.0,0.75,10.75,2.0,1.375,0.0,102.625,9.2625,66.225,1.25,0.0,1.875,17.125,2.34375,-10.25,6.875,231.875,0.0,0.0,-10.25,0.0,0.0,26.125
42,QB,Teddy Bridgewater (15757128),Teddy Bridgewater,15757128,QB,6100,TB@CAR 11/15/2020 01:00PM ET,15260878,19.40,Teddy BridgewaterQB15260878,10,Teddy Bridgewater,0.0,0.0,1.0,13.444444444444445,2.0,3.5555555555555554,0.0,97.77777777777777,7.966666666666667,71.46666666666667,0.6666666666666666,0.0,1.2222222222222223,24.444444444444443,5.036666666666666,-12.555555555555555,20.0,268.44444444444446,0.2222222222222222,0.0,-12.555555555555555,0.0,0.0,34.0
43,WR,Robby Anderson (15757517),Robby Anderson,15757517,WR/FLEX,6100,TB@CAR 11/15/2020 01:00PM ET,15260878,16.82,Robby AndersonWR15260878,10,Robby Anderson,0.7678888888888888,3.7777777777777777,0.0,0.0,0.0,0.1111111111111111,0.1111111111111111,0.0,0.0,0.0,0.0,83.44444444444444,0.0,0.0,0.3333333333333333,0.0,0.3333333333333333,0.0,0.0,6.666666666666667,0.0,8.88888888888889,1.0,0.0
44,RB,Joe Mixon (15757219),Joe Mixon,15757219,RB/FLEX,6100,CIN@PIT 11/15/2020 04:25PM ET,15260869,17.27,Joe MixonRB15260869,10,Joe Mixon,0.7639999999999999,0.8333333333333334,3.3333333333333335,0.0,0.0,19.833333333333332,0.16666666666666666,0.0,0.0,0.0,0.0,23.0,0.0,0.0,3.481666666666667,0.0,71.33333333333333,0.0,0.5,3.5,0.0,4.333333333333333,0.0,0.0
45,WR,JuJu Smith-Schuster (15757515),JuJu Smith-Schuster,15757515,WR/FLEX,6100,CIN@PIT 11/15/2020 04:25PM ET,15260860,14.36,JuJu Smith-SchusterWR15260860,10,JuJu Smith-Schuster,0.79375,3.125,0.0,0.0,0.0,0.0,0.5,0.0,0.0,0.0,0.0,54.875,0.0,0.0,0.0,0.0,0.0,0.0,0.0,5.625,0.0,7.125,0.0,0.0
46,WR,Adam Thielen (15757519),Adam Thielen,15757519,WR/FLEX,6000,MIN@CHI 11/16/2020 08:15PM ET,15260877,17.06,Adam ThielenWR15260877,10,Adam Thielen,0.6208750000000001,3.125,0.0,0.0,0.0,0.375,0.875,0.0,0.0,0.0,0.0,60.0,0.0,0.0,1.875,0.0,1.875,0.0,0.0,4.625,0.0,7.25,0.75,0.0
47,QB,Baker Mayfield (15757130),Baker Mayfield,15757130,QB,6000,HOU@CLE 11/15/2020 01:00PM ET,15260885,15.01,Baker MayfieldQB15260885,10,Baker Mayfield,0.0,0.0,0.625,10.5,1.375,2.375,0.0,89.8125,6.925000000000001,61.91250000000001,0.875,0.0,1.875,17.125,2.9375,-7.5,8.125,189.25,0.0,0.0,-7.5,0.0,0.0,27.875
48,RB,Boston Scott (15757221),Boston Scott,15757221,RB/FLEX,6000,PHI@NYG 11/15/2020 01:00PM ET,15260862,5.82,Boston ScottRB15260862,10,Boston Scott,0.5125,0.5,1.125,0.0,0.0,6.0,0.125,0.0,0.0,0.0,0.0,12.875,0.0,0.0,3.0387500000000003,0.0,22.875,0.0,0.0,1.5,0.0,2.125,0.0,0.0
49,WR,Chris Godwin (15757521),Chris Godwin,15757521,WR/FLEX,6000,TB@CAR 11/15/2020 01:00PM ET,15260886,14.4,Chris GodwinWR15260886,10,Chris Godwin,0.7807999999999999,3.2,0.0,0.0,0.0,0.0,0.4,0.0,0.0,0.0,0.0,64.0,0.0,0.0,0.0,0.0,0.0,0.0,0.0,5.6,0.0,7.0,0.0,0.0
50,TE,Darren Waller (15757881),Darren Waller,15757881,TE/FLEX,5900,DEN@LV 11/15/2020 04:05PM ET,15260876,14.42,Darren WallerTE15260876,10,Darren Waller,0.6915,3.375,0.0,0.0,0.0,0.0,0.5,0.0,0.0,0.0,0.0,49.25,0.0,0.0,0.0,0.0,0.0,0.0,0.0,6.25,0.0,8.875,0.375,0.0
51,RB,Darrell Henderson Jr. (15757223),Darrell Henderson Jr.,15757223,RB/FLEX,5900,SEA@LAR 11/15/2020 04:25PM ET,15260882,11.85,Darrell Henderson Jr.RB15260882,10,Darrell Henderson,0.53125,0.875,4.125,0.0,0.0,11.875,0.125,0.0,0.0,0.0,0.0,15.0,0.0,0.0,4.4975,0.0,57.25,0.0,0.375,1.25,0.0,1.875,0.0,0.0
52,QB,Philip Rivers (15757132),Philip Rivers,15757132,QB,5900,IND@TEN 11/12/2020 08:20PM ET,15260867,15.28,Philip RiversQB15260867,10,Philip Rivers,0.0,0.0,0.0,12.875,0.875,1.5,0.0,93.89999999999999,7.799999999999999,68.475,0.875,0.0,1.25,23.25,-0.07250000000000001,-4.125,-0.25,260.875,0.0,0.0,-4.125,0.0,0.0,34.25
53,WR,Jarvis Landry (15757523),Jarvis Landry,15757523,WR/FLEX,5900,HOU@CLE 11/15/2020 01:00PM ET,15260885,10.19,Jarvis LandryWR15260885,10,Jarvis Landry,0.738375,2.375,0.125,0.25,0.0,0.25,0.0,34.6375,7.0,25.0,0.0,52.375,0.125,0.25,0.25,0.0,0.5,7.0,0.0,4.125,0.0,6.25,0.0,0.25
54,QB,Carson Wentz (15757131),Carson Wentz,15757131,QB,5900,PHI@NYG 11/15/2020 01:00PM ET,15260862,21.32,Carson WentzQB15260862,10,Carson Wentz,0.0,0.0,2.5,11.625,4.0,4.875,0.0,73.23750000000001,6.1625000000000005,58.36250000000001,1.5,0.0,1.5,22.25,4.60125,-27.375,25.25,235.375,0.625,0.0,-27.375,0.0,0.0,38.125
55,QB,Matthew Stafford (15757133),Matthew Stafford,15757133,QB,5800,WAS@DET 11/15/2020 01:00PM ET,15260874,18.60,Matthew StaffordQB15260874,10,Matthew Stafford,0.0,0.0,0.75,13.25,2.625,2.125,0.0,92.64999999999999,7.625,62.900000000000006,0.875,0.0,1.75,21.75,4.175,-19.75,9.625,265.875,0.0,0.0,-19.75,0.0,0.0,34.75
56,WR,Chase Claypool (15757527),Chase Claypool,15757527,WR/FLEX,5800,CIN@PIT 11/15/2020 04:25PM ET,15260860,15.24,Chase ClaypoolWR15260860,10,Chase Claypool,0.757125,2.375,0.5,0.0,0.0,0.875,0.625,0.0,0.0,0.0,0.0,55.5,0.0,0.0,2.1875,0.0,3.125,0.0,0.25,3.875,0.0,5.875,0.375,0.0
57,RB,Myles Gaskin (15757225),Myles Gaskin,15757225,RB/FLEX,5800,LAC@MIA 11/15/2020 04:05PM ET,15260890,14.21,Myles GaskinRB15260890,10,Myles Gaskin,0.8724285714285714,0.7142857142857143,3.0,0.0,0.0,14.285714285714286,0.0,0.0,0.0,0.0,0.0,28.285714285714285,0.0,0.0,4.177142857142857,0.0,55.285714285714285,0.0,0.2857142857142857,4.285714285714286,0.0,5.0,0.0,0.0
58,WR,Marquise Brown (15757535),Marquise Brown,15757535,WR/FLEX,5700,BAL@NE 11/15/2020 08:20PM ET,15260866,10.85,Marquise BrownWR15260866,10,Marquise Brown,0.60825,2.75,0.0,0.0,0.0,0.125,0.25,0.0,0.0,0.0,0.0,52.125,0.0,0.0,0.125,0.0,0.125,0.0,0.0,3.75,0.0,6.125,0.375,0.0
59,RB,Raheem Mostert (15757227),Raheem Mostert,15757227,RB/FLEX,5700,SF@NO 11/15/2020 04:25PM ET,15260863,17.08,Raheem MostertRB15260863,10,Raheem Mostert,0.95,1.25,2.25,0.0,0.0,12.75,0.25,0.0,0.0,0.0,0.0,37.5,0.0,0.0,6.8075,0.0,75.75,0.0,0.25,2.75,0.0,3.0,0.0,0.0
60,WR,Christian Kirk (15757531),Christian Kirk,15757531,WR/FLEX,5700,BUF@ARI 11/15/2020 04:05PM ET,15260888,14.61,Christian KirkWR15260888,10,Christian Kirk,0.5615714285714286,2.5714285714285716,0.14285714285714285,0.0,0.0,0.14285714285714285,0.8571428571428571,0.0,0.0,0.0,0.0,57.142857142857146,0.0,0.0,0.42857142857142855,0.0,0.42857142857142855,0.0,0.0,3.2857142857142856,0.0,5.714285714285714,0.42857142857142855,0.0
61,QB,Joe Burrow (15757134),Joe Burrow,15757134,QB,5700,CIN@PIT 11/15/2020 04:25PM ET,15260869,21.61,Joe BurrowQB15260869,10,Joe Burrow,0.0,0.0,1.625,16.25,3.5,4.375,0.0,90.11250000000001,6.950000000000001,67.2875,0.625,0.0,1.375,27.625,2.8600000000000003,-25.375,16.25,284.0,0.375,0.0,-25.375,0.0,0.0,41.125
62,QB,Cam Newton (15757137),Cam Newton,15757137,QB,5600,BAL@NE 11/15/2020 08:20PM ET,15260865,20.53,Cam NewtonQB15260865,10,Cam Newton,0.14285714285714285,0.14285714285714285,4.285714285714286,10.285714285714286,1.7142857142857142,9.857142857142858,0.0,77.21428571428571,7.228571428571428,67.55714285714285,1.0,2.2857142857142856,0.2857142857142857,18.571428571428573,4.467142857142857,-9.428571428571429,44.857142857142854,202.42857142857142,1.1428571428571428,0.14285714285714285,-9.428571428571429,0.14285714285714285,0.0,27.285714285714285
63,RB,Antonio Gibson (15757231),Antonio Gibson,15757231,RB/FLEX,5600,WAS@DET 11/15/2020 01:00PM ET,15260891,13.79,Antonio GibsonRB15260891,10,Antonio Gibson,0.7625,0.875,2.375,0.0,0.0,11.25,0.0,0.0,0.0,0.0,0.0,22.75,0.0,0.0,4.09,0.0,48.875,0.0,0.625,2.75,0.0,3.25,0.0,0.0
64,WR,Jerry Jeudy (15757541),Jerry Jeudy,15757541,WR/FLEX,5600,DEN@LV 11/15/2020 04:05PM ET,15260873,11.68,Jerry JeudyWR15260873,10,Jerry Jeudy,0.49087499999999995,3.0,0.0,0.0,0.0,0.0,0.25,0.0,0.0,0.0,0.0,60.5,0.0,0.0,0.0,0.0,0.0,0.0,0.0,3.75,0.0,7.625,0.375,0.0
65,RB,Jerick McKinnon (15757229),Jerick McKinnon,15757229,RB/FLEX,5600,SF@NO 11/15/2020 04:25PM ET,15260863,11.49,Jerick McKinnonRB15260863,10,Jerick McKinnon,0.5713333333333334,0.8888888888888888,1.6666666666666667,0.0,0.0,6.555555555555555,0.1111111111111111,0.0,0.0,0.0,0.0,19.22222222222222,0.0,0.0,5.2122222222222225,0.0,29.0,0.0,0.5555555555555556,2.6666666666666665,0.0,3.6666666666666665,0.0,0.0
66,WR,Justin Jefferson (15757537),Justin Jefferson,15757537,WR/FLEX,5600,MIN@CHI 11/16/2020 08:15PM ET,15260877,15.71,Justin JeffersonWR15260877,10,Justin Jefferson,0.770375,3.0,0.0,0.0,0.0,0.0,0.375,0.0,0.0,0.0,0.0,78.375,0.0,0.0,0.0,0.0,0.0,0.0,0.0,4.25,0.0,5.5,1.125,0.0
67,WR,Brandin Cooks (15757539),Brandin Cooks,15757539,WR/FLEX,5600,HOU@CLE 11/15/2020 01:00PM ET,15260889,13.62,Brandin CooksWR15260889,10,Brandin Cooks,0.5503750000000001,3.0,0.0,0.0,0.0,0.0,0.375,0.0,0.0,0.0,0.0,63.75,0.0,0.0,0.0,0.0,0.0,0.0,0.0,4.625,0.0,7.5,0.375,0.0
68,QB,Drew Lock (15757139),Drew Lock,15757139,QB,5500,DEN@LV 11/15/2020 04:05PM ET,15260873,14.57,Drew LockQB15260873,10,Drew Lock,0.0,0.0,0.8333333333333334,9.833333333333334,1.5,3.3333333333333335,0.0,67.28333333333335,6.216666666666666,50.650000000000006,1.0,0.0,1.0,18.0,1.7249999999999999,-11.5,9.666666666666666,206.66666666666666,0.3333333333333333,0.0,-11.5,0.0,0.0,31.833333333333332
69,QB,Gardner Minshew II (15757138),Gardner Minshew II,15757138,QB,5500,JAX@GB 11/15/2020 01:00PM ET,15260884,21.2,Gardner Minshew IIQB15260884,10,Gardner Minshew II,0.14285714285714285,0.0,1.0,13.571428571428571,3.142857142857143,3.5714285714285716,0.0,96.61428571428573,7.071428571428571,67.51428571428572,0.7142857142857143,0.0,1.8571428571428572,25.142857142857142,4.971428571428572,-18.0,17.428571428571427,265.0,0.14285714285714285,0.14285714285714285,-18.0,0.14285714285714285,0.0,38.142857142857146
70,RB,David Montgomery (15757235),David Montgomery,15757235,RB/FLEX,5500,MIN@CHI 11/16/2020 08:15PM ET,15260864,12.38,David MontgomeryRB15260864,10,David Montgomery,0.7305555555555556,1.2222222222222223,3.0,0.0,0.0,14.555555555555555,0.1111111111111111,0.0,0.0,0.0,0.0,23.555555555555557,0.0,0.0,3.5244444444444443,0.0,52.44444444444444,0.0,0.1111111111111111,3.3333333333333335,0.0,4.555555555555555,0.0,0.0
71,QB,Derek Carr (15757141),Derek Carr,15757141,QB,5400,DEN@LV 11/15/2020 04:05PM ET,15260876,19.24,Derek CarrQB15260876,10,Derek Carr,0.0,0.0,1.25,11.875,1.75,2.875,0.0,109.3375,7.7125,68.925,0.25,0.0,2.0,22.5,4.3225,-9.875,13.5,250.25,0.0,0.0,-9.875,0.0,0.0,32.25
72,RB,David Johnson (15757239),David Johnson,15757239,RB/FLEX,5400,HOU@CLE 11/15/2020 01:00PM ET,15260889,11.99,David JohnsonRB15260889,10,David Johnson,0.573,1.25,2.875,0.0,0.0,12.875,0.125,0.0,0.0,0.0,0.0,20.125,0.0,0.0,4.43125,0.0,51.0,0.0,0.375,2.0,0.0,3.125,0.0,0.0
73,RB,Giovani Bernard (15757237),Giovani Bernard,15757237,RB/FLEX,5400,CIN@PIT 11/15/2020 04:25PM ET,15260869,10.16,Giovani BernardRB15260869,10,Giovani Bernard,0.7205,1.0,1.125,0.0,0.0,5.0,0.25,0.0,0.0,0.0,0.0,23.75,0.0,0.0,3.545,0.0,17.875,0.0,0.25,3.0,0.0,3.625,0.0,0.0
74,WR,Mike Williams (15757545),Mike Williams,15757545,WR/FLEX,5400,LAC@MIA 11/15/2020 04:05PM ET,15260872,11.91,Mike WilliamsWR15260872,10,Mike Williams,0.6058571428571428,2.142857142857143,0.0,0.0,0.0,0.14285714285714285,0.42857142857142855,0.0,0.0,0.0,0.0,56.142857142857146,0.0,0.0,0.14285714285714285,0.0,0.14285714285714285,0.0,0.0,3.2857142857142856,0.0,5.714285714285714,0.42857142857142855,0.0
75,QB,Jimmy Garoppolo (15757145),Jimmy Garoppolo,15757145,QB,5300,SF@NO 11/15/2020 04:25PM ET,15260863,11.56,Jimmy GaroppoloQB15260863,10,Jimmy Garoppolo,0.0,0.0,0.5,9.166666666666666,1.8333333333333333,1.6666666666666667,0.0,86.35000000000001,7.5,67.46666666666667,0.8333333333333334,0.0,1.1666666666666667,15.666666666666666,2.6666666666666665,-12.833333333333334,4.166666666666667,182.66666666666666,0.0,0.0,-12.833333333333334,0.0,0.0,23.333333333333332
76,WR,John Brown (15757549),John Brown,15757549,WR/FLEX,5300,BUF@ARI 11/15/2020 04:05PM ET,15260861,9.49,John BrownWR15260861,10,John Brown,0.4705714285714286,2.2857142857142856,0.0,0.0,0.0,0.0,0.2857142857142857,0.0,0.0,0.0,0.0,44.857142857142854,0.0,0.0,0.0,0.0,0.0,0.0,0.0,3.2857142857142856,0.0,5.714285714285714,0.0,0.0
77,RB,Ronald Jones II (15757243),Ronald Jones II,15757243,RB/FLEX,5300,TB@CAR 11/15/2020 01:00PM ET,15260886,13.62,Ronald Jones IIRB15260886,10,Ronald Jones II,0.7426666666666666,0.1111111111111111,3.3333333333333335,0.0,0.0,13.333333333333334,0.0,0.0,0.0,0.0,0.0,13.11111111111111,0.0,0.0,4.095555555555555,0.0,59.77777777777778,0.0,0.4444444444444444,2.7777777777777777,0.0,3.888888888888889,0.0,0.0
78,QB,Tyrod Taylor (15757142),Tyrod Taylor,15757142,QB,5300,LAC@MIA 11/15/2020 04:05PM ET,15260872,4.51,Tyrod TaylorQB15260872,10,Tyrod Taylor,0.0,0.0,1.0,10.0,2.0,6.0,0.0,75.4,6.9,53.3,0.0,0.0,0.0,16.0,1.17,-1.0,7.0,208.0,0.0,0.0,-1.0,0.0,0.0,30.0
79,QB,Ryan Fitzpatrick (15757143),Ryan Fitzpatrick,15757143,QB,5300,LAC@MIA 11/15/2020 04:05PM ET,15260890,22.65,Ryan FitzpatrickQB15260890,10,Ryan Fitzpatrick,0.16666666666666666,0.0,1.8333333333333333,13.333333333333334,1.6666666666666667,4.166666666666667,0.0,98.73333333333333,8.0,72.06666666666668,1.1666666666666667,0.0,1.6666666666666667,23.0,5.031666666666666,-8.166666666666666,22.5,255.83333333333334,0.3333333333333333,0.16666666666666666,-8.166666666666666,0.16666666666666666,0.0,32.833333333333336
80,RB,Austin Ekeler (15757241),Austin Ekeler,15757241,RB/FLEX,5300,LAC@MIA 11/15/2020 04:05PM ET,15260872,15.55,Austin EkelerRB15260872,10,Austin Ekeler,1.0,1.75,3.5,0.0,0.0,12.25,0.0,0.0,0.0,0.0,0.0,36.0,0.0,0.0,5.2875,0.0,62.0,0.0,0.25,4.25,0.0,4.25,0.0,0.0
81,RB,J.K. Dobbins (15757249),J.K. Dobbins,15757249,RB/FLEX,5200,BAL@NE 11/15/2020 08:20PM ET,15260866,8.42,J.K. DobbinsRB15260866,10,J.K. Dobbins,0.6875,0.25,1.75,0.0,0.0,6.5,0.0,0.0,0.0,0.0,0.0,10.875,0.0,0.0,10.435,0.0,37.125,0.0,0.25,1.75,0.0,2.25,0.0,0.0
82,WR,Marvin Jones Jr. (15757553),Marvin Jones Jr.,15757553,WR/FLEX,5200,WAS@DET 11/15/2020 01:00PM ET,15260874,9.98,Marvin Jones Jr.WR15260874,10,Marvin Jones,0.634875,2.375,0.0,0.0,0.0,0.0,0.5,0.0,0.0,0.0,0.0,38.5,0.0,0.0,0.0,0.0,0.0,0.0,0.0,3.125,0.0,5.125,0.0,0.0
83,RB,Melvin Gordon III (15757247),Melvin Gordon III,15757247,RB/FLEX,5200,DEN@LV 11/15/2020 04:05PM ET,15260873,14,Melvin Gordon IIIRB15260873,10,Melvin Gordon,0.7654285714285715,0.42857142857142855,2.5714285714285716,0.0,0.0,13.714285714285714,0.14285714285714285,0.0,0.0,0.0,0.0,12.428571428571429,0.0,0.0,3.8614285714285717,0.0,56.142857142857146,0.0,0.5714285714285714,2.857142857142857,0.0,3.857142857142857,0.0,0.0
84,RB,Zack Moss (15757245),Zack Moss,15757245,RB/FLEX,5200,BUF@ARI 11/15/2020 04:05PM ET,15260861,9.92,Zack MossRB15260861,10,Zack Moss,0.4583333333333333,0.6666666666666666,2.3333333333333335,0.0,0.0,8.666666666666666,0.16666666666666666,0.0,0.0,0.0,0.0,11.833333333333334,0.0,0.0,3.7249999999999996,0.0,34.0,0.0,0.5,1.3333333333333333,0.0,1.6666666666666667,0.0,0.0
85,QB,Daniel Jones (15757146),Daniel Jones,15757146,QB,5200,PHI@NYG 11/15/2020 01:00PM ET,15260879,14.24,Daniel JonesQB15260879,10,Daniel Jones,0.0,0.0,1.3333333333333333,11.333333333333334,3.111111111111111,4.444444444444445,0.0,76.3111111111111,6.1000000000000005,62.44444444444444,1.0,0.0,0.8888888888888888,21.22222222222222,7.467777777777779,-18.444444444444443,35.55555555555556,208.66666666666666,0.0,0.0,-18.444444444444443,0.0,0.0,34.0
86,WR,Diontae Johnson (15757551),Diontae Johnson,15757551,WR/FLEX,5200,CIN@PIT 11/15/2020 04:25PM ET,15260860,11.47,Diontae JohnsonWR15260860,10,Diontae Johnson,0.5354285714285715,2.5714285714285716,0.0,0.0,0.0,0.2857142857142857,0.42857142857142855,0.0,0.0,0.0,0.0,44.285714285714285,0.0,0.0,1.8571428571428572,0.0,1.8571428571428572,0.0,0.0,4.428571428571429,0.0,7.714285714285714,0.0,0.0
87,RB,D'Andre Swift (15757253),D'Andre Swift,15757253,RB/FLEX,5100,WAS@DET 11/15/2020 01:00PM ET,15260874,13.09,D'Andre SwiftRB15260874,10,D'Andre Swift,0.75,1.0,1.75,0.0,0.0,6.75,0.125,0.0,0.0,0.0,0.0,25.875,0.0,0.0,3.3687500000000004,0.0,31.25,0.0,0.5,3.25,0.0,4.25,0.0,0.0
88,TE,T.J. Hockenson (15757883),T.J. Hockenson,15757883,TE/FLEX,5100,WAS@DET 11/15/2020 01:00PM ET,15260874,12.75,T.J. HockensonTE15260874,10,T.J. Hockenson,0.703625,2.75,0.0,0.0,0.0,0.0,0.625,0.0,0.0,0.0,0.0,45.0,0.0,0.0,0.0,0.0,0.0,0.0,0.0,4.25,0.0,6.125,0.0,0.0
89,WR,Corey Davis (15757555),Corey Davis,15757555,WR/FLEX,5100,IND@TEN 11/12/2020 08:20PM ET,15260871,14.98,Corey DavisWR15260871,10,Corey Davis,0.618,3.6666666666666665,0.0,0.0,0.0,0.0,0.5,0.0,0.0,0.0,0.0,61.5,0.0,0.0,0.0,0.0,0.0,0.0,0.0,4.833333333333333,0.0,7.0,1.0,0.0
90,WR,DJ Moore (15757557),DJ Moore,15757557,WR/FLEX,5100,TB@CAR 11/15/2020 01:00PM ET,15260878,13.33,DJ MooreWR15260878,10,D.J. Moore,0.5867777777777777,3.2222222222222223,0.0,0.0,0.0,0.0,0.3333333333333333,0.0,0.0,0.0,0.0,71.11111111111111,0.0,0.0,0.0,0.0,0.0,0.0,0.0,3.888888888888889,0.0,6.888888888888889,0.3333333333333333,0.0
91,RB,Mark Ingram II (15757263),Mark Ingram II,15757263,RB/FLEX,5000,BAL@NE 11/15/2020 08:20PM ET,15260866,6.67,Mark Ingram IIRB15260866,10,Mark Ingram,0.2778333333333333,0.16666666666666666,1.6666666666666667,0.0,0.0,8.333333333333334,0.0,0.0,0.0,0.0,0.0,4.166666666666667,0.0,0.0,4.455,0.0,37.5,0.0,0.3333333333333333,0.5,0.0,0.8333333333333334,0.0,0.0
92,QB,Dwayne Haskins Jr. (15757151),Dwayne Haskins Jr.,15757151,QB,5000,WAS@DET 11/15/2020 01:00PM ET,15260891,15.14,Dwayne Haskins Jr.QB15260891,10,Dwayne Haskins,0.0,0.0,0.75,12.5,3.25,3.25,0.0,80.0,6.4,60.074999999999996,0.75,0.0,1.0,22.25,3.1075,-25.25,7.5,234.75,0.25,0.0,-25.25,0.0,0.0,36.5
93,RB,Phillip Lindsay (15757261),Phillip Lindsay,15757261,RB/FLEX,5000,DEN@LV 11/15/2020 04:05PM ET,15260873,8.68,Phillip LindsayRB15260873,10,Phillip Lindsay,0.2666,0.2,1.6,0.0,0.0,10.6,0.0,0.0,0.0,0.0,0.0,2.8,0.0,0.0,6.662000000000001,0.0,62.0,0.0,0.2,0.4,0.0,1.4,0.0,0.0
94,RB,Duke Johnson (15757259),Duke Johnson,15757259,RB/FLEX,5000,HOU@CLE 11/15/2020 01:00PM ET,15260889,6.57,Duke JohnsonRB15260889,10,Duke Johnson,0.7083333333333334,0.6666666666666666,0.6666666666666666,0.0,0.0,5.666666666666667,0.0,0.0,0.0,0.0,0.0,18.166666666666668,0.0,0.0,2.3466666666666667,0.0,15.833333333333334,0.0,0.16666666666666666,2.3333333333333335,0.0,2.8333333333333335,0.0,0.0
95,WR,Sterling Shepard (15757561),Sterling Shepard,15757561,WR/FLEX,5000,PHI@NYG 11/15/2020 01:00PM ET,15260879,12.24,Sterling ShepardWR15260879,10,Sterling Shepard,0.76,2.8,0.2,0.0,0.0,0.4,0.2,0.0,0.0,0.0,0.0,49.6,0.0,0.0,4.8,0.0,4.8,0.0,0.0,5.6,0.0,7.2,0.0,0.0
96,WR,DeVante Parker (15757559),DeVante Parker,15757559,WR/FLEX,5000,LAC@MIA 11/15/2020 04:05PM ET,15260890,12.51,DeVante ParkerWR15260890,10,DeVante Parker,0.732125,3.0,0.0,0.0,0.0,0.0,0.375,0.0,0.0,0.0,0.0,53.875,0.0,0.0,0.0,0.0,0.0,0.0,0.0,4.5,0.0,6.125,0.375,0.0
97,RB,Gus Edwards (15757269),Gus Edwards,15757269,RB/FLEX,4900,BAL@NE 11/15/2020 08:20PM ET,15260866,6.61,Gus EdwardsRB15260866,10,Gus Edwards,0.125,0.0,2.625,0.0,0.0,9.375,0.0,0.0,0.0,0.0,0.0,1.375,0.0,0.0,4.8100000000000005,0.0,41.0,0.0,0.375,0.25,0.0,0.75,0.0,0.0
98,RB,J.D. McKissic (15757267),J.D. McKissic,15757267,RB/FLEX,4900,WAS@DET 11/15/2020 01:00PM ET,15260891,9.32,J.D. McKissicRB15260891,10,J.D. McKissic,0.65225,1.375,1.25,0.0,0.0,4.375,0.0,0.0,0.0,0.0,0.0,31.0,0.0,0.0,4.095,0.0,21.0,0.0,0.0,4.25,0.0,5.875,0.0,0.0
99,WR,Nelson Agholor (15757565),Nelson Agholor,15757565,WR/FLEX,4900,DEN@LV 11/15/2020 04:05PM ET,15260876,10.59,Nelson AgholorWR15260876,10,Nelson Agholor,0.73625,1.875,0.0,0.0,0.0,0.0,0.625,0.0,0.0,0.0,0.0,43.375,0.0,0.0,0.0,0.0,0.0,0.0,0.0,2.125,0.0,3.125,0.375,0.0
100,WR,Tim Patrick (15757567),Tim Patrick,15757567,WR/FLEX,4900,DEN@LV 11/15/2020 04:05PM ET,15260873,12.76,Tim PatrickWR15260873,10,Tim Patrick,0.6787142857142857,2.4285714285714284,0.0,0.0,0.0,0.0,0.42857142857142855,0.0,0.0,0.0,0.0,54.714285714285715,0.0,0.0,0.0,0.0,0.0,0.0,0.0,3.857142857142857,0.0,6.0,0.8571428571428571,0.0
101,TE,Noah Fant (15757885),Noah Fant,15757885,TE/FLEX,4900,DEN@LV 11/15/2020 04:05PM ET,15260873,11.56,Noah FantTE15260873,10,Noah Fant,0.739,2.142857142857143,0.0,0.0,0.0,0.0,0.2857142857142857,0.0,0.0,0.0,0.0,49.857142857142854,0.0,0.0,0.0,0.0,0.0,0.0,0.0,4.571428571428571,0.0,6.571428571428571,0.0,0.0
102,RB,Kenyan Drake (15757265),Kenyan Drake,15757265,RB/FLEX,4900,BUF@ARI 11/15/2020 04:05PM ET,15260888,12.59,Kenyan DrakeRB15260888,10,Kenyan Drake,0.6428571428571429,0.0,4.0,0.0,0.0,17.0,0.0,0.0,0.0,0.0,0.0,4.142857142857143,0.0,0.0,4.1085714285714285,0.0,73.14285714285714,0.0,0.5714285714285714,1.0,0.0,1.4285714285714286,0.0,0.0
103,WR,Curtis Samuel (15757563),Curtis Samuel,15757563,WR/FLEX,4900,TB@CAR 11/15/2020 01:00PM ET,15260878,14.01,Curtis SamuelWR15260878,10,Curtis Samuel,0.896875,2.5,0.625,0.0,0.0,2.75,0.25,0.0,0.0,0.0,0.0,45.875,0.0,0.0,4.46875,0.0,13.0,0.0,0.25,4.75,0.0,5.375,0.375,0.0
104,WR,Emmanuel Sanders (15757571),Emmanuel Sanders,15757571,WR/FLEX,4800,SF@NO 11/15/2020 04:25PM ET,15260880,14.2,Emmanuel SandersWR15260880,10,Emmanuel Sanders,0.6761666666666667,3.3333333333333335,0.0,0.0,0.0,0.0,0.5,0.0,0.0,0.0,0.0,57.0,0.0,0.0,0.0,0.0,0.0,0.0,0.0,5.0,0.0,6.833333333333333,0.5,0.0
105,WR,Zach Pascal (15757573),Zach Pascal,15757573,WR/FLEX,4800,IND@TEN 11/12/2020 08:20PM ET,15260867,8.21,Zach PascalWR15260867,10,Zach Pascal,0.6495,1.625,0.0,0.0,0.0,0.0,0.25,4.95,0.0,0.0,0.0,37.125,0.0,0.0,0.0,0.0,0.0,0.0,0.0,3.0,0.0,5.0,0.0,0.125
106,WR,Darius Slayton (15757569),Darius Slayton,15757569,WR/FLEX,4800,PHI@NYG 11/15/2020 01:00PM ET,15260879,11.67,Darius SlaytonWR15260879,10,Darius Slayton,0.6083333333333333,3.0,0.0,0.0,0.0,0.2222222222222222,0.3333333333333333,0.0,0.0,0.0,0.0,54.55555555555556,0.0,0.0,-0.1111111111111111,0.0,-0.1111111111111111,0.0,0.0,3.6666666666666665,0.0,6.333333333333333,0.6666666666666666,0.0
107,RB,Malcolm Brown (15757275),Malcolm Brown,15757275,RB/FLEX,4700,SEA@LAR 11/15/2020 04:25PM ET,15260882,8.91,Malcolm BrownRB15260882,10,Malcolm Brown,0.479125,0.625,2.625,0.0,0.0,9.375,0.0,0.0,0.0,0.0,0.0,9.875,0.0,0.0,3.88,0.0,39.25,0.0,0.375,1.75,0.0,2.625,0.0,0.0
108,WR,Cole Beasley (15757575),Cole Beasley,15757575,WR/FLEX,4700,BUF@ARI 11/15/2020 04:05PM ET,15260861,12.81,Cole BeasleyWR15260861,10,Cole Beasley,0.8332222222222222,3.111111111111111,0.0,0.0,0.0,0.0,0.2222222222222222,0.0,0.0,0.0,0.0,59.22222222222222,0.0,0.0,0.0,0.0,0.0,0.0,0.0,4.888888888888889,0.0,6.0,0.3333333333333333,0.0
109,TE,Jonnu Smith (15757889),Jonnu Smith,15757889,TE/FLEX,4700,IND@TEN 11/12/2020 08:20PM ET,15260871,11.3,Jonnu SmithTE15260871,10,Jonnu Smith,0.6825,2.0,0.0,0.0,0.0,0.0,0.75,0.0,0.0,0.0,0.0,38.0,0.0,0.0,0.0,0.0,0.0,0.0,0.0,3.0,0.0,4.625,0.0,0.0
110,TE,Rob Gronkowski (15757887),Rob Gronkowski,15757887,TE/FLEX,4700,TB@CAR 11/15/2020 01:00PM ET,15260886,8.59,Rob GronkowskiTE15260886,10,Rob Gronkowski,0.5304444444444445,1.7777777777777777,0.0,0.0,0.0,0.0,0.3333333333333333,0.0,0.0,0.0,0.0,35.888888888888886,0.0,0.0,0.0,0.0,0.0,0.0,0.0,3.0,0.0,5.111111111111111,0.0,0.0
111,RB,Justin Jackson (15757273),Justin Jackson,15757273,RB/FLEX,4700,LAC@MIA 11/15/2020 04:05PM ET,15260872,9.32,Justin JacksonRB15260872,10,Justin Jackson,0.6532,1.2,1.8,0.0,0.0,9.0,0.0,0.0,0.0,0.0,0.0,26.2,0.0,0.0,3.1740000000000004,0.0,37.0,0.0,0.0,3.0,0.0,3.8,0.0,0.0
112,TE,Mark Andrews (15757891),Mark Andrews,15757891,TE/FLEX,4600,BAL@NE 11/15/2020 08:20PM ET,15260866,10.71,Mark AndrewsTE15260866,10,Mark Andrews,0.601,2.375,0.0,0.0,0.0,0.0,0.625,0.0,0.0,0.0,0.0,37.125,0.0,0.0,0.0,0.0,0.0,0.0,0.0,3.25,0.0,5.5,0.0,0.0
113,QB,Taysom Hill (15757159),Taysom Hill,15757159,QB,4600,SF@NO 11/15/2020 04:25PM ET,15260880,5.24,Taysom HillQB15260880,10,Taysom Hill,0.625,0.375,1.125,0.375,0.0,3.25,0.125,44.550000000000004,7.75,37.5,0.0,9.25,0.0,0.5,4.79625,0.0,17.625,10.75,0.125,0.75,0.0,1.0,0.0,0.625
114,TE,Jared Cook (15757893),Jared Cook,15757893,TE/FLEX,4600,SF@NO 11/15/2020 04:25PM ET,15260880,10.27,Jared CookTE15260880,10,Jared Cook,0.6541428571428571,2.0,0.0,0.0,0.0,0.0,0.5714285714285714,0.0,0.0,0.0,0.0,39.857142857142854,0.0,0.0,0.0,0.0,0.0,0.0,0.0,3.0,0.0,4.571428571428571,0.0,0.0
115,QB,Mitchell Trubisky (15757157),Mitchell Trubisky,15757157,QB,4600,MIN@CHI 11/16/2020 08:15PM ET,15260864,13.1,Mitchell TrubiskyQB15260864,10,Mitchell Trubisky,0.0,0.0,0.75,8.25,1.75,2.25,0.0,63.5,4.825,44.75,0.75,0.0,1.5,12.75,15.1675,-14.5,22.5,140.0,0.0,0.0,-14.5,0.0,0.0,21.5
116,RB,Nyheim Hines (15757279),Nyheim Hines,15757279,RB/FLEX,4600,IND@TEN 11/12/2020 08:20PM ET,15260867,10.59,Nyheim HinesRB15260867,10,Nyheim Hines,0.7999999999999999,1.5,0.625,0.0,0.0,4.125,0.375,0.0,0.0,0.0,0.0,27.5,0.0,0.0,2.8674999999999997,0.0,13.375,0.0,0.125,3.5,0.0,4.375,0.0,0.0
117,WR,Rashard Higgins (15757577),Rashard Higgins,15757577,WR/FLEX,4600,HOU@CLE 11/15/2020 01:00PM ET,15260885,8.94,Rashard HigginsWR15260885,10,Rashard Higgins,0.7666000000000001,1.6,0.0,0.0,0.0,0.0,0.4,0.0,0.0,0.0,0.0,35.4,0.0,0.0,0.0,0.0,0.0,0.0,0.0,2.4,0.0,3.0,0.6,0.0
118,WR,Henry Ruggs III (15757581),Henry Ruggs III,15757581,WR/FLEX,4500,DEN@LV 11/15/2020 04:05PM ET,15260876,7.37,Henry Ruggs IIIWR15260876,10,Henry Ruggs III,0.4611666666666667,0.8333333333333334,0.3333333333333333,0.0,0.0,0.8333333333333334,0.16666666666666666,0.0,0.0,0.0,0.0,36.666666666666664,0.0,0.0,4.416666666666667,0.0,5.333333333333333,0.0,0.0,1.6666666666666667,0.0,3.5,0.5,0.0
119,RB,Carlos Hyde (15757283),Carlos Hyde,15757283,RB/FLEX,4500,SEA@LAR 11/15/2020 04:25PM ET,15260881,8.48,Carlos HydeRB15260881,10,Carlos Hyde,0.6875,0.25,2.5,0.0,0.0,7.75,0.0,0.0,0.0,0.0,0.0,8.5,0.0,0.0,3.8050000000000006,0.0,31.25,0.0,0.5,1.5,0.0,1.75,0.0,0.0
120,WR,T.Y. Hilton (15757579),T.Y. Hilton,15757579,WR/FLEX,4500,IND@TEN 11/12/2020 08:20PM ET,15260867,6.73,T.Y. HiltonWR15260867,10,T.Y. Hilton,0.634857142857143,1.8571428571428572,0.0,0.0,0.0,0.0,0.0,0.0,0.0,0.0,0.0,35.857142857142854,0.0,0.0,0.0,0.0,0.0,0.0,0.0,3.142857142857143,0.0,5.571428571428571,0.0,0.0
121,RB,Wayne Gallman Jr. (15757281),Wayne Gallman Jr.,15757281,RB/FLEX,4500,PHI@NYG 11/15/2020 01:00PM ET,15260879,8.43,Wayne Gallman Jr.RB15260879,10,Wayne Gallman,0.7381428571428571,0.2857142857142857,2.2857142857142856,0.0,0.0,7.285714285714286,0.0,0.0,0.0,0.0,0.0,9.714285714285714,0.0,0.0,3.711428571428571,0.0,31.714285714285715,0.0,0.42857142857142855,1.7142857142857142,0.0,2.0,0.0,0.0
122,TE,Evan Engram (15757895),Evan Engram,15757895,TE/FLEX,4500,PHI@NYG 11/15/2020 01:00PM ET,15260879,9.26,Evan EngramTE15260879,10,Evan Engram,0.5633333333333334,2.111111111111111,0.1111111111111111,0.0,0.0,0.5555555555555556,0.1111111111111111,0.0,0.0,0.0,0.0,36.888888888888886,0.0,0.0,1.6666666666666667,0.0,2.3333333333333335,0.0,0.1111111111111111,4.0,0.0,7.111111111111111,0.0,0.0
123,RB,James White (15757287),James White,15757287,RB/FLEX,4400,BAL@NE 11/15/2020 08:20PM ET,15260865,8.27,James WhiteRB15260865,10,James White,0.844,1.5,0.5,0.0,0.0,2.6666666666666665,0.0,0.0,0.0,0.0,0.0,32.5,0.0,0.0,2.2333333333333334,0.0,8.5,0.0,0.0,4.166666666666667,0.0,5.0,0.0,0.0
124,WR,Kendrick Bourne (15757589),Kendrick Bourne,15757589,WR/FLEX,4400,SF@NO 11/15/2020 04:25PM ET,15260863,8.28,Kendrick BourneWR15260863,10,Kendrick Bourne,0.54175,2.25,0.0,0.0,0.0,0.0,0.125,0.0,0.0,0.0,0.0,44.0,0.0,0.0,0.0,0.0,0.0,0.0,0.0,3.125,0.0,5.0,0.0,0.0
125,WR,Marquez Valdes-Scantling (15757587),Marquez Valdes-Scantling,15757587,WR/FLEX,4400,JAX@GB 11/15/2020 01:00PM ET,15260875,8.59,Marquez Valdes-ScantlingWR15260875,10,Marquez Valdes-Scantling,0.49325,1.75,0.125,0.0,0.0,0.25,0.375,0.0,0.0,0.0,0.0,39.25,0.0,0.0,1.625,0.0,1.625,0.0,0.0,2.25,0.0,4.875,0.0,0.0
126,WR,A.J. Green (15757585),A.J. Green,15757585,WR/FLEX,4400,CIN@PIT 11/15/2020 04:25PM ET,15260869,7.82,A.J. GreenWR15260869,10,A.J. Green,0.435625,2.625,0.0,0.0,0.0,0.0,0.0,0.0,0.0,0.0,0.0,39.5,0.0,0.0,0.0,0.0,0.0,0.0,0.0,3.875,0.0,7.875,0.0,0.0
127,TE,Eric Ebron (15757897),Eric Ebron,15757897,TE/FLEX,4400,CIN@PIT 11/15/2020 04:25PM ET,15260860,9.31,Eric EbronTE15260860,10,Eric Ebron,0.649625,2.0,0.0,0.0,0.0,0.0,0.375,0.0,0.0,0.0,0.0,35.625,0.0,0.0,0.0,0.0,0.0,0.0,0.0,3.625,0.0,5.375,0.0,0.0
128,RB,Joshua Kelley (15757285),Joshua Kelley,15757285,RB/FLEX,4400,LAC@MIA 11/15/2020 04:05PM ET,15260872,8.29,Joshua KelleyRB15260872,10,Joshua Kelley,0.875,1.0,2.0,0.0,0.0,11.375,0.0,0.0,0.0,0.0,0.0,17.625,0.0,0.0,3.335,0.0,36.5,0.0,0.125,2.375,0.0,2.375,0.0,0.0
129,RB,Devin Singletary (15757291),Devin Singletary,15757291,RB/FLEX,4300,BUF@ARI 11/15/2020 04:05PM ET,15260861,9.76,Devin SingletaryRB15260861,10,Devin Singletary,0.7682222222222223,0.5555555555555556,2.888888888888889,0.0,0.0,10.555555555555555,0.0,0.0,0.0,0.0,0.0,21.333333333333332,0.0,0.0,3.693333333333333,0.0,42.888888888888886,0.0,0.1111111111111111,2.6666666666666665,0.0,3.6666666666666665,0.0,0.0
130,WR,Michael Pittman Jr. (15757591),Michael Pittman Jr.,15757591,WR/FLEX,4300,IND@TEN 11/12/2020 08:20PM ET,15260867,5.5,Michael Pittman Jr.WR15260867,10,Michael Pittman Jr.,0.7975999999999999,1.6,0.0,0.0,0.0,0.0,0.0,0.0,0.0,0.0,0.0,27.0,0.0,0.0,0.0,0.0,0.0,0.0,0.0,2.8,0.0,4.0,0.0,0.0
131,WR,Preston Williams (15757593),Preston Williams,15757593,WR/FLEX,4300,LAC@MIA 11/15/2020 04:05PM ET,15260890,9.72,Preston WilliamsWR15260890,10,Preston Williams,0.56075,1.75,0.0,0.0,0.0,0.0,0.5,0.0,0.0,0.0,0.0,36.0,0.0,0.0,0.0,0.0,0.0,0.0,0.0,2.25,0.0,4.375,0.375,0.0
132,TE,Mike Gesicki (15757899),Mike Gesicki,15757899,TE/FLEX,4300,LAC@MIA 11/15/2020 04:05PM ET,15260890,8.76,Mike GesickiTE15260890,10,Mike Gesicki,0.5095,2.0,0.0,0.0,0.0,0.0,0.25,0.0,0.0,0.0,0.0,41.375,0.0,0.0,0.0,0.0,0.0,0.0,0.0,2.75,0.0,4.5,0.375,0.0
133,RB,Sony Michel (15757297),Sony Michel,15757297,RB/FLEX,4200,BAL@NE 11/15/2020 08:20PM ET,15260865,10.2,Sony MichelRB15260865,10,Sony Michel,0.3333333333333333,0.3333333333333333,2.3333333333333335,0.0,0.0,8.666666666666666,0.0,0.0,0.0,0.0,0.0,7.666666666666667,0.0,0.0,6.47,0.0,57.666666666666664,0.0,0.3333333333333333,0.6666666666666666,0.0,1.0,0.0,0.0
134,WR,Hunter Renfrow (15757599),Hunter Renfrow,15757599,WR/FLEX,4200,DEN@LV 11/15/2020 04:05PM ET,15260876,9.49,Hunter RenfrowWR15260876,10,Hunter Renfrow,0.7657499999999999,2.125,0.0,0.0,0.0,0.0,0.25,0.0,0.0,0.0,0.0,46.125,0.0,0.0,0.0,0.0,0.0,0.0,0.0,3.375,0.0,4.625,0.0,0.0
135,WR,Tre'Quan Smith (15757597),Tre'Quan Smith,15757597,WR/FLEX,4200,SF@NO 11/15/2020 04:25PM ET,15260880,9.31,Tre'Quan SmithWR15260880,10,Tre'Quan Smith,0.7827500000000001,2.0,0.0,0.0,0.0,0.0,0.375,0.0,0.0,0.0,0.0,38.125,0.0,0.0,0.0,0.0,0.0,0.0,0.0,3.25,0.0,4.25,0.0,0.0
136,RB,Cam Akers (15757295),Cam Akers,15757295,RB/FLEX,4200,SEA@LAR 11/15/2020 04:25PM ET,15260882,3.82,Cam AkersRB15260882,10,Cam Akers,0.5,0.25,1.25,0.0,0.0,8.75,0.0,0.0,0.0,0.0,0.0,5.75,0.0,0.0,4.4475,0.0,37.0,0.0,0.0,0.5,0.0,0.5,0.0,0.0
137,WR,Jalen Reagor (15757595),Jalen Reagor,15757595,WR/FLEX,4200,PHI@NYG 11/15/2020 01:00PM ET,15260862,9.27,Jalen ReagorWR15260862,10,Jalen Reagor,0.5833333333333334,1.6666666666666667,0.0,0.0,0.0,0.3333333333333333,0.3333333333333333,0.0,0.0,0.0,0.0,37.333333333333336,0.0,0.0,2.0,0.0,2.0,0.0,0.0,2.6666666666666665,0.0,4.666666666666667,0.0,0.0
138,TE,Dallas Goedert (15757901),Dallas Goedert,15757901,TE/FLEX,4200,PHI@NYG 11/15/2020 01:00PM ET,15260862,9.58,Dallas GoedertTE15260862,10,Dallas Goedert,0.8472500000000001,2.0,0.0,0.0,0.0,0.0,0.25,0.0,0.0,0.0,0.0,38.25,0.0,0.0,0.0,0.0,0.0,0.0,0.0,3.5,0.0,4.75,0.75,0.0
139,RB,Jordan Howard (15757293),Jordan Howard,15757293,RB/FLEX,4200,LAC@MIA 11/15/2020 04:05PM ET,15260890,5.6,Jordan HowardRB15260890,10,Jordan Howard,0.2,0.0,1.2,0.0,0.0,5.6,0.0,0.0,0.0,0.0,0.0,-0.6,0.0,0.0,0.982,0.0,6.6,0.0,0.8,0.2,0.0,0.2,0.0,0.0
140,QB,Robert Griffin III (15757173),Robert Griffin III,15757173,QB,4100,BAL@NE 11/15/2020 08:20PM ET,15260866,-0.18,Robert Griffin IIIQB15260866,10,Robert Griffin III,0.0,0.0,0.0,0.3333333333333333,0.0,1.6666666666666667,0.0,34.733333333333334,3.0,33.333333333333336,0.3333333333333333,0.0,0.0,0.3333333333333333,-0.3333333333333333,0.0,0.3333333333333333,3.0,0.0,0.0,0.0,0.0,0.0,0.6666666666666666
141,WR,Julian Edelman (15757603),Julian Edelman,15757603,WR/FLEX,4100,BAL@NE 11/15/2020 08:20PM ET,15260865,9.87,Julian EdelmanWR15260865,10,Julian Edelman,0.49000000000000005,3.0,0.16666666666666666,0.3333333333333333,0.0,0.3333333333333333,0.0,19.8,3.1666666666666665,16.666666666666668,0.0,52.5,0.0,0.3333333333333333,3.6666666666666665,0.0,3.6666666666666665,6.333333333333333,0.0,3.5,0.0,6.5,0.5,0.3333333333333333
142,QB,Tim Boyle (15757172),Tim Boyle,15757172,QB,4100,JAX@GB 11/15/2020 01:00PM ET,15260875,-0.1,Tim BoyleQB15260875,10,Tim Boyle,0.0,0.0,0.0,0.0,0.0,1.6,0.0,0.0,0.0,0.0,0.0,0.0,0.0,0.0,-0.8,0.0,-1.2,0.0,0.0,0.0,0.0,0.0,0.0,0.0
143,WR,Darnell Mooney (15757601),Darnell Mooney,15757601,WR/FLEX,4100,MIN@CHI 11/16/2020 08:15PM ET,15260864,8.61,Darnell MooneyWR15260864,10,Darnell Mooney,0.6303333333333333,1.7777777777777777,0.0,0.0,0.0,0.1111111111111111,0.2222222222222222,0.0,0.0,0.0,0.0,38.666666666666664,0.0,0.0,-0.3333333333333333,0.0,-0.3333333333333333,0.0,0.0,3.4444444444444446,0.0,6.0,0.0,0.0
144,TE,Jimmy Graham (15757905),Jimmy Graham,15757905,TE/FLEX,4100,MIN@CHI 11/16/2020 08:15PM ET,15260864,10.58,Jimmy GrahamTE15260864,10,Jimmy Graham,0.6858888888888889,2.4444444444444446,0.0,0.0,0.0,0.0,0.5555555555555556,0.0,0.0,0.0,0.0,33.55555555555556,0.0,0.0,0.0,0.0,0.0,0.0,0.0,3.888888888888889,0.0,6.111111111111111,0.0,0.0
145,TE,Hunter Henry (15757903),Hunter Henry,15757903,TE/FLEX,4100,LAC@MIA 11/15/2020 04:05PM ET,15260872,9.34,Hunter HenryTE15260872,10,Hunter Henry,0.6361249999999999,2.375,0.0,0.0,0.0,0.0,0.125,0.0,0.0,0.0,0.0,44.625,0.0,0.0,0.0,0.0,0.0,0.0,0.0,4.125,0.0,6.625,0.0,0.0
146,RB,Patrick Ricard (15757473),Patrick Ricard,15757473,RB/FLEX,4000,BAL@NE 11/15/2020 08:20PM ET,15260866,1.92,Patrick RicardRB15260866,10,Patrick Ricard,0.625,0.5,0.0,0.0,0.0,0.25,0.25,0.0,0.0,0.0,0.0,4.25,0.0,0.0,-0.25,0.0,-0.25,0.0,0.0,0.75,0.0,1.25,0.0,0.0
147,RB,Rex Burkhead (15757475),Rex Burkhead,15757475,RB/FLEX,4000,BAL@NE 11/15/2020 08:20PM ET,15260865,10.22,Rex BurkheadRB15260865,10,Rex Burkhead,0.639625,1.0,2.0,0.0,0.0,7.125,0.125,0.0,0.0,0.0,0.0,19.0,0.0,0.0,3.995,0.0,29.5,0.0,0.375,2.375,0.0,3.125,0.0,0.0
148,RB,J.J. Taylor (15757477),J.J. Taylor,15757477,RB/FLEX,4000,BAL@NE 11/15/2020 08:20PM ET,15260865,2.8,J.J. TaylorRB15260865,10,J.J. Taylor,0.3333333333333333,0.0,1.3333333333333333,0.0,0.0,5.333333333333333,0.0,0.0,0.0,0.0,0.0,1.3333333333333333,0.0,0.0,3.3033333333333332,0.0,23.333333333333332,0.0,0.0,0.3333333333333333,0.0,0.6666666666666666,0.0,0.0
149,WR,Willie Snead IV (15757605),Willie Snead IV,15757605,WR/FLEX,4000,BAL@NE 11/15/2020 08:20PM ET,15260866,7.28,Willie Snead IVWR15260866,10,Willie Snead,0.77675,1.75,0.0,0.0,0.0,0.0,0.125,0.0,0.0,0.0,0.0,36.5,0.0,0.0,0.0,0.0,0.0,0.0,0.0,2.5,0.0,3.25,0.375,0.0
150,RB,Peyton Barber (15757459),Peyton Barber,15757459,RB/FLEX,4000,WAS@DET 11/15/2020 01:00PM ET,15260891,3.58,Peyton BarberRB15260891,10,Peyton Barber,0.16666666666666666,0.0,1.3333333333333333,0.0,0.0,6.333333333333333,0.0,0.0,0.0,0.0,0.0,0.6666666666666666,0.0,0.0,1.88,0.0,13.5,0.0,0.3333333333333333,0.16666666666666666,0.0,0.3333333333333333,0.0,0.0
151,RB,Adrian Peterson (15757463),Adrian Peterson,15757463,RB/FLEX,4000,WAS@DET 11/15/2020 01:00PM ET,15260874,7.99,Adrian PetersonRB15260874,10,Adrian Peterson,0.7,0.375,2.25,0.0,0.0,11.625,0.0,0.0,0.0,0.0,0.0,8.625,0.0,0.0,3.69,0.0,43.75,0.0,0.25,1.25,0.0,1.75,0.0,0.0
152,RB,Kerryon Johnson (15757465),Kerryon Johnson,15757465,RB/FLEX,4000,WAS@DET 11/15/2020 01:00PM ET,15260874,5.54,Kerryon JohnsonRB15260874,10,Kerryon Johnson,0.6428571428571429,0.7142857142857143,0.8571428571428571,0.0,0.0,4.142857142857143,0.14285714285714285,0.0,0.0,0.0,0.0,11.285714285714286,0.0,0.0,3.404285714285714,0.0,15.571428571428571,0.0,0.14285714285714285,1.1428571428571428,0.0,1.4285714285714286,0.0,0.0
153,RB,Jalen Richard (15757445),Jalen Richard,15757445,RB/FLEX,4000,DEN@LV 11/15/2020 04:05PM ET,15260876,4.41,Jalen RichardRB15260876,10,Jalen Richard,0.6625,0.375,0.625,0.0,0.0,1.75,0.0,0.0,0.0,0.0,0.0,11.25,0.0,0.0,6.17875,0.0,10.375,0.0,0.125,1.5,0.0,1.875,0.0,0.0
154,RB,Devontae Booker (15757447),Devontae Booker,15757447,RB/FLEX,4000,DEN@LV 11/15/2020 04:05PM ET,15260876,6.04,Devontae BookerRB15260876,10,Devontae Booker,0.7142857142857143,0.14285714285714285,1.4285714285714286,0.0,0.0,4.714285714285714,0.0,0.0,0.0,0.0,0.0,8.571428571428571,0.0,0.0,6.011428571428572,0.0,31.857142857142858,0.0,0.14285714285714285,1.1428571428571428,0.0,1.1428571428571428,0.0,0.0
155,RB,Royce Freeman (15757453),Royce Freeman,15757453,RB/FLEX,4000,DEN@LV 11/15/2020 04:05PM ET,15260873,3.27,Royce FreemanRB15260873,10,Royce Freeman,0.75,0.5,1.0,0.0,0.0,3.3333333333333335,0.0,0.0,0.0,0.0,0.0,9.666666666666666,0.0,0.0,2.986666666666667,0.0,11.333333333333334,0.0,0.0,1.1666666666666667,0.0,1.3333333333333333,0.0,0.0
156,RB,Tevin Coleman (15757431),Tevin Coleman,15757431,RB/FLEX,4000,SF@NO 11/15/2020 04:25PM ET,15260863,3.8,Tevin ColemanRB15260863,10,Tevin Coleman,0.5,0.6666666666666666,1.0,0.0,0.0,7.0,0.0,0.0,0.0,0.0,0.0,11.333333333333334,0.0,0.0,4.010000000000001,0.0,16.666666666666668,0.0,0.0,1.0,0.0,1.3333333333333333,0.0,0.0
157,RB,Kyle Juszczyk (15757435),Kyle Juszczyk,15757435,RB/FLEX,4000,SF@NO 11/15/2020 04:25PM ET,15260863,4.16,Kyle JuszczykRB15260863,10,Kyle Juszczyk,0.6666666666666666,0.4444444444444444,0.7777777777777778,0.0,0.0,0.7777777777777778,0.0,0.0,0.0,0.0,0.0,13.11111111111111,0.0,0.0,1.8888888888888888,0.0,4.0,0.0,0.2222222222222222,1.1111111111111112,0.0,1.6666666666666667,0.0,0.0
158,RB,Latavius Murray (15757437),Latavius Murray,15757437,RB/FLEX,4000,SF@NO 11/15/2020 04:25PM ET,15260880,8.19,Latavius MurrayRB15260880,10,Latavius Murray,0.8125,0.5,2.5,0.0,0.0,10.125,0.0,0.0,0.0,0.0,0.0,11.75,0.0,0.0,3.9774999999999996,0.0,40.125,0.0,0.25,1.5,0.0,1.75,0.0,0.0
159,RB,Ty Montgomery (15757441),Ty Montgomery,15757441,RB/FLEX,4000,SF@NO 11/15/2020 04:25PM ET,15260880,2.05,Ty MontgomeryRB15260880,10,Ty Montgomery,0.3335,0.5,0.0,0.0,0.0,0.5,0.0,0.0,0.0,0.0,0.0,12.5,0.0,0.0,-2.0,0.0,-2.0,0.0,0.0,1.0,0.0,1.5,0.0,0.0
160,RB,Chris Thompson (15757413),Chris Thompson,15757413,RB/FLEX,4000,JAX@GB 11/15/2020 01:00PM ET,15260884,7.1,Chris ThompsonRB15260884,10,Chris Thompson,0.8888333333333334,0.8333333333333334,0.16666666666666666,0.0,0.0,1.1666666666666667,0.16666666666666666,0.0,0.0,0.0,0.0,24.333333333333332,0.0,0.0,1.9166666666666667,0.0,3.3333333333333335,0.0,0.0,3.3333333333333335,0.0,3.8333333333333335,0.0,0.0
161,RB,Tyler Ervin (15757421),Tyler Ervin,15757421,RB/FLEX,4000,JAX@GB 11/15/2020 01:00PM ET,15260875,4.13,Tyler ErvinRB15260875,10,Tyler Ervin,0.7721666666666667,1.0,0.6666666666666666,0.0,0.0,2.0,0.0,0.0,0.0,0.0,0.0,13.5,0.0,0.0,3.4450000000000003,0.0,11.166666666666666,0.0,0.0,1.6666666666666667,0.0,2.3333333333333335,0.0,0.0
162,RB,Jamaal Williams (15757425),Jamaal Williams,15757425,RB/FLEX,4000,JAX@GB 11/15/2020 01:00PM ET,15260875,11.53,Jamaal WilliamsRB15260875,10,Jamaal Williams,0.6857142857142857,1.1428571428571428,2.142857142857143,0.0,0.0,9.714285714285714,0.0,0.0,0.0,0.0,0.0,26.142857142857142,0.0,0.0,4.528571428571429,0.0,42.0,0.0,0.14285714285714285,3.2857142857142856,0.0,3.5714285714285716,0.0,0.0
163,RB,AJ Dillon (15757427),AJ Dillon,15757427,RB/FLEX,4000,JAX@GB 11/15/2020 01:00PM ET,15260875,2.05,AJ DillonRB15260875,10,AJ Dillon,0.16666666666666666,0.16666666666666666,0.5,0.0,0.0,3.8333333333333335,0.0,0.0,0.0,0.0,0.0,2.6666666666666665,0.0,0.0,4.333333333333333,0.0,16.166666666666668,0.0,0.0,0.16666666666666666,0.0,0.16666666666666666,0.0,0.0
164,WR,Allen Lazard (15757611),Allen Lazard,15757611,WR/FLEX,4000,JAX@GB 11/15/2020 01:00PM ET,15260875,18.37,Allen LazardWR15260875,10,Allen Lazard,0.7833333333333333,3.6666666666666665,0.3333333333333333,0.0,0.0,0.6666666666666666,0.6666666666666666,0.0,0.0,0.0,0.0,84.66666666666667,0.0,0.0,5.666666666666667,0.0,5.666666666666667,0.0,0.0,4.333333333333333,0.0,5.666666666666667,1.0,0.0
165,RB,Travis Homer (15757401),Travis Homer,15757401,RB/FLEX,4000,SEA@LAR 11/15/2020 04:25PM ET,15260881,3.49,Travis HomerRB15260881,10,Travis Homer,0.375,0.375,0.25,0.0,0.0,3.125,0.125,0.0,0.0,0.0,0.0,8.875,0.0,0.0,4.01125,0.0,11.0,0.0,0.0,0.75,0.0,0.875,0.0,0.0
166,RB,Alexander Mattison (15757387),Alexander Mattison,15757387,RB/FLEX,4000,MIN@CHI 11/16/2020 08:15PM ET,15260877,7.04,Alexander MattisonRB15260877,10,Alexander Mattison,0.375,0.375,2.0,0.0,0.0,8.625,0.0,0.0,0.0,0.0,0.0,7.625,0.0,0.0,4.38625,0.0,40.25,0.0,0.125,1.125,0.0,1.375,0.0,0.0
167,RB,Tarik Cohen (15757399),Tarik Cohen,15757399,RB/FLEX,4000,MIN@CHI 11/16/2020 08:15PM ET,15260864,5.83,Tarik CohenRB15260864,10,Tarik Cohen,0.8333333333333334,0.3333333333333333,1.0,0.0,0.0,4.666666666666667,0.0,0.0,0.0,0.0,0.0,13.666666666666666,0.0,0.0,6.253333333333333,0.0,24.666666666666668,0.0,0.0,2.0,0.0,3.0,0.0,0.0
168,QB,Chris Streveler (15757182),Chris Streveler,15757182,QB,4000,BUF@ARI 11/15/2020 04:05PM ET,15260888,0.3,Chris StrevelerQB15260888,10,Chris Streveler,0.0,0.0,1.0,0.0,0.0,1.0,0.0,0.0,0.0,0.0,0.0,0.0,0.0,0.0,3.0,0.0,3.0,0.0,0.0,0.0,0.0,0.0,0.0,0.0
169,RB,Marlon Mack (15757365),Marlon Mack,15757365,RB/FLEX,4000,IND@TEN 11/12/2020 08:20PM ET,15260867,8.6,Marlon MackRB15260867,10,Marlon Mack,1.0,1.0,2.0,0.0,0.0,4.0,0.0,0.0,0.0,0.0,0.0,30.0,0.0,0.0,6.5,0.0,26.0,0.0,0.0,3.0,0.0,3.0,0.0,0.0
170,RB,Khari Blasingame (15757375),Khari Blasingame,15757375,RB/FLEX,4000,IND@TEN 11/12/2020 08:20PM ET,15260871,1,Khari BlasingameRB15260871,10,Khari Blasingame,0.6666666666666666,0.0,0.0,0.0,0.0,0.0,0.0,0.0,0.0,0.0,0.0,3.3333333333333335,0.0,0.0,0.0,0.0,0.0,0.0,0.0,0.6666666666666666,0.0,1.0,0.0,0.0
171,RB,D'Ernest Johnson (15757353),D'Ernest Johnson,15757353,RB/FLEX,4000,HOU@CLE 11/15/2020 01:00PM ET,15260885,2.44,D'Ernest JohnsonRB15260885,10,D'Ernest Johnson,0.3333333333333333,0.0,1.0,0.0,0.0,4.833333333333333,0.0,0.0,0.0,0.0,0.0,1.5,0.0,0.0,3.76,0.0,23.666666666666668,0.0,0.0,0.3333333333333333,0.0,0.5,0.0,0.0
172,WR,Randall Cobb (15757609),Randall Cobb,15757609,WR/FLEX,4000,HOU@CLE 11/15/2020 01:00PM ET,15260889,10.54,Randall CobbWR15260889,10,Randall Cobb,0.80625,2.125,0.0,0.0,0.0,0.0,0.25,4.95,0.0,0.0,0.0,49.125,0.0,0.0,0.0,0.0,0.0,0.0,0.0,4.125,0.0,5.125,0.0,0.125
173,RB,Corey Clement (15757341),Corey Clement,15757341,RB/FLEX,4000,PHI@NYG 11/15/2020 01:00PM ET,15260862,2.02,Corey ClementRB15260862,10,Corey Clement,0.5,0.4,0.4,0.0,0.0,3.6,0.0,0.0,0.0,0.0,0.0,3.6,0.0,0.0,3.3280000000000003,0.0,12.6,0.0,0.0,0.8,0.0,1.0,0.0,0.0
174,RB,Jason Huntley (15757343),Jason Huntley,15757343,RB/FLEX,4000,PHI@NYG 11/15/2020 01:00PM ET,15260862,0.47,Jason HuntleyRB15260862,10,Jason Huntley,0.0,0.0,0.5,0.0,0.0,1.5,0.0,0.0,0.0,0.0,0.0,0.0,0.0,0.0,3.75,0.0,7.0,0.0,0.0,0.0,0.0,0.5,0.0,0.0
175,RB,Dion Lewis (15757345),Dion Lewis,15757345,RB/FLEX,4000,PHI@NYG 11/15/2020 01:00PM ET,15260879,4.42,Dion LewisRB15260879,10,Dion Lewis,0.5518888888888889,0.6666666666666666,0.4444444444444444,0.0,0.0,2.111111111111111,0.1111111111111111,0.0,0.0,0.0,0.0,9.88888888888889,0.0,0.0,2.4822222222222226,0.0,6.555555555555555,0.0,0.1111111111111111,1.5555555555555556,0.0,2.4444444444444446,0.0,0.0
176,RB,Saquon Barkley (15757349),Saquon Barkley,15757349,RB/FLEX,4000,PHI@NYG 11/15/2020 01:00PM ET,15260879,7.7,Saquon BarkleyRB15260879,10,Saquon Barkley,0.3335,1.5,0.5,0.0,0.0,9.5,0.0,0.0,0.0,0.0,0.0,30.0,0.0,0.0,3.7,0.0,17.0,0.0,0.0,3.0,0.0,4.5,0.0,0.0
177,TE,Zach Ertz (15757907),Zach Ertz,15757907,TE/FLEX,4000,PHI@NYG 11/15/2020 01:00PM ET,15260862,8.3,Zach ErtzTE15260862,10,Zach Ertz,0.5349999999999999,1.6666666666666667,0.0,0.0,0.0,0.0,0.16666666666666666,0.0,0.0,0.0,0.0,29.666666666666668,0.0,0.0,0.0,0.0,0.0,0.0,0.0,4.0,0.0,7.5,0.0,0.0
178,RB,Alex Armah (15757333),Alex Armah,15757333,RB/FLEX,4000,TB@CAR 11/15/2020 01:00PM ET,15260878,0.43,Alex ArmahRB15260878,10,Alex Armah,0.16666666666666666,0.16666666666666666,0.6666666666666666,0.0,0.0,0.8333333333333334,0.0,0.0,0.0,0.0,0.0,2.3333333333333335,0.0,0.0,0.9166666666666666,0.0,1.0,0.0,0.0,0.16666666666666666,0.0,0.5,0.0,0.0
179,RB,LeSean McCoy (15757335),LeSean McCoy,15757335,RB/FLEX,4000,TB@CAR 11/15/2020 01:00PM ET,15260886,3.2,LeSean McCoyRB15260886,10,LeSean McCoy,0.8428000000000001,0.6,0.0,0.0,0.0,1.2,0.0,0.0,0.0,0.0,0.0,12.2,0.0,0.0,-0.35,0.0,-0.2,0.0,0.0,2.0,0.0,2.8,0.0,0.0
180,RB,Jaylen Samuels (15757315),Jaylen Samuels,15757315,RB/FLEX,4000,CIN@PIT 11/15/2020 04:25PM ET,15260860,0.66,Jaylen SamuelsRB15260860,10,Jaylen Samuels,0.3,0.2,0.0,0.0,0.0,0.6,0.0,0.0,0.0,0.0,0.0,1.0,0.0,0.0,1.6,0.0,1.6,0.0,0.0,0.4,0.0,1.0,0.0,0.0
181,RB,Benny Snell Jr. (15757319),Benny Snell Jr.,15757319,RB/FLEX,4000,CIN@PIT 11/15/2020 04:25PM ET,15260860,4.69,Benny Snell Jr.RB15260860,10,Benny Snell Jr.,0.2857142857142857,0.0,1.4285714285714286,0.0,0.0,6.714285714285714,0.0,0.0,0.0,0.0,0.0,0.0,0.0,0.0,2.294285714285714,0.0,24.0,0.0,0.2857142857142857,0.2857142857142857,0.0,0.42857142857142855,0.0,0.0
182,RB,Matt Breida (15757305),Matt Breida,15757305,RB/FLEX,4000,LAC@MIA 11/15/2020 04:05PM ET,15260890,3.96,Matt BreidaRB15260890,10,Matt Breida,0.5,0.5714285714285714,0.5714285714285714,0.0,0.0,5.285714285714286,0.0,0.0,0.0,0.0,0.0,11.285714285714286,0.0,0.0,3.268571428571429,0.0,18.285714285714285,0.0,0.0,1.0,0.0,1.1428571428571428,0.0,0.0
183,RB,Patrick Laird (15757311),Patrick Laird,15757311,RB/FLEX,4000,LAC@MIA 11/15/2020 04:05PM ET,15260890,2.23,Patrick LairdRB15260890,10,Patrick Laird,1.0,0.3333333333333333,0.0,0.0,0.0,0.3333333333333333,0.0,0.0,0.0,0.0,0.0,9.333333333333334,0.0,0.0,-0.3333333333333333,0.0,-0.3333333333333333,0.0,0.0,1.3333333333333333,0.0,1.3333333333333333,0.0,0.0
184,WR,Danny Amendola (15757617),Danny Amendola,15757617,WR/FLEX,3900,WAS@DET 11/15/2020 01:00PM ET,15260874,8.16,Danny AmendolaWR15260874,10,Danny Amendola,0.639625,2.375,0.125,0.0,0.0,0.125,0.0,0.0,0.0,0.0,0.0,50.125,0.0,0.0,0.25,0.0,0.25,0.0,0.0,3.125,0.0,5.125,0.0,0.0
185,WR,Larry Fitzgerald (15757615),Larry Fitzgerald,15757615,WR/FLEX,3900,BUF@ARI 11/15/2020 04:05PM ET,15260888,7.39,Larry FitzgeraldWR15260888,10,Larry Fitzgerald,0.7401249999999999,2.0,0.0,0.0,0.0,0.0,0.0,0.0,0.0,0.0,0.0,32.625,0.0,0.0,0.0,0.0,0.0,0.0,0.0,4.125,0.0,5.25,0.0,0.0
186,TE,Austin Hooper (15757909),Austin Hooper,15757909,TE/FLEX,3900,HOU@CLE 11/15/2020 01:00PM ET,15260885,8.08,Austin HooperTE15260885,10,Austin Hooper,0.7161666666666666,2.0,0.0,0.0,0.0,0.0,0.16666666666666666,0.0,0.0,0.0,0.0,34.166666666666664,0.0,0.0,0.0,0.0,0.0,0.0,0.0,3.6666666666666665,0.0,5.5,0.0,0.0
187,WR,Laviska Shenault Jr. (15757621),Laviska Shenault Jr.,15757621,WR/FLEX,3800,JAX@GB 11/15/2020 01:00PM ET,15260884,9.21,Laviska Shenault Jr.WR15260884,10,Laviska Shenault Jr.,0.8087500000000001,2.375,0.5,0.0,0.0,1.375,0.125,0.0,0.0,0.0,0.0,40.375,0.0,0.0,2.425,0.0,6.75,0.0,0.0,3.75,0.0,4.875,0.0,0.0
188,WR,Greg Ward (15757619),Greg Ward,15757619,WR/FLEX,3800,PHI@NYG 11/15/2020 01:00PM ET,15260862,9.49,Greg WardWR15260862,10,Greg Ward,0.7389999999999999,1.75,0.0,0.0,0.0,0.25,0.375,0.0,0.0,0.0,0.0,30.375,0.0,0.0,-0.5,0.0,-0.5,0.0,0.0,4.0,0.0,5.625,0.0,0.0
189,WR,N'Keal Harry (15757629),N'Keal Harry,15757629,WR/FLEX,3700,BAL@NE 11/15/2020 08:20PM ET,15260865,6.9,N'Keal HarryWR15260865,10,N'Keal Harry,0.5,1.6666666666666667,0.0,0.0,0.0,0.16666666666666666,0.16666666666666666,0.0,0.0,0.0,0.0,28.666666666666668,0.0,0.0,0.3333333333333333,0.0,0.3333333333333333,0.0,0.0,3.1666666666666665,0.0,5.333333333333333,0.0,0.0
190,TE,Tyler Higbee (15757913),Tyler Higbee,15757913,TE/FLEX,3700,SEA@LAR 11/15/2020 04:25PM ET,15260882,9.09,Tyler HigbeeTE15260882,10,Tyler Higbee,0.8214285714285714,1.5714285714285714,0.0,0.0,0.0,0.0,0.42857142857142855,0.0,0.0,0.0,0.0,33.714285714285715,0.0,0.0,0.0,0.0,0.0,0.0,0.0,2.857142857142857,0.0,3.5714285714285716,0.0,0.0
191,WR,Anthony Miller (15757625),Anthony Miller,15757625,WR/FLEX,3700,MIN@CHI 11/16/2020 08:15PM ET,15260864,8.44,Anthony MillerWR15260864,10,Anthony Miller,0.6243333333333334,1.6666666666666667,0.1111111111111111,0.0,0.0,0.1111111111111111,0.2222222222222222,0.0,0.0,0.0,0.0,35.666666666666664,0.0,0.0,1.0,0.0,1.0,0.0,0.0,3.5555555555555554,0.0,5.555555555555555,0.0,0.0
192,WR,Marvin Hall (15757641),Marvin Hall,15757641,WR/FLEX,3500,WAS@DET 11/15/2020 01:00PM ET,15260874,4.85,Marvin HallWR15260874,10,Marvin Hall,0.38157142857142856,1.0,0.0,0.0,0.0,0.14285714285714285,0.14285714285714285,0.0,0.0,0.0,0.0,28.142857142857142,0.0,0.0,0.14285714285714285,0.0,0.14285714285714285,0.0,0.0,1.4285714285714286,0.0,2.857142857142857,0.42857142857142855,0.0
193,TE,Jordan Reed (15757919),Jordan Reed,15757919,TE/FLEX,3500,SF@NO 11/15/2020 04:25PM ET,15260863,8.2,Jordan ReedTE15260863,10,Jordan Reed,0.677,1.5,0.0,0.0,0.0,0.0,0.5,0.0,0.0,0.0,0.0,22.0,0.0,0.0,0.0,0.0,0.0,0.0,0.0,3.0,0.0,4.5,0.0,0.0
194,WR,Josh Reynolds (15757639),Josh Reynolds,15757639,WR/FLEX,3500,SEA@LAR 11/15/2020 04:25PM ET,15260882,8.15,Josh ReynoldsWR15260882,10,Josh Reynolds,0.67425,2.125,0.0,0.0,0.0,0.0,0.25,0.0,0.0,0.0,0.0,40.25,0.0,0.0,0.0,0.0,0.0,0.0,0.0,2.75,0.0,4.75,0.0,0.0
195,WR,Parris Campbell (15757633),Parris Campbell,15757633,WR/FLEX,3500,IND@TEN 11/12/2020 08:20PM ET,15260867,7.35,Parris CampbellWR15260867,10,Parris Campbell,0.3335,2.0,1.0,0.0,0.0,1.0,0.0,0.0,0.0,0.0,0.0,35.5,0.0,0.0,8.0,0.0,8.0,0.0,0.0,3.0,0.0,4.5,0.0,0.0
196,WR,Scotty Miller (15757635),Scotty Miller,15757635,WR/FLEX,3500,TB@CAR 11/15/2020 01:00PM ET,15260886,10.42,Scotty MillerWR15260886,10,Scott Miller,0.60175,2.125,0.0,0.0,0.0,0.375,0.25,0.0,0.0,0.0,0.0,51.25,0.0,0.0,1.75,0.0,1.75,0.0,0.0,3.25,0.0,5.125,0.375,0.0
197,WR,Keelan Cole (15757647),Keelan Cole,15757647,WR/FLEX,3400,JAX@GB 11/15/2020 01:00PM ET,15260884,11.02,Keelan ColeWR15260884,10,Keelan Cole,0.6655,2.25,0.0,0.0,0.0,0.125,0.375,0.0,0.0,0.0,0.0,47.5,0.0,0.0,0.25,0.0,0.25,0.0,0.0,3.625,0.0,5.25,0.375,0.0
198,WR,David Moore (15757645),David Moore,15757645,WR/FLEX,3400,SEA@LAR 11/15/2020 04:25PM ET,15260881,10,David MooreWR15260881,10,David Moore,0.802125,1.625,0.5,0.0,0.0,0.5,0.5,0.0,0.0,0.0,0.0,39.5,0.0,0.0,3.75,0.0,5.5,0.0,0.0,2.5,0.0,3.25,0.0,0.0
199,WR,Gabriel Davis (15757643),Gabriel Davis,15757643,WR/FLEX,3400,BUF@ARI 11/15/2020 04:05PM ET,15260861,7.17,Gabriel DavisWR15260861,10,Gabriel Davis,0.7432222222222222,1.4444444444444444,0.0,0.0,0.0,0.1111111111111111,0.3333333333333333,0.0,0.0,0.0,0.0,30.555555555555557,0.0,0.0,0.0,0.0,0.0,0.0,0.0,2.111111111111111,0.0,3.111111111111111,0.0,0.0
200,TE,Mo Alie-Cox (15757921),Mo Alie-Cox,15757921,TE/FLEX,3400,IND@TEN 11/12/2020 08:20PM ET,15260867,8.49,Mo Alie-CoxTE15260867,10,Mo Alie-Cox,0.7261428571428572,2.0,0.0,0.0,0.0,0.0,0.2857142857142857,0.0,0.0,0.0,0.0,39.142857142857146,0.0,0.0,0.0,0.0,0.0,0.0,0.0,2.4285714285714284,0.0,3.0,0.42857142857142855,0.0
201,TE,Darren Fells (15757923),Darren Fells,15757923,TE/FLEX,3400,HOU@CLE 11/15/2020 01:00PM ET,15260889,8.16,Darren FellsTE15260889,10,Darren Fells,0.7177142857142857,1.5714285714285714,0.0,0.0,0.0,0.0,0.42857142857142855,0.0,0.0,0.0,0.0,33.0,0.0,0.0,0.0,0.0,0.0,0.0,0.0,2.2857142857142856,0.0,3.142857142857143,0.0,0.0
202,WR,Dontrelle Inman (15757655),Dontrelle Inman,15757655,WR/FLEX,3300,WAS@DET 11/15/2020 01:00PM ET,15260891,7.3,Dontrelle InmanWR15260891,10,Dontrelle Inman,0.6833333333333332,1.8333333333333333,0.0,0.0,0.0,0.0,0.3333333333333333,0.0,0.0,0.0,0.0,24.666666666666668,0.0,0.0,0.0,0.0,0.0,0.0,0.0,2.8333333333333335,0.0,4.5,0.0,0.0
203,TE,Logan Thomas (15757927),Logan Thomas,15757927,TE/FLEX,3300,WAS@DET 11/15/2020 01:00PM ET,15260891,8.2,Logan ThomasTE15260891,10,Logan Thomas,0.533125,1.875,0.0,0.0,0.0,0.0,0.375,0.0,0.0,0.0,0.0,29.5,0.0,0.0,0.0,0.0,0.0,0.0,0.0,3.0,0.0,5.75,0.0,0.0
204,WR,Cordarrelle Patterson (15757651),Cordarrelle Patterson,15757651,WR/FLEX,3300,MIN@CHI 11/16/2020 08:15PM ET,15260864,4.03,Cordarrelle PattersonWR15260864,10,Cordarrelle Patterson,0.8055555555555556,0.4444444444444444,0.5555555555555556,0.0,0.0,3.2222222222222223,0.0,0.0,0.0,0.0,0.0,11.666666666666666,0.0,0.0,2.803333333333333,0.0,9.777777777777779,0.0,0.0,1.8888888888888888,0.0,2.111111111111111,0.0,0.0
205,TE,Irv Smith Jr. (15757925),Irv Smith Jr.,15757925,TE/FLEX,3300,MIN@CHI 11/16/2020 08:15PM ET,15260877,5.36,Irv Smith Jr.TE15260877,10,Irv Smith Jr.,0.6214285714285713,1.2857142857142858,0.0,0.0,0.0,0.0,0.2857142857142857,0.0,0.0,0.0,0.0,22.714285714285715,0.0,0.0,0.0,0.0,0.0,0.0,0.0,1.8571428571428572,0.0,3.0,0.0,0.0
206,WR,Jalen Guyton (15757653),Jalen Guyton,15757653,WR/FLEX,3300,LAC@MIA 11/15/2020 04:05PM ET,15260872,6.82,Jalen GuytonWR15260872,10,Jalen Guyton,0.614625,0.875,0.0,0.0,0.0,0.125,0.375,0.0,0.0,0.0,0.0,33.75,0.0,0.0,-0.5,0.0,-0.5,0.0,0.0,1.25,0.0,2.375,0.0,0.0
207,WR,Adam Humphries (15757657),Adam Humphries,15757657,WR/FLEX,3200,IND@TEN 11/12/2020 08:20PM ET,15260871,9.32,Adam HumphriesWR15260871,10,Adam Humphries,0.5990000000000001,1.8333333333333333,0.0,0.0,0.16666666666666666,0.0,0.3333333333333333,0.0,0.0,0.0,0.0,36.5,0.0,0.0,0.0,0.0,0.0,0.0,0.0,3.6666666666666665,0.0,5.166666666666667,0.0,0.0
208,TE,David Njoku (15757929),David Njoku,15757929,TE/FLEX,3200,HOU@CLE 11/15/2020 01:00PM ET,15260885,6.04,David NjokuTE15260885,10,David Njoku,0.6666000000000001,1.2,0.0,0.0,0.0,0.0,0.4,0.0,0.0,0.0,0.0,20.4,0.0,0.0,0.0,0.0,0.0,0.0,0.0,1.6,0.0,2.6,0.0,0.0
209,TE,Gerald Everett (15757931),Gerald Everett,15757931,TE/FLEX,3100,SEA@LAR 11/15/2020 04:25PM ET,15260882,7.71,Gerald EverettTE15260882,10,Gerald Everett,0.8008571428571428,1.5714285714285714,0.14285714285714285,0.0,0.0,0.14285714285714285,0.14285714285714285,0.0,0.0,0.0,0.0,32.57142857142857,0.0,0.0,0.2857142857142857,0.0,0.2857142857142857,0.0,0.14285714285714285,2.857142857142857,0.0,3.857142857142857,0.0,0.0
210,WR,DeSean Jackson (15757663),DeSean Jackson,15757663,WR/FLEX,3100,PHI@NYG 11/15/2020 01:00PM ET,15260862,7.42,DeSean JacksonWR15260862,10,DeSean Jackson,0.51325,2.25,0.25,0.0,0.0,0.25,0.0,0.0,0.0,0.0,0.0,38.75,0.0,0.0,3.0,0.0,3.0,0.0,0.0,3.25,0.0,6.25,0.0,0.0
211,WR,Miles Boykin (15757665),Miles Boykin,15757665,WR/FLEX,3000,BAL@NE 11/15/2020 08:20PM ET,15260866,4.41,Miles BoykinWR15260866,10,Miles Boykin,0.589625,1.125,0.0,0.0,0.0,0.0,0.125,0.0,0.0,0.0,0.0,19.125,0.0,0.0,0.0,0.0,0.0,0.0,0.0,1.75,0.0,2.875,0.0,0.0
212,WR,Devin Duvernay (15757861),Devin Duvernay,15757861,WR/FLEX,3000,BAL@NE 11/15/2020 08:20PM ET,15260866,4.25,Devin DuvernayWR15260866,10,Devin Duvernay,0.6875,0.625,0.125,0.0,0.0,0.25,0.0,0.0,0.0,0.0,0.0,16.125,0.0,0.0,5.125,0.0,5.125,0.0,0.0,1.375,0.0,1.875,0.0,0.0
213,WR,Steven Sims Jr. (15757841),Steven Sims Jr.,15757841,WR/FLEX,3000,WAS@DET 11/15/2020 01:00PM ET,15260891,4.18,Steven Sims Jr.WR15260891,10,Steven Sims,0.8666666666666667,2.0,0.0,0.0,0.0,0.0,0.0,0.0,0.0,0.0,0.0,35.666666666666664,0.0,0.0,0.0,0.0,0.0,0.0,0.0,2.3333333333333335,0.0,3.0,0.0,0.0
214,WR,Quintez Cephus (15757859),Quintez Cephus,15757859,WR/FLEX,3000,WAS@DET 11/15/2020 01:00PM ET,15260874,5.2,Quintez CephusWR15260874,10,Quintez Cephus,0.7666666666666666,2.0,0.0,0.0,0.0,0.0,0.0,0.0,0.0,0.0,0.0,42.666666666666664,0.0,0.0,0.0,0.0,0.0,0.0,0.0,2.6666666666666665,0.0,5.0,0.0,0.0
215,WR,Bryan Edwards (15757825),Bryan Edwards,15757825,WR/FLEX,3000,DEN@LV 11/15/2020 04:05PM ET,15260876,4.97,Bryan EdwardsWR15260876,10,Bryan Edwards,0.8889999999999999,1.3333333333333333,0.0,0.0,0.0,0.0,0.0,0.0,0.0,0.0,0.0,33.0,0.0,0.0,0.0,0.0,0.0,0.0,0.0,1.6666666666666667,0.0,2.0,0.0,0.0
216,WR,DaeSean Hamilton (15757833),DaeSean Hamilton,15757833,WR/FLEX,3000,DEN@LV 11/15/2020 04:05PM ET,15260873,4.6,DaeSean HamiltonWR15260873,10,DaeSean Hamilton,0.49514285714285716,1.1428571428571428,0.0,0.0,0.0,0.0,0.14285714285714285,0.0,0.0,0.0,0.0,21.714285714285715,0.0,0.0,0.0,0.0,0.0,0.0,0.0,1.5714285714285714,0.0,3.0,0.0,0.0
217,WR,Tyrie Cleveland (15757837),Tyrie Cleveland,15757837,WR/FLEX,3000,DEN@LV 11/15/2020 04:05PM ET,15260873,0.34,Tyrie ClevelandWR15260873,10,Tyrie Cleveland,0.3333333333333333,0.0,0.0,0.0,0.0,0.0,0.0,0.0,0.0,0.0,0.0,2.3333333333333335,0.0,0.0,0.0,0.0,0.0,0.0,0.0,0.3333333333333333,0.0,1.0,0.0,0.0
218,WR,Trent Taylor (15757813),Trent Taylor,15757813,WR/FLEX,3000,SF@NO 11/15/2020 04:25PM ET,15260863,2.07,Trent TaylorWR15260863,10,Trent Taylor,0.48814285714285716,0.7142857142857143,0.0,0.0,0.0,0.0,0.0,0.0,0.0,0.0,0.0,12.285714285714286,0.0,0.0,0.0,0.0,0.0,0.0,0.0,1.4285714285714286,0.0,3.0,0.0,0.0
219,WR,Deonte Harris (15757821),Deonte Harris,15757821,WR/FLEX,3000,SF@NO 11/15/2020 04:25PM ET,15260880,5.69,Deonte HarrisWR15260880,10,Deonte Harris,0.7952857142857143,1.2857142857142858,0.14285714285714285,0.0,0.0,0.7142857142857143,0.14285714285714285,0.0,0.0,0.0,0.0,22.857142857142858,0.0,0.0,3.2857142857142856,0.0,4.0,0.0,0.0,2.142857142857143,0.0,2.857142857142857,0.0,0.0
220,WR,Chris Conley (15757801),Chris Conley,15757801,WR/FLEX,3000,JAX@GB 11/15/2020 01:00PM ET,15260884,6.95,Chris ConleyWR15260884,10,Chris Conley,0.696375,1.75,0.0,0.0,0.0,0.0,0.125,0.0,0.0,0.0,0.0,34.5,0.0,0.0,0.0,0.0,0.0,0.0,0.0,2.75,0.0,4.25,0.0,0.0
221,WR,Collin Johnson (15757803),Collin Johnson,15757803,WR/FLEX,3000,JAX@GB 11/15/2020 01:00PM ET,15260884,2.84,Collin JohnsonWR15260884,10,Collin Johnson,0.625,0.8333333333333334,0.0,0.0,0.0,0.0,0.16666666666666666,0.0,0.0,0.0,0.0,11.5,0.0,0.0,0.0,0.0,0.0,0.0,0.0,1.1666666666666667,0.0,2.1666666666666665,0.0,0.0
222,WR,Freddie Swain (15757787),Freddie Swain,15757787,WR/FLEX,3000,SEA@LAR 11/15/2020 04:25PM ET,15260881,3.24,Freddie SwainWR15260881,10,Freddie Swain,0.6667142857142857,0.42857142857142855,0.0,0.0,0.0,0.0,0.14285714285714285,0.0,0.0,0.0,0.0,13.857142857142858,0.0,0.0,0.0,0.0,0.0,0.0,0.0,1.0,0.0,1.5714285714285714,0.0,0.0
223,WR,Van Jefferson Jr. (15757795),Van Jefferson Jr.,15757795,WR/FLEX,3000,SEA@LAR 11/15/2020 04:25PM ET,15260882,3,Van Jefferson Jr.WR15260882,10,Van Jefferson,0.5904285714285714,0.8571428571428571,0.0,0.0,0.0,0.14285714285714285,0.0,0.0,0.0,0.0,0.0,17.285714285714285,0.0,0.0,-0.14285714285714285,0.0,-0.14285714285714285,0.0,0.0,1.2857142857142858,0.0,2.0,0.0,0.0
224,WR,Olabisi Johnson (15757773),Olabisi Johnson,15757773,WR/FLEX,3000,MIN@CHI 11/16/2020 08:15PM ET,15260877,2.86,Olabisi JohnsonWR15260877,10,Olabisi Johnson,0.52075,1.0,0.0,0.0,0.0,0.0,0.0,0.0,0.0,0.0,0.0,23.25,0.0,0.0,0.0,0.0,0.0,0.0,0.0,1.25,0.0,2.25,0.0,0.0
225,WR,Javon Wims (15757785),Javon Wims,15757785,WR/FLEX,3000,MIN@CHI 11/16/2020 08:15PM ET,15260864,2.07,Javon WimsWR15260864,10,Javon Wims,0.6,0.6,0.0,0.0,0.0,0.0,0.2,0.0,0.0,0.0,0.0,7.0,0.0,0.0,0.0,0.0,0.0,0.0,0.0,1.0,0.0,1.6,0.0,0.0
226,TE,Kyle Rudolph (15757939),Kyle Rudolph,15757939,TE/FLEX,3000,MIN@CHI 11/16/2020 08:15PM ET,15260877,4.69,Kyle RudolphTE15260877,10,Kyle Rudolph,0.708375,1.125,0.0,0.0,0.0,0.0,0.125,0.0,0.0,0.0,0.0,21.875,0.0,0.0,0.0,0.0,0.0,0.0,0.0,1.75,0.0,2.375,0.0,0.0
227,WR,Isaiah McKenzie (15757763),Isaiah McKenzie,15757763,WR/FLEX,3000,BUF@ARI 11/15/2020 04:05PM ET,15260861,5.16,Isaiah McKenzieWR15260861,10,Isaiah McKenzie,0.9375,1.0,0.125,0.0,0.0,0.625,0.25,0.0,0.0,0.0,0.0,17.25,0.0,0.0,-0.0625,0.0,0.625,0.0,0.0,1.875,0.0,2.0,0.0,0.0
228,WR,KhaDarel Hodge (15757727),KhaDarel Hodge,15757727,WR/FLEX,3000,HOU@CLE 11/15/2020 01:00PM ET,15260885,2.7,KhaDarel HodgeWR15260885,10,KhaDarel Hodge,0.4443333333333333,1.0,0.0,0.0,0.0,0.0,0.0,0.0,0.0,0.0,0.0,17.0,0.0,0.0,0.0,0.0,0.0,0.0,0.0,1.0,0.0,2.0,0.0,0.0
229,WR,Odell Beckham Jr. (15757731),Odell Beckham Jr.,15757731,WR/FLEX,3000,HOU@CLE 11/15/2020 01:00PM ET,15260885,12.40,Odell Beckham Jr.WR15260885,10,Odell Beckham Jr.,0.49742857142857144,2.4285714285714284,0.2857142857142857,0.14285714285714285,0.0,0.42857142857142855,0.42857142857142855,16.97142857142857,2.5714285714285716,14.285714285714286,0.0,45.57142857142857,0.0,0.14285714285714285,5.071428571428571,0.0,10.285714285714286,2.5714285714285716,0.14285714285714285,3.2857142857142856,0.0,6.142857142857143,0.0,0.14285714285714285
230,WR,DeAndre Carter (15757737),DeAndre Carter,15757737,WR/FLEX,3000,HOU@CLE 11/15/2020 01:00PM ET,15260889,0.1,DeAndre CarterWR15260889,10,DeAndre Carter,0.5,0.0,0.0,0.0,0.0,0.0,0.0,0.0,0.0,0.0,0.0,8.0,0.0,0.0,0.0,0.0,0.0,0.0,0.0,1.0,0.0,2.0,0.0,0.0
231,TE,Harrison Bryant (15757935),Harrison Bryant,15757935,TE/FLEX,3000,HOU@CLE 11/15/2020 01:00PM ET,15260885,5.89,Harrison BryantTE15260885,10,Harrison Bryant,0.6,1.25,0.0,0.0,0.0,0.0,0.375,0.0,0.0,0.0,0.0,18.875,0.0,0.0,0.0,0.0,0.0,0.0,0.0,1.875,0.0,2.625,0.0,0.0
232,WR,John Hightower (15757711),John Hightower,15757711,WR/FLEX,3000,PHI@NYG 11/15/2020 01:00PM ET,15260862,3.94,John HightowerWR15260862,10,John Hightower,0.42857142857142855,0.7142857142857143,0.0,0.0,0.0,0.0,0.0,0.0,0.0,0.0,0.0,23.714285714285715,0.0,0.0,0.0,0.0,0.0,0.0,0.0,1.2857142857142858,0.0,3.4285714285714284,0.0,0.0
233,WR,C.J. Board (15757719),C.J. Board,15757719,WR/FLEX,3000,PHI@NYG 11/15/2020 01:00PM ET,15260879,2.27,C.J. BoardWR15260879,10,C.J. Board,0.6388333333333334,0.6666666666666666,0.0,0.0,0.0,0.16666666666666666,0.0,0.0,0.0,0.0,0.0,12.666666666666666,0.0,0.0,0.5,0.0,0.5,0.0,0.0,1.3333333333333333,0.0,2.0,0.0,0.0
234,WR,Justin Watson (15757705),Justin Watson,15757705,WR/FLEX,3000,TB@CAR 11/15/2020 01:00PM ET,15260886,4.1,Justin WatsonWR15260886,10,Justin Watson,0.6113333333333334,1.6666666666666667,0.0,0.0,0.0,0.0,0.0,0.0,0.0,0.0,0.0,31.333333333333332,0.0,0.0,0.0,0.0,0.0,0.0,0.0,2.3333333333333335,0.0,3.6666666666666665,0.0,0.0
235,WR,James Washington (15757681),James Washington,15757681,WR/FLEX,3000,CIN@PIT 11/15/2020 04:25PM ET,15260860,7.02,James WashingtonWR15260860,10,James Washington,0.47524999999999995,1.375,0.0,0.0,0.0,0.0,0.375,0.0,0.0,0.0,0.0,25.25,0.0,0.0,0.0,0.0,0.0,0.0,0.0,2.25,0.0,3.75,0.0,0.0
236,WR,Mike Thomas (15757687),Mike Thomas,15757687,WR/FLEX,3000,CIN@PIT 11/15/2020 04:25PM ET,15260869,4.47,Mike ThomasWR15260869,10,Mike Thomas,0.8095714285714285,1.0,0.0,0.0,0.0,0.14285714285714285,0.14285714285714285,0.0,0.0,0.0,0.0,18.857142857142858,0.0,0.0,0.14285714285714285,0.0,0.14285714285714285,0.0,0.0,1.8571428571428572,0.0,2.4285714285714284,0.0,0.0
237,WR,John Ross III (15757691),John Ross III,15757691,WR/FLEX,3000,CIN@PIT 11/15/2020 04:25PM ET,15260869,1.85,John Ross IIIWR15260869,10,John Ross,0.2,0.5,0.0,0.0,0.0,0.0,0.0,0.0,0.0,0.0,0.0,8.5,0.0,0.0,0.0,0.0,0.0,0.0,0.0,1.0,0.0,3.5,0.0,0.0
238,WR,Jakeem Grant (15757673),Jakeem Grant,15757673,WR/FLEX,3000,LAC@MIA 11/15/2020 04:05PM ET,15260890,5.54,Jakeem GrantWR15260890,10,Jakeem Grant,0.779125,1.375,0.125,0.0,0.0,0.25,0.0,0.0,0.0,0.0,0.0,23.25,0.0,0.0,2.125,0.0,2.125,0.0,0.0,2.25,0.0,3.0,0.0,0.0
239,TE,Dawson Knox (15757943),Dawson Knox,15757943,TE/FLEX,2900,BUF@ARI 11/15/2020 04:05PM ET,15260861,3.58,Dawson KnoxTE15260861,10,Dawson Knox,0.5,0.5,0.0,0.0,0.0,0.0,0.0,0.0,0.0,0.0,0.0,23.25,0.0,0.0,0.0,0.0,0.0,0.0,0.0,1.5,0.0,3.0,0.0,0.0
240,TE,Jordan Akins (15757941),Jordan Akins,15757941,TE/FLEX,2900,HOU@CLE 11/15/2020 01:00PM ET,15260889,8.14,Jordan AkinsTE15260889,10,Jordan Akins,0.8333999999999999,1.8,0.0,0.0,0.0,0.0,0.2,0.0,0.0,0.0,0.0,37.4,0.0,0.0,0.0,0.0,0.0,0.0,0.0,3.2,0.0,3.8,0.0,0.0
241,TE,Tyler Eifert (15757955),Tyler Eifert,15757955,TE/FLEX,2700,JAX@GB 11/15/2020 01:00PM ET,15260884,5.01,Tyler EifertTE15260884,10,Tyler Eifert,0.6215,1.3333333333333333,0.0,0.0,0.0,0.0,0.16666666666666666,0.0,0.0,0.0,0.0,23.5,0.0,0.0,0.0,0.0,0.0,0.0,0.0,2.5,0.0,4.666666666666667,0.0,0.0
242,TE,Anthony Firkser (15757949),Anthony Firkser,15757949,TE/FLEX,2700,IND@TEN 11/12/2020 08:20PM ET,15260871,8.2,Anthony FirkserTE15260871,10,Anthony Firkser,0.8079999999999999,2.142857142857143,0.0,0.0,0.0,0.0,0.14285714285714285,0.0,0.0,0.0,0.0,34.857142857142854,0.0,0.0,0.0,0.0,0.0,0.0,0.0,3.4285714285714284,0.0,4.428571428571429,0.42857142857142855,0.0
243,TE,Drew Sample (15757951),Drew Sample,15757951,TE/FLEX,2700,CIN@PIT 11/15/2020 04:25PM ET,15260869,4.55,Drew SampleTE15260869,10,Drew Sample,0.651375,1.125,0.0,0.0,0.0,0.0,0.0,0.0,0.0,0.0,0.0,21.75,0.0,0.0,0.0,0.0,0.0,0.0,0.0,2.375,0.0,3.25,0.0,0.0
244,TE,Jacob Hollister (15757959),Jacob Hollister,15757959,TE/FLEX,2600,SEA@LAR 11/15/2020 04:25PM ET,15260881,4.8,Jacob HollisterTE15260881,10,Jacob Hollister,0.7428,1.4,0.0,0.0,0.0,0.0,0.2,0.0,0.0,0.0,0.0,19.6,0.0,0.0,0.0,0.0,0.0,0.0,0.0,2.2,0.0,3.0,0.0,0.0
245,TE,Ian Thomas (15757957),Ian Thomas,15757957,TE/FLEX,2600,TB@CAR 11/15/2020 01:00PM ET,15260878,3.2,Ian ThomasTE15260878,10,Ian Thomas,0.675,1.0,0.0,0.0,0.0,0.0,0.125,0.0,0.0,0.0,0.0,10.75,0.0,0.0,0.0,0.0,0.0,0.0,0.0,1.375,0.0,2.125,0.0,0.0
246,TE,Nick Boyle (15758101),Nick Boyle,15758101,TE/FLEX,2500,BAL@NE 11/15/2020 08:20PM ET,15260866,4.49,Nick BoyleTE15260866,10,Nick Boyle,0.770875,1.0,0.0,0.0,0.0,0.0,0.25,0.0,0.0,0.0,0.0,13.625,0.0,0.0,0.0,0.0,0.0,0.0,0.0,1.625,0.0,2.0,0.0,0.0
247,TE,Ryan Izzo (15758103),Ryan Izzo,15758103,TE/FLEX,2500,BAL@NE 11/15/2020 08:20PM ET,15260865,2.77,Ryan IzzoTE15260865,10,Ryan Izzo,0.5952857142857143,0.5714285714285714,0.0,0.0,0.0,0.0,0.0,0.0,0.0,0.0,0.0,16.285714285714285,0.0,0.0,0.0,0.0,0.0,0.0,0.0,1.2857142857142858,0.0,2.142857142857143,0.0,0.0
248,TE,Jason Witten (15758075),Jason Witten,15758075,TE/FLEX,2500,DEN@LV 11/15/2020 04:05PM ET,15260876,3.09,Jason WittenTE15260876,10,Jason Witten,1.0,0.8571428571428571,0.0,0.0,0.0,0.0,0.14285714285714285,0.0,0.0,0.0,0.0,8.0,0.0,0.0,0.0,0.0,0.0,0.0,0.0,1.4285714285714286,0.0,1.4285714285714286,0.0,0.0
249,TE,Nick Vannett (15758083),Nick Vannett,15758083,TE/FLEX,2500,DEN@LV 11/15/2020 04:05PM ET,15260873,1.73,Nick VannettTE15260873,10,Nick Vannett,0.6111666666666666,0.3333333333333333,0.0,0.0,0.0,0.0,0.0,0.0,0.0,0.0,0.0,7.333333333333333,0.0,0.0,0.0,0.0,0.0,0.0,0.0,1.0,0.0,1.8333333333333333,0.0,0.0
250,TE,Jake Butt (15758085),Jake Butt,15758085,TE/FLEX,2500,DEN@LV 11/15/2020 04:05PM ET,15260873,0.62,Jake ButtTE15260873,10,Jake Butt,0.5,0.0,0.0,0.0,0.0,0.0,0.0,0.0,0.0,0.0,0.0,1.6666666666666667,0.0,0.0,0.0,0.0,0.0,0.0,0.0,0.6666666666666666,0.0,1.3333333333333333,0.0,0.0
251,TE,James O'Shaughnessy (15758053),James O'Shaughnessy,15758053,TE/FLEX,2500,JAX@GB 11/15/2020 01:00PM ET,15260884,3.95,James O'ShaughnessyTE15260884,10,James O'Shaughnessy,0.71875,0.75,0.0,0.0,0.0,0.0,0.0,0.0,0.0,0.0,0.0,19.5,0.0,0.0,0.0,0.0,0.0,0.0,0.0,2.0,0.0,2.5,0.0,0.0
252,TE,Josiah Deguara (15758067),Josiah Deguara,15758067,TE/FLEX,2500,JAX@GB 11/15/2020 01:00PM ET,15260875,1.1,Josiah DeguaraTE15260875,10,Josiah Deguara,0.5,1.0,0.0,0.0,0.0,0.0,0.0,0.0,0.0,0.0,0.0,12.0,0.0,0.0,0.0,0.0,0.0,0.0,0.0,1.0,0.0,2.0,0.0,0.0
253,TE,Greg Olsen (15758041),Greg Olsen,15758041,TE/FLEX,2500,SEA@LAR 11/15/2020 04:25PM ET,15260881,5.26,Greg OlsenTE15260881,10,Greg Olsen,0.6101249999999999,1.5,0.0,0.0,0.0,0.0,0.125,0.0,0.0,0.0,0.0,21.375,0.0,0.0,0.0,0.0,0.0,0.0,0.0,2.375,0.0,3.625,0.0,0.0
254,TE,Will Dissly (15758043),Will Dissly,15758043,TE/FLEX,2500,SEA@LAR 11/15/2020 04:25PM ET,15260881,3.96,Will DisslyTE15260881,10,Will Dissly,0.9375,0.75,0.0,0.0,0.0,0.0,0.125,0.0,0.0,0.0,0.0,17.125,0.0,0.0,0.0,0.0,0.0,0.0,0.0,1.5,0.0,1.75,0.0,0.0
255,TE,Dan Arnold (15758017),Dan Arnold,15758017,TE/FLEX,2500,BUF@ARI 11/15/2020 04:05PM ET,15260888,3.62,Dan ArnoldTE15260888,10,Dan Arnold,0.7778333333333333,1.3333333333333333,0.0,0.0,0.0,0.0,0.0,0.0,0.0,0.0,0.0,28.333333333333332,0.0,0.0,0.0,0.0,0.0,0.0,0.0,2.0,0.0,2.6666666666666665,0.0,0.0
256,TE,Jack Doyle (15757961),Jack Doyle,15757961,TE/FLEX,2500,IND@TEN 11/12/2020 08:20PM ET,15260867,5.13,Jack DoyleTE15260867,10,Jack Doyle,0.5695,1.1666666666666667,0.0,0.0,0.0,0.0,0.3333333333333333,0.0,0.0,0.0,0.0,18.0,0.0,0.0,0.0,0.0,0.0,0.0,0.0,1.5,0.0,2.5,0.0,0.0
257,TE,MyCole Pruitt (15758013),MyCole Pruitt,15758013,TE/FLEX,2500,IND@TEN 11/12/2020 08:20PM ET,15260871,3.57,MyCole PruittTE15260871,10,MyCole Pruitt,0.6666666666666666,0.6666666666666666,0.0,0.0,0.0,0.0,0.3333333333333333,0.0,0.0,0.0,0.0,5.666666666666667,0.0,0.0,0.0,0.0,0.0,0.0,0.0,1.0,0.0,1.3333333333333333,0.0,0.0
258,TE,Kaden Smith (15757999),Kaden Smith,15757999,TE/FLEX,2500,PHI@NYG 11/15/2020 01:00PM ET,15260879,2.17,Kaden SmithTE15260879,10,Kaden Smith,0.833375,0.75,0.0,0.0,0.0,0.0,0.0,0.0,0.0,0.0,0.0,9.375,0.0,0.0,0.0,0.0,0.0,0.0,0.0,1.5,0.0,1.875,0.0,0.0
259,TE,Levine Toilolo (15758001),Levine Toilolo,15758001,TE/FLEX,2500,PHI@NYG 11/15/2020 01:00PM ET,15260879,1.73,Levine ToiloloTE15260879,10,Levine Toilolo,0.8333333333333334,0.3333333333333333,0.0,0.0,0.0,0.0,0.0,0.0,0.0,0.0,0.0,7.333333333333333,0.0,0.0,0.0,0.0,0.0,0.0,0.0,1.0,0.0,1.3333333333333333,0.0,0.0
260,TE,Chris Manhertz (15757985),Chris Manhertz,15757985,TE/FLEX,2500,TB@CAR 11/15/2020 01:00PM ET,15260878,1.82,Chris ManhertzTE15260878,10,Chris Manhertz,0.9,0.0,0.0,0.0,0.0,0.0,0.0,0.0,0.0,0.0,0.0,8.2,0.0,0.0,0.0,0.0,0.0,0.0,0.0,1.0,0.0,1.2,0.0,0.0
261,TE,O.J. Howard (15757995),O.J. Howard,15757995,TE/FLEX,2500,TB@CAR 11/15/2020 01:00PM ET,15260886,9.4,O.J. HowardTE15260886,10,O.J. Howard,0.5625,2.0,0.0,0.0,0.0,0.0,0.5,0.0,0.0,0.0,0.0,36.5,0.0,0.0,0.0,0.0,0.0,0.0,0.0,2.75,0.0,4.75,0.0,0.0
262,TE,Vance McDonald (15757973),Vance McDonald,15757973,TE/FLEX,2500,CIN@PIT 11/15/2020 04:25PM ET,15260860,2.52,Vance McDonaldTE15260860,10,Vance McDonald,0.8333333333333334,0.5,0.0,0.0,0.0,0.0,0.0,0.0,0.0,0.0,0.0,10.166666666666666,0.0,0.0,0.0,0.0,0.0,0.0,0.0,1.5,0.0,1.8333333333333333,0.0,0.0
263,TE,C.J. Uzomah (15757981),C.J. Uzomah,15757981,TE/FLEX,2500,CIN@PIT 11/15/2020 04:25PM ET,15260869,11.35,C.J. UzomahTE15260869,10,C.J. Uzomah,0.7335,3.0,0.0,0.0,0.0,0.0,0.5,0.0,0.0,0.0,0.0,43.5,0.0,0.0,0.0,0.0,0.0,0.0,0.0,4.0,0.0,5.5,0.0,0.0
264,TE,Virgil Green (15757967),Virgil Green,15757967,TE/FLEX,2500,LAC@MIA 11/15/2020 04:05PM ET,15260872,2.33,Virgil GreenTE15260872,10,Virgil Green,0.5,0.5,0.0,0.0,0.0,0.0,0.25,0.0,0.0,0.0,0.0,12.5,0.0,0.0,0.0,0.0,0.0,0.0,0.0,0.75,0.0,1.5,0.0,0.0
