,Unnamed: 0,Unnamed: 1,Week,Year,GID,Name,Pos,Team,h/a,Oppt,DK points,DK salary,Player_x,CmpPass,AttPass,Cmp%Pass,YdsPass1,TDPass,IntPass,SkPass,YdsPass2,Y/APass,1DPass,RateRec,TgtRec,RecRec,Ctch%Rec,YdsRec,TDRec,1DRec,AttRush,YdsRush,Y/ARush,TDRush,1DRush,SkYdsPass,Player_y,CALCAVGPPDOFFCmpPass,CALCAVGPPDOFFAttPass,CALCAVGPPDOFFCmp%Pass,CALCAVGPPDOFFYdsPass1,CALCAVGPPDOFFTDPass,CALCAVGPPDOFFIntPass,CALCAVGPPDOFFSkPass,CALCAVGPPDOFFYdsPass2,CALCAVGPPDOFFY/APass,CALCAVGPPDOFF1DPass,CALCAVGPPDOFFRateRec,CALCAVGPPDOFFTgtRec,CALCAVGPPDOFFRecRec,CALCAVGPPDOFFCtch%Rec,CALCAVGPPDOFFYdsRec,CALCAVGPPDOFFTDRec,CALCAVGPPDOFF1DRec,CALCAVGPPDOFFAttRush,CALCAVGPPDOFFYdsRush,CALCAVGPPDOFFY/ARush,CALCAVGPPDOFFTDRush,CALCAVGPPDOFF1DRush,CALCAVGPPDOFFSkYdsPass,OffenseUID,TmOFNS,CALCAVGPTDOFFPlaysOFNS,CALCAVGPTDOFFToGoOFNS,CALCAVGPTDOFFYdsOFNS,CALCAVGPTDOFF1st%OFNS,CALCAVGPTDOFFTO%OFNS,CALCAVGPTDOFFTDOFNS,CALCAVGPTDOFFFGOFNS,CALCAVGPTDOFFnanOFNS,CALCAVGPTDOFFIntOFNS,CALCAVGPTDOFFFmbOFNS,CALCAVGPTDOFFSkOFNS,CALCAVGPTDOFFPassOFNS,CALCAVGPTDOFFRushOFNS,CALCAVGPTDOFFFGOFNS1,CALCAVGPTDOFFPuntOFNS,CALCAVGPTDOFFGDFNS,CALCAVGPTDOFFPlaysDFNS,CALCAVGPTDOFFToGoDFNS,CALCAVGPTDOFFYdsDFNS,CALCAVGPTDOFF1st%DFNS,CALCAVGPTDOFFTO%DFNS,CALCAVGPTDOFFTDDFNS,CALCAVGPTDOFFFGDFNS,CALCAVGPTDOFFnanDFNS,CALCAVGPTDOFFIntDFNS,CALCAVGPTDOFFFmbDFNS,CALCAVGPTDOFFSkDFNS,CALCAVGPTDOFFPassDFNS,CALCAVGPTDOFFRushDFNS,CALCAVGPTDOFFFGDFNS1,CALCAVGPTDOFFPuntDFNS,CALCAVGPTDOFFRkALLSCR,CALCAVGPTDOFFTDALLSCR,CALCAVGPTDOFFXPAALLSCR,CALCAVGPTDOFFXPMALLSCR,CALCAVGPTDOFFFGAALLSCR,CALCAVGPTDOFFFGMALLSCR,CALCAVGPTDOFF2PAALLSCR,CALCAVGPTDOFF2PMALLSCR,CALCAVGPTDOFFSftyALLSCR,CALCAVGPTDOFFRkDSTSCR,CALCAVGPTDOFFKRDSTSCR,CALCAVGPTDOFFPRDSTSCR,CALCAVGPTDOFFIRDSTSCR,CALCAVGPTDOFFFRDSTSCR,CALCAVGPTDOFFORDSTSCR,CALCAVGPTDOFFRetTDDSTSCR,CALCAVGPTDOFFPtsFor,CALCAVGPTDOFFPtsAgainst,DefenseUID,Opponent,CALCAVGPTDOPPPlaysOFNS,CALCAVGPTDOPPToGoOFNS,CALCAVGPTDOPPYdsOFNS,CALCAVGPTDOPP1st%OFNS,CALCAVGPTDOPPTO%OFNS,CALCAVGPTDOPPTDOFNS,CALCAVGPTDOPPFGOFNS,CALCAVGPTDOPPnanOFNS,CALCAVGPTDOPPIntOFNS,CALCAVGPTDOPPFmbOFNS,CALCAVGPTDOPPSkOFNS,CALCAVGPTDOPPPassOFNS,CALCAVGPTDOPPRushOFNS,CALCAVGPTDOPPFGOFNS1,CALCAVGPTDOPPPuntOFNS,CALCAVGPTDOPPGDFNS,CALCAVGPTDOPPPlaysDFNS,CALCAVGPTDOPPToGoDFNS,CALCAVGPTDOPPYdsDFNS,CALCAVGPTDOPP1st%DFNS,CALCAVGPTDOPPTO%DFNS,CALCAVGPTDOPPTDDFNS,CALCAVGPTDOPPFGDFNS,CALCAVGPTDOPPnanDFNS,CALCAVGPTDOPPIntDFNS,CALCAVGPTDOPPFmbDFNS,CALCAVGPTDOPPSkDFNS,CALCAVGPTDOPPPassDFNS,CALCAVGPTDOPPRushDFNS,CALCAVGPTDOPPFGDFNS1,CALCAVGPTDOPPPuntDFNS,CALCAVGPTDOPPRkALLSCR,CALCAVGPTDOPPTDALLSCR,CALCAVGPTDOPPXPAALLSCR,CALCAVGPTDOPPXPMALLSCR,CALCAVGPTDOPPFGAALLSCR,CALCAVGPTDOPPFGMALLSCR,CALCAVGPTDOPP2PAALLSCR,CALCAVGPTDOPP2PMALLSCR,CALCAVGPTDOPPSftyALLSCR,CALCAVGPTDOPPRkDSTSCR,CALCAVGPTDOPPKRDSTSCR,CALCAVGPTDOPPPRDSTSCR,CALCAVGPTDOPPIRDSTSCR,CALCAVGPTDOPPFRDSTSCR,CALCAVGPTDOPPORDSTSCR,CALCAVGPTDOPPRetTDDSTSCR,CALCAVGPTDOPPPtsFor,CALCAVGPTDOPPPtsAgainst,Position,Player,OurProjection
0,1372,10,8,2020,1301,Matt RyanQB15260883,QB,atl,a,car,18.94,6300,Matt RyanQB15260883,21,30,70.0,281,0,1,2,-11,9.4,14,85.6,0,0,0.0,0,0,0,6,27,4.5,1,2,-11,Matt RyanQB15260883,27.142857142857146,40.857142857142854,66.08571428571429,311.57142857142856,1.7142857142857142,0.42857142857142855,2.142857142857143,-16.0,7.557142857142857,16.142857142857142,98.6,0.0,0.0,0.0,0.0,0.0,0.0,1.8571428571428568,4.428571428571429,1.1428571428571428,0.0,0.2857142857142857,-16.0,10024,ATL,85.0,7.3,4.7142857142857135,0.268,0.009999999999999998,2.8571428571428568,2.2857142857142856,22.714285714285715,0.42857142857142855,0.42857142857142855,2.142857142857143,43.14285714285715,27.285714285714285,2.4285714285714284,3.571428571428572,1.0,78.71428571428571,7.3428571428571425,5.414285714285714,0.2788571428571429,0.013857142857142858,3.571428571428572,1.5714285714285714,22.0,0.7142857142857143,0.42857142857142855,1.4285714285714286,40.714285714285715,23.142857142857146,1.8571428571428568,3.2857142857142856,12.571428571428573,2.8571428571428568,2.4285714285714284,2.0,2.4285714285714284,2.2857142857142856,0.42857142857142855,0.14285714285714285,0.0,1.4285714285714286,0.0,0.0,0.0,0.0,0.0,0.0,26.285714285714285,29.57142857142857,10019,CAR,76.0,7.557142857142857,4.6000000000000005,0.2737142857142857,0.01842857142857143,2.7142857142857144,1.7142857142857142,20.857142857142858,0.5714285714285714,0.8571428571428571,0.8571428571428571,37.714285714285715,25.285714285714285,1.7142857142857142,3.1428571428571432,1.0,73.71428571428571,7.3,4.985714285714286,0.2647142857142857,0.014571428571428572,2.2857142857142856,2.4285714285714284,19.714285714285715,0.7142857142857143,0.42857142857142855,1.8571428571428568,35.285714285714285,25.57142857142857,2.8571428571428568,2.142857142857143,16.714285714285715,2.7142857142857144,2.571428571428572,2.571428571428572,1.7142857142857142,1.7142857142857142,0.14285714285714285,0.0,0.0,16.142857142857142,0.0,0.0,0.0,0.0,0.0,0.0,24.0,23.142857142857146,QB,Matt RyanQB15260883,280.510009765625
1,2323,11,13,2020,1378,Cam NewtonQB15260865,QB,nwe,a,lac,23.56,5800,Cam NewtonQB15260865,12,19,63.2,69,1,0,1,-4,3.6,5,87.4,0,0,0.0,0,0,0,14,48,3.43,2,6,-4,Cam NewtonQB15260865,19.5,28.8,67.94,226.5,0.5,0.7,1.7,-10.5,7.5699999999999985,11.3,86.0,0.1,0.1,0.1,1.6,0.0,0.1,8.6,34.7,3.718,0.9,3.7,-10.5,10006,NWE,76.81818181818181,7.6,4.79090909090909,0.2778181818181818,0.019000000000000003,2.090909090909091,1.7272727272727273,21.454545454545453,1.0,0.3636363636363637,1.818181818181818,32.54545454545455,31.72727272727273,1.9090909090909087,2.8181818181818183,1.0,70.0,7.29090909090909,5.163636363636363,0.2730909090909091,0.019454545454545457,2.5454545454545454,1.9090909090909087,19.09090909090909,1.0,0.3636363636363637,1.181818181818182,30.272727272727273,27.181818181818183,2.0,3.0,18.818181818181817,2.272727272727273,2.0,1.818181818181818,1.9090909090909087,1.7272727272727273,0.2727272727272727,0.09090909090909093,0.0,17.90909090909091,0.0,0.0,0.09090909090909093,0.09090909090909093,0.0,0.18181818181818185,20.818181818181817,23.181818181818183,10012,LAC,77.2,7.6,4.44,0.2305,0.0131,3.0,1.9,18.0,0.5,0.5,1.7,36.8,24.8,2.2,4.5,1.0,86.8,7.63,4.64,0.2503,0.0132,2.9,1.6,21.9,0.6,0.5,2.1,40.3,31.6,2.1,4.0,14.0,3.1,2.6,2.2,2.2,1.9,0.5,0.3,0.1,14.4,0.0,0.0,0.0,0.0,0.1,0.1,27.1,26.0,QB,Cam NewtonQB15260865,322.0830383300781
2,1796,16,10,2020,1518,Deshaun WatsonQB15260889,QB,hou,a,cle,14.12,6900,Deshaun WatsonQB15260889,20,30,66.7,163,1,0,2,-10,5.4,7,91.4,0,0,0.0,0,0,0,8,36,4.5,0,4,-10,Deshaun WatsonQB15260889,23.125,33.875,67.97500000000001,297.0,2.125,0.625,3.0,-16.25,8.8125,13.75,108.325,0.0,0.0,0.0,0.0,0.0,0.0,5.0,24.625,5.51625,0.125,1.625,-16.25,10031,HOU,73.625,7.399999999999999,5.0125,0.256625,0.014125,2.75,1.75,18.875,0.625,0.375,3.0,37.0,22.375,2.0,3.75,1.0,82.375,7.124999999999999,5.0625,0.28250000000000003,0.008875000000000001,3.625,1.375,23.25,0.25,0.5,2.125,36.75,31.25,2.0,3.375,16.125,2.75,2.5,2.375,2.0,1.75,0.25,0.0,0.0,12.5,0.0,0.0,0.0,0.0,0.0,0.0,24.125,30.25,10027,CLE,80.875,7.399999999999999,4.6,0.28850000000000003,0.022125,3.375,1.625,23.625,0.875,0.875,2.5,41.25,26.875,1.75,2.25,1.0,74.375,7.55,4.65,0.261125,0.017124999999999998,3.0,1.25,19.625,0.875,0.375,1.375,30.875,29.625,1.5,3.125,11.75,3.5,3.125,3.0,1.75,1.625,0.375,0.375,0.0,15.625,0.125,0.0,0.125,0.0,0.0,0.25,29.625,25.5,QB,Deshaun WatsonQB15260889,271.7989501953125
3,1539,36,9,2020,1544,Tim BoyleQB15260875,QB,gnb,a,sfo,-0.1,4000,Tim BoyleQB15260875,0,0,0.0,0,0,0,0,0,0.0,0,0.0,0,0,0.0,0,0,0,1,-1,-1.0,0,0,0,Tim BoyleQB15260875,0.0,0.0,0.0,0.0,0.0,0.0,0.0,0.0,0.0,0.0,0.0,0.0,0.0,0.0,0.0,0.0,0.0,1.75,-1.25,-0.75,0.0,0.0,0.0,10016,GNB,77.57142857142857,7.5,5.071428571428571,0.272,0.005571428571428572,3.7142857142857135,1.2857142857142858,21.142857142857142,0.2857142857142857,0.14285714285714285,1.2857142857142858,36.857142857142854,27.285714285714285,1.2857142857142858,2.8571428571428568,1.0,72.85714285714286,7.0,4.814285714285714,0.273,0.007857142857142856,3.1428571428571432,1.1428571428571428,19.714285714285715,0.2857142857142857,0.2857142857142857,2.2857142857142856,32.857142857142854,25.57142857142857,1.4285714285714286,3.571428571428572,8.714285714285714,3.8571428571428568,3.571428571428572,3.4285714285714284,1.2857142857142858,1.2857142857142858,0.2857142857142857,0.2857142857142857,0.14285714285714285,12.0,0.0,0.0,0.14285714285714285,0.0,0.0,0.14285714285714285,31.0,26.714285714285715,10004,SFO,74.25,7.649999999999999,4.2125,0.232625,0.019375,2.125,2.0,17.5,1.0,0.25,1.75,34.25,26.125,2.25,3.875,1.0,78.0,7.725000000000001,4.85,0.269875,0.018000000000000002,3.25,1.25,21.125,1.0,0.375,2.75,37.125,28.0,1.375,3.25,18.875,2.25,2.125,1.875,2.25,2.0,0.125,0.125,0.0,18.875,0.0,0.0,0.125,0.0,0.0,0.125,21.625,26.0,QB,Tim BoyleQB15260875,0.02335149049758911
4,464,30,3,2020,1540,Gardner Minshew IIQB15260884,QB,jac,h,mia,11.2,6400,Gardner Minshew IIQB15260884,30,42,71.4,275,0,1,4,-29,6.5,14,79.0,0,0,0.0,0,0,0,3,22,7.33,0,1,-29,Gardner Minshew IIQB15260884,24.5,32.5,80.85,256.0,3.0,1.0,3.0,-23.5,8.1,15.5,117.5,0.0,0.0,0.0,0.0,0.0,0.0,4.5,19.0,4.275,0.0,1.0,-23.5,10025,JAX,73.5,7.85,4.75,0.2915,0.0115,3.5,1.5,22.0,1.0,0.0,3.0,35.5,25.0,1.5,2.5,1.0,77.0,7.35,5.199999999999998,0.266,0.0125,3.0,2.0,20.5,1.0,0.0,1.0,36.0,28.0,2.5,1.5,11.0,3.5,3.5,3.0,1.5,1.5,0.0,0.0,0.0,14.0,0.0,0.0,0.0,0.0,0.0,0.0,28.5,26.5,10030,MIA,74.0,7.300000000000002,5.949999999999998,0.32399999999999995,0.013999999999999999,3.5,0.5,24.0,0.0,1.0,1.5,28.5,32.5,1.0,4.0,1.0,77.5,7.15,4.35,0.2745,0.0225,2.0,1.5,21.5,1.5,0.0,2.0,40.5,24.5,1.5,4.0,11.0,3.5,3.5,3.5,1.0,0.5,0.0,0.0,0.0,10.5,0.0,0.0,0.0,0.0,0.0,0.0,26.0,19.5,QB,Gardner Minshew IIQB15260884,266.98858642578125
5,77,9,2,2020,1242,Ryan FitzpatrickQB15260890,QB,mia,h,buf,27.32,5200,Ryan FitzpatrickQB15260890,31,47,66.0,328,2,0,3,-17,7.0,20,100.3,0,0,0.0,0,0,0,3,12,4.0,0,0,-17,Ryan FitzpatrickQB15260890,20.0,30.0,66.7,191.0,0.0,3.0,1.0,-9.0,6.4,11.0,44.6,0.0,0.0,0.0,0.0,0.0,0.0,5.0,18.0,3.6,0.0,2.0,-9.0,10030,MIA,67.0,7.2,4.0,0.254,0.045,1.0,1.0,17.0,3.0,0.0,1.0,31.0,27.0,1.0,3.0,1.0,74.0,7.4,4.8,0.35100000000000003,0.013999999999999999,3.0,0.0,26.0,0.0,1.0,2.0,21.0,42.0,1.0,4.0,31.0,1.0,0.0,0.0,1.0,1.0,1.0,1.0,0.0,16.0,0.0,0.0,0.0,0.0,0.0,0.0,11.0,21.0,10002,BUF,68.0,7.1,3.7,0.17600000000000002,0.028999999999999998,2.0,1.0,12.0,1.0,1.0,3.0,38.0,15.0,1.0,6.0,1.0,92.0,7.6,4.4,0.28300000000000003,0.022000000000000002,3.0,2.0,26.0,0.0,2.0,3.0,49.0,32.0,4.0,1.0,24.0,2.0,2.0,2.0,1.0,1.0,0.0,0.0,0.0,21.0,0.0,0.0,0.0,0.0,0.0,0.0,17.0,27.0,QB,Ryan FitzpatrickQB15260890,195.30093383789062
6,930,1,6,2020,1301,Matt RyanQB15260883,QB,atl,a,min,34.64,6600,Matt RyanQB15260883,30,40,75.0,371,4,0,2,-8,9.3,17,136.6,0,0,0.0,0,0,0,4,8,2.0,0,0,-8,Matt RyanQB15260883,25.8,40.8,62.76000000000001,294.4,1.4,0.6,2.2,-17.6,7.12,15.4,89.7,0.0,0.0,0.0,0.0,0.0,0.0,1.8,4.6,1.2,0.0,0.4,-17.6,10024,ATL,84.2,7.4,4.639999999999999,0.2666,0.0094,2.6,2.4,22.4,0.6,0.2,2.2,43.2,25.6,2.6,3.8,1.0,82.6,7.26,5.4,0.2888,0.0104,4.0,1.6,23.8,0.4,0.6,1.4,42.0,25.6,1.8,3.2,14.2,2.6,2.2,1.6,2.6,2.4,0.4,0.0,0.0,1.4,0.0,0.0,0.0,0.0,0.0,0.0,24.4,32.2,10018,MIN,80.6,7.6400000000000015,4.98,0.2646,0.0078,3.0,3.0,21.4,0.6,0.0,2.2,36.4,29.6,3.0,3.0,1.0,76.0,7.58,4.9,0.2712,0.0274,3.2,1.2,21.0,1.4,0.6,2.6,30.4,30.8,1.6,3.0,15.8,3.0,2.6,2.6,3.0,3.0,0.4,0.0,0.4,16.0,0.0,0.0,0.0,0.0,0.0,0.0,29.6,26.4,QB,Matt RyanQB15260883,260.5041809082031
7,1193,12,7,2020,1340,Matthew StaffordQB15260874,QB,det,a,atl,21.4,6500,Matthew StaffordQB15260874,25,36,69.4,340,1,0,2,-18,9.4,15,108.6,0,0,0.0,0,0,0,1,8,8.0,0,0,-18,Matthew StaffordQB15260874,20.4,33.6,60.96,248.0,1.8,0.8,2.4,-17.6,7.4,12.2,92.38,0.0,0.0,0.0,0.0,0.0,0.0,3.0,11.8,3.08,0.0,1.0,-17.6,10015,DET,78.6,7.7799999999999985,4.4,0.2386,0.01,3.0,1.8,18.8,0.8,0.0,2.4,36.0,27.6,2.4,3.8,1.0,78.2,7.5,4.8199999999999985,0.2936,0.0158,3.4,1.2,23.0,1.0,0.2,1.2,35.2,29.6,1.4,2.8,15.2,3.0,2.8,2.8,2.4,1.8,0.2,0.2,0.0,11.2,0.0,0.0,0.0,0.0,0.0,0.0,26.6,28.6,10024,ATL,79.83333333333333,7.199999999999998,5.416666666666668,0.2836666666666667,0.016166666666666666,3.8333333333333335,1.3333333333333333,22.66666666666667,0.8333333333333334,0.5,1.3333333333333333,41.16666666666666,23.5,1.5,3.333333333333333,1.0,85.66666666666667,7.316666666666666,4.699999999999998,0.26333333333333336,0.009666666666666664,2.833333333333333,2.6666666666666665,22.5,0.5,0.3333333333333333,2.1666666666666665,43.0,27.5,2.833333333333333,3.5,8.333333333333334,3.8333333333333335,3.1666666666666665,3.0,1.5,1.3333333333333333,0.6666666666666666,0.3333333333333333,0.0,12.666666666666664,0.0,0.0,0.0,0.0,0.0,0.0,30.66666666666667,27.0,QB,Matthew StaffordQB15260874,254.05477905273438
8,1272,23,7,2020,1452,Jimmy GaroppoloQB15260863,QB,sfo,a,nwe,9.48,5300,Jimmy GaroppoloQB15260863,20,25,80.0,277,0,2,1,-7,11.1,13,79.5,0,0,0.0,0,0,0,1,4,4.0,0,1,-7,Jimmy GaroppoloQB15260863,15.75,24.75,64.0,183.75,1.75,0.5,1.75,-11.75,7.15,9.5,95.85,0.0,0.0,0.0,0.0,0.0,0.0,1.25,4.25,2.75,0.0,0.25,-11.75,10004,SFO,78.33333333333333,7.866666666666667,4.683333333333334,0.2531666666666667,0.01533333333333333,3.0,1.3333333333333333,20.0,0.8333333333333334,0.3333333333333333,3.0,37.833333333333336,27.5,1.5,3.5,1.0,75.33333333333333,7.7333333333333325,4.233333333333333,0.21966666666666668,0.014666666666666666,2.0,2.1666666666666665,16.833333333333332,0.6666666666666666,0.3333333333333333,1.6666666666666667,34.666666666666664,26.5,2.5,4.166666666666667,18.166666666666668,3.0,2.6666666666666665,2.6666666666666665,1.5,1.3333333333333333,0.3333333333333333,0.0,0.0,28.33333333333333,0.0,0.0,0.0,0.0,0.0,0.0,24.66666666666667,21.66666666666667,10006,NWE,71.2,7.44,4.74,0.2536,0.0284,2.0,2.2,18.0,1.2,0.8,1.6,30.4,28.0,2.4,3.2,1.0,78.8,7.32,4.74,0.278,0.0256,2.2,1.4,22.0,1.4,0.6,2.2,33.2,33.0,1.8,2.8,21.0,2.2,2.0,1.8,2.4,2.2,0.2,0.2,0.0,19.2,0.0,0.0,0.2,0.0,0.0,0.2,22.0,21.8,QB,Jimmy GaroppoloQB15260863,168.26800537109375
9,264,0,3,2020,1523,Patrick MahomesQB15260868,QB,kan,a,bal,43.0,7400,Patrick MahomesQB15260868,31,42,73.8,385,4,0,0,0,9.2,22,133.5,0,0,0.0,0,0,0,4,26,6.5,1,2,0,Patrick MahomesQB15260868,25.5,39.5,66.2,256.5,2.5,0.0,1.0,-10.5,6.5,15.5,107.1,0.0,0.0,0.0,0.0,0.0,0.0,3.0,27.0,4.5,0.0,2.0,-10.5,10008,KAN,82.5,7.5,4.75,0.29200000000000004,0.0,3.0,2.5,24.0,0.0,0.0,1.0,40.5,28.0,2.5,4.0,1.0,81.0,6.9,5.199999999999998,0.2965,0.0125,2.5,1.0,24.0,1.0,0.0,3.0,35.5,33.0,1.5,3.0,14.5,3.0,2.5,2.0,2.5,2.5,0.5,0.5,0.0,15.0,0.0,0.0,0.0,0.0,0.0,0.0,28.5,20.0,10007,BAL,76.0,8.2,4.05,0.2245,0.033,1.0,1.5,17.0,1.0,1.5,3.0,40.5,21.5,2.0,3.5,1.0,73.5,7.9,5.35,0.314,0.006999999999999999,3.5,2.5,23.0,0.0,0.5,3.0,28.0,33.5,2.5,2.5,29.5,1.0,1.0,0.5,2.0,1.5,0.0,0.0,0.0,9.5,0.0,0.0,0.0,0.0,0.0,0.0,11.0,35.5,QB,Patrick MahomesQB15260868,215.85145568847656
10,41,5,2,2020,1523,Patrick MahomesQB15260868,QB,kan,a,lac,30.48,7700,Patrick MahomesQB15260868,27,47,57.4,302,2,0,1,-13,6.4,15,90.9,0,0,0.0,0,0,0,6,54,9.0,0,4,-13,Patrick MahomesQB15260868,24.0,32.0,75.0,211.0,3.0,0.0,1.0,-8.0,6.6,16.0,123.3,0.0,0.0,0.0,0.0,0.0,0.0,0.0,0.0,0.0,0.0,0.0,-8.0,10008,KAN,80.0,6.3,4.6,0.313,0.0,4.0,2.0,25.0,0.0,0.0,1.0,33.0,34.0,2.0,3.0,1.0,71.0,7.0,5.1,0.29600000000000004,0.013999999999999999,3.0,0.0,21.0,1.0,0.0,4.0,36.0,22.0,1.0,3.0,4.0,4.0,4.0,4.0,2.0,2.0,0.0,0.0,0.0,15.0,0.0,0.0,0.0,0.0,0.0,0.0,34.0,20.0,10012,LAC,81.0,8.5,3.6,0.235,0.025,1.0,2.0,19.0,1.0,1.0,3.0,39.0,28.0,3.0,6.0,1.0,85.0,7.3,4.3,0.2,0.0,1.0,3.0,17.0,0.0,0.0,2.0,32.0,39.0,4.0,5.0,29.0,1.0,1.0,1.0,3.0,2.0,0.0,0.0,0.0,5.0,0.0,0.0,0.0,0.0,0.0,0.0,13.0,16.0,QB,Patrick MahomesQB15260868,154.90206909179688
11,894,31,5,2020,1452,Jimmy GaroppoloQB15260863,QB,sfo,h,mia,1.08,5500,Jimmy GaroppoloQB15260863,7,17,41.2,77,0,2,3,-23,4.5,3,15.7,0,0,0.0,0,0,0,0,0,0.0,0,0,-23,Jimmy GaroppoloQB15260863,16.5,24.5,72.55,195.0,2.0,0.0,2.0,-12.0,8.0,9.5,121.7,0.0,0.0,0.0,0.0,0.0,0.0,0.5,4.5,4.5,0.0,0.0,-12.0,10004,SFO,78.25,8.100000000000001,4.975,0.26275,0.01275,3.25,1.5,20.75,0.75,0.25,3.25,38.5,27.25,1.75,3.25,1.0,75.75,8.075,3.85,0.2155,0.0185,1.5,1.75,16.75,0.75,0.5,2.0,35.0,27.0,2.25,4.0,17.75,3.25,2.75,2.75,1.75,1.5,0.5,0.0,0.0,29.5,0.0,0.0,0.0,0.0,0.0,0.0,26.75,17.75,10030,MIA,74.5,7.025,5.5,0.3085,0.017,3.25,0.5,23.0,0.5,0.75,2.25,34.75,27.0,0.75,3.25,1.0,76.25,7.075,4.525,0.28325,0.0175,2.25,2.25,21.75,1.25,0.0,1.5,37.25,26.5,2.25,3.25,14.5,3.25,3.25,3.0,0.75,0.5,0.0,0.0,0.0,15.75,0.0,0.0,0.0,0.0,0.0,0.0,24.0,23.25,QB,Jimmy GaroppoloQB15260863,251.86679077148438
12,351,11,3,2020,1550,Joe BurrowQB15260869,QB,cin,a,phi,23.38,6200,Joe BurrowQB15260869,31,43,72.1,312,2,0,8,-56,7.3,19,107.9,0,0,0.0,0,0,0,1,-1,-1.0,0,0,-56,Joe BurrowQB15260869,30.0,48.5,62.3,254.5,1.5,0.5,3.0,-25.5,5.300000000000002,17.0,78.35,0.0,0.0,0.0,0.0,0.0,0.0,7.5,32.5,4.23,0.5,2.5,-25.5,10010,CIN,91.5,7.95,3.55,0.255,0.0175,2.0,2.5,23.5,0.5,1.0,3.0,51.5,26.0,3.0,4.0,1.0,78.0,7.0,5.199999999999998,0.262,0.006999999999999999,3.0,1.5,20.0,0.5,0.0,1.0,27.5,37.0,2.0,3.0,21.5,2.0,2.0,2.0,3.0,2.5,0.0,0.0,0.0,5.0,0.0,0.0,0.0,0.0,0.0,0.0,21.5,25.5,10003,PHI,83.5,7.15,4.15,0.267,0.0,4.0,1.5,22.0,0.0,0.0,2.0,31.0,37.5,2.0,4.5,1.0,82.0,7.7,3.8,0.2565,0.043,2.0,1.5,21.0,2.0,1.5,4.0,46.5,21.5,2.0,3.5,11.0,4.0,4.0,3.5,2.0,1.5,0.0,0.0,0.0,29.0,0.0,0.0,0.0,0.0,0.0,0.0,32.0,18.0,QB,Joe BurrowQB15260869,177.1749267578125
13,1355,7,8,2020,1151,Drew BreesQB15260880,QB,nor,a,chi,19.6,6300,Drew BreesQB15260880,31,41,75.6,280,2,0,1,-8,6.8,11,109.8,0,0,0.0,0,0,0,3,4,1.33,0,1,-8,Drew BreesQB15260880,25.66666666666667,35.333333333333336,72.63333333333333,269.6666666666667,1.8333333333333333,0.5,1.3333333333333333,-10.333333333333334,7.7,14.666666666666664,106.3,0.0,0.0,0.0,0.0,0.0,0.0,1.5,0.0,0.11166666666666668,0.3333333333333333,0.5,-10.333333333333334,10020,NOR,79.83333333333333,7.166666666666668,4.883333333333333,0.2871666666666667,0.0105,3.333333333333333,1.8333333333333333,22.66666666666667,0.5,0.3333333333333333,1.3333333333333333,37.16666666666666,28.16666666666667,1.8333333333333333,3.333333333333333,1.0,76.33333333333333,7.183333333333334,4.3500000000000005,0.24233333333333335,0.010333333333333332,3.6666666666666665,1.1666666666666667,18.33333333333333,0.5,0.3333333333333333,2.333333333333333,35.5,25.83333333333333,1.6666666666666667,3.333333333333333,12.0,3.5,3.5,3.5,1.8333333333333333,1.8333333333333333,0.0,0.0,0.0,17.166666666666668,0.0,0.0,0.16666666666666666,0.0,0.0,0.16666666666666666,30.0,29.0,10005,CHI,79.57142857142857,8.0,4.285714285714287,0.22985714285714284,0.016571428571428574,1.7142857142857142,2.7142857142857144,18.285714285714285,0.7142857142857143,0.5714285714285714,2.2857142857142856,38.285714285714285,27.57142857142857,3.4285714285714284,3.8571428571428568,1.0,78.42857142857143,7.614285714285713,3.885714285714286,0.228,0.01657142857142857,2.0,1.5714285714285714,18.0,1.2857142857142858,0.0,2.142857142857143,41.857142857142854,22.428571428571423,1.8571428571428568,4.714285714285714,22.857142857142854,1.7142857142857142,1.7142857142857142,1.5714285714285714,3.4285714285714284,2.7142857142857144,0.0,0.0,0.0,13.285714285714285,0.0,0.0,0.0,0.0,0.0,0.0,20.0,19.714285714285715,QB,Drew BreesQB15260880,197.85250854492188
14,1812,18,10,2020,1550,Joe BurrowQB15260869,QB,cin,a,pit,12.52,5700,Joe BurrowQB15260869,21,40,52.5,213,1,0,4,-28,5.3,9,76.4,0,0,0.0,0,0,0,0,0,0.0,0,0,-28,Joe BurrowQB15260869,27.625,41.125,67.2875,284.0,1.375,0.625,3.5,-25.375,6.950000000000001,16.25,90.1125,0.0,0.0,0.0,0.0,0.0,0.0,4.375,16.25,2.8600000000000003,0.375,1.625,-25.375,10010,CIN,86.375,7.649999999999999,4.1875,0.26225,0.014875,2.5,2.25,22.75,0.625,0.625,3.5,44.75,27.125,2.5,3.625,1.0,78.0,7.325,5.25,0.279125,0.0145,3.0,1.75,21.375,1.0,0.125,1.375,36.375,27.5,2.25,3.0,15.75,2.5,2.5,2.5,2.5,2.25,0.0,0.0,0.0,5.375,0.0,0.0,0.0,0.0,0.0,0.0,24.25,26.75,10001,PIT,76.25,8.1125,4.125,0.21587500000000004,0.02525,2.375,1.125,16.625,1.375,0.625,4.0,37.375,24.875,1.5,4.25,1.0,78.625,7.5125,4.3125,0.247375,0.011,3.375,1.375,19.5,0.5,0.375,1.25,37.75,27.25,1.375,4.0,19.0,2.375,2.0,2.0,1.5,1.125,0.375,0.25,0.0,14.875,0.0,0.0,0.0,0.0,0.0,0.0,20.125,29.125,QB,Joe BurrowQB15260869,224.67300415039062
15,358,12,3,2020,1415,Kirk CousinsQB15260877,QB,min,h,ten,21.44,5500,Kirk CousinsQB15260877,16,27,59.3,251,3,2,2,-13,9.3,11,96.4,0,0,0.0,0,0,0,2,14,7.0,0,1,-13,Kirk CousinsQB15260877,15.0,25.5,59.15,186.0,1.0,2.0,2.5,-14.5,7.35,8.5,67.25,0.0,0.0,0.0,0.0,0.0,0.0,2.0,17.0,4.25,0.0,1.5,-14.5,10018,MIN,62.0,7.55,4.45,0.24600000000000002,0.033,2.5,1.0,15.5,2.0,0.0,2.5,28.0,20.0,1.0,3.0,1.0,84.5,7.4,5.15,0.2885,0.0065,3.5,3.0,24.5,0.5,0.0,1.0,35.5,36.0,3.0,1.5,17.5,2.5,0.5,0.5,1.0,1.0,2.0,2.0,0.0,17.0,0.0,0.0,0.0,0.0,0.0,0.0,22.5,33.5,10013,TEN,78.5,7.4,5.05,0.30200000000000005,0.0185,3.0,0.5,24.0,1.0,0.5,1.0,40.0,26.5,0.5,3.5,1.0,82.5,7.1,4.449999999999998,0.255,0.0,3.0,1.5,21.0,0.0,0.0,1.0,34.5,34.0,3.0,3.5,14.5,3.0,3.0,2.5,0.5,0.5,0.0,0.0,0.0,12.0,0.0,0.0,0.0,0.0,0.0,0.0,22.0,24.5,QB,Kirk CousinsQB15260877,229.35977172851562
16,972,7,6,2020,1231,Philip RiversQB15260867,QB,ind,h,cin,28.74,5900,Philip RiversQB15260867,29,44,65.9,371,3,1,1,0,8.4,18,105.4,0,0,0.0,0,0,0,1,-1,-1.0,0,0,0,Philip RiversQB15260867,21.8,30.8,70.82000000000002,245.4,0.8,1.0,0.8,-3.6,8.16,11.8,91.9,0.0,0.0,0.0,0.0,0.0,0.0,1.8,0.2,0.284,0.0,0.0,-3.6,10009,IND,75.0,7.639999999999999,4.68,0.2454,0.013800000000000002,1.8,3.0,18.4,1.0,0.0,1.0,32.6,29.8,3.4,2.4,1.0,70.8,7.6400000000000015,3.7,0.2034,0.0256,1.6,1.4,14.6,1.8,0.0,2.2,33.2,23.8,1.4,4.2,19.2,2.2,2.2,2.2,3.4,3.0,0.0,0.0,0.4,6.0,0.2,0.0,0.4,0.0,0.0,0.6,24.4,17.2,10010,CIN,82.6,7.3599999999999985,4.8,0.2476,0.012,2.4,2.4,20.2,1.0,0.0,1.8,37.2,30.8,3.0,3.6,1.0,87.2,8.059999999999999,3.82,0.243,0.016999999999999998,1.8,2.6,21.4,0.6,0.8,4.4,45.6,26.4,2.8,4.6,19.2,2.6,2.4,2.4,3.0,2.4,0.2,0.0,0.0,19.0,0.0,0.0,0.0,0.2,0.0,0.2,25.2,20.4,QB,Philip RiversQB15260867,268.4284362792969
17,765,6,5,2020,1441,Derek CarrQB15260876,QB,lvr,a,kan,27.98,5300,Derek CarrQB15260876,22,31,71.0,347,3,1,1,-1,11.2,12,126.7,0,0,0.0,0,0,0,4,1,0.25,0,2,-1,Derek CarrQB15260876,26.5,36.0,73.675,273.75,2.0,0.0,1.75,-12.25,7.699999999999998,14.5,113.775,0.0,0.0,0.0,0.0,0.0,0.0,2.25,8.25,2.75,0.0,0.75,-12.25,10017,LVR,79.5,7.15,4.75,0.27699999999999997,0.019500000000000003,3.0,2.25,22.0,0.0,1.5,1.75,37.75,27.75,2.5,2.25,1.0,76.25,7.699999999999998,5.15,0.29700000000000004,0.006500000000000001,3.25,2.0,22.5,0.5,0.0,1.0,34.5,27.75,2.0,2.5,16.75,3.0,3.0,3.0,2.5,2.25,0.0,0.0,0.0,24.75,0.0,0.0,0.0,0.0,0.0,0.0,27.75,30.0,10008,KAN,78.25,7.225,4.525,0.26,0.02175,2.0,1.25,20.5,1.25,0.5,3.0,35.5,30.5,1.5,3.0,1.0,79.25,7.35,5.1,0.2955,0.00675,3.25,1.75,23.5,0.0,0.5,0.75,38.25,28.0,2.0,3.25,24.0,2.0,1.75,1.75,1.5,1.25,0.25,0.0,0.0,15.25,0.25,0.0,0.0,0.0,0.0,0.25,17.5,29.25,QB,Derek CarrQB15260876,211.92599487304688
18,1222,16,7,2020,1540,Gardner Minshew IIQB15260884,QB,jac,a,lac,19.02,5900,Gardner Minshew IIQB15260884,14,27,51.9,173,2,0,5,-19,6.4,7,96.7,0,0,0.0,0,0,0,4,21,5.25,0,0,-19,Gardner Minshew IIQB15260884,27.0,40.0,70.11666666666667,280.3333333333333,1.8333333333333333,0.8333333333333334,2.833333333333333,-17.833333333333332,7.183333333333334,14.666666666666664,96.6,0.16666666666666666,0.16666666666666666,0.16666666666666666,0.0,0.0,0.0,3.5,16.833333333333332,4.925000000000002,0.16666666666666666,1.1666666666666667,-17.833333333333332,10025,JAX,77.0,7.266666666666667,4.516666666666667,0.2598333333333333,0.01883333333333333,2.5,1.3333333333333333,20.166666666666668,0.8333333333333334,0.6666666666666666,2.833333333333333,43.0,20.5,2.0,2.5,1.0,76.66666666666667,7.349999999999999,5.433333333333334,0.2853333333333334,0.013000000000000001,3.333333333333333,2.333333333333333,21.83333333333333,1.0,0.0,0.8333333333333334,32.833333333333336,31.16666666666667,2.6666666666666665,1.8333333333333333,17.666666666666668,2.5,2.1666666666666665,1.8333333333333333,2.0,1.3333333333333333,0.3333333333333333,0.0,0.0,13.666666666666664,0.0,0.0,0.0,0.0,0.0,0.0,20.83333333333333,30.16666666666667,10012,LAC,82.6,7.960000000000001,4.58,0.24820000000000006,0.0094,2.4,2.8,20.8,0.6,0.2,1.6,42.6,24.6,3.2,4.8,1.0,83.2,7.76,4.7200000000000015,0.23560000000000006,0.017599999999999998,2.4,1.4,19.8,0.6,0.8,2.2,36.4,32.2,2.0,4.2,20.4,2.4,2.2,1.8,3.2,2.8,0.2,0.2,0.0,13.6,0.0,0.0,0.0,0.0,0.0,0.0,25.0,22.0,QB,Gardner Minshew IIQB15260884,273.29547119140625
19,790,10,5,2020,1540,Gardner Minshew IIQB15260884,QB,jac,a,hou,23.84,6200,Gardner Minshew IIQB15260884,31,49,63.3,301,2,0,3,-8,6.1,16,94.0,0,0,0.0,0,0,0,4,18,4.5,0,2,-8,Gardner Minshew IIQB15260884,26.5,36.75,75.15,284.5,2.0,1.0,3.25,-21.75,7.875,15.25,103.775,0.0,0.0,0.0,0.0,0.0,0.0,3.5,17.25,5.0950000000000015,0.0,0.75,-21.75,10025,JAX,75.25,7.399999999999999,4.800000000000002,0.27875,0.01575,2.75,1.75,21.25,1.0,0.25,3.25,40.0,21.75,2.0,2.5,1.0,77.25,7.15,5.15,0.28025,0.00925,3.25,2.25,21.75,0.75,0.0,1.0,32.5,31.5,2.5,2.0,16.5,2.75,2.5,2.0,2.0,1.75,0.25,0.0,0.0,14.25,0.0,0.0,0.0,0.0,0.0,0.0,23.75,29.25,10031,HOU,82.0,6.95,4.800000000000002,0.2905,0.003,3.25,2.25,23.75,0.0,0.25,2.5,31.0,37.25,2.5,3.25,1.0,70.5,7.6,4.625,0.24075,0.0145,2.25,1.5,17.0,0.75,0.25,4.0,36.0,20.0,1.75,4.0,13.0,3.5,3.25,3.25,2.5,2.25,0.25,0.25,0.0,21.0,0.0,0.0,0.0,0.25,0.0,0.25,31.5,20.0,QB,Gardner Minshew IIQB15260884,256.33978271484375
20,1319,1,8,2020,1412,Russell WilsonQB15260881,QB,sea,h,sfo,28.74,7800,Russell WilsonQB15260881,27,37,73.0,261,4,0,2,-12,7.1,16,128.3,0,0,0.0,0,0,0,6,23,3.83,0,1,-12,Russell WilsonQB15260881,26.0,36.5,71.7,315.0,3.6666666666666665,1.0,2.833333333333333,-19.33333333333333,8.766666666666666,15.166666666666664,117.23333333333332,0.0,0.0,0.0,0.0,0.0,0.0,4.833333333333333,39.5,7.998333333333334,0.0,2.1666666666666665,-19.33333333333333,10021,SEA,79.66666666666667,7.383333333333334,5.316666666666666,0.28616666666666674,0.013833333333333331,4.5,0.6666666666666666,22.83333333333333,1.0,0.16666666666666666,2.833333333333333,39.5,24.5,0.6666666666666666,4.166666666666667,1.0,90.66666666666669,7.466666666666668,5.266666666666667,0.2986666666666667,0.022,3.0,2.5,27.0,1.3333333333333333,0.6666666666666666,1.5,49.5,26.83333333333333,2.833333333333333,2.1666666666666665,7.333333333333332,4.5,4.166666666666667,4.166666666666667,0.6666666666666666,0.6666666666666666,0.3333333333333333,0.16666666666666666,0.16666666666666666,27.33333333333333,0.0,0.0,0.0,0.0,0.0,0.0,33.5,28.66666666666667,10004,SFO,73.14285714285714,7.7,4.2,0.22399999999999998,0.02214285714285714,1.7142857142857142,2.142857142857143,16.571428571428573,1.1428571428571428,0.2857142857142857,1.7142857142857142,33.57142857142857,25.857142857142854,2.4285714285714284,3.8571428571428568,1.0,77.57142857142857,7.828571428571429,4.928571428571429,0.26785714285714285,0.016999999999999998,3.1428571428571432,1.4285714285714286,20.857142857142858,1.0,0.2857142857142857,2.7142857142857144,36.142857142857146,28.857142857142854,1.5714285714285714,3.1428571428571432,21.142857142857142,1.8571428571428568,1.7142857142857142,1.5714285714285714,2.4285714285714284,2.142857142857143,0.14285714285714285,0.14285714285714285,0.0,17.857142857142858,0.0,0.0,0.14285714285714285,0.0,0.0,0.14285714285714285,19.428571428571427,25.857142857142854,QB,Russell WilsonQB15260881,287.2469177246094
21,2123,9,12,2020,1410,Ryan TannehillQB15260871,QB,ten,a,ind,19.14,5800,Ryan TannehillQB15260871,22,31,71.0,259,2,1,2,-16,8.4,15,104.1,0,0,0.0,0,0,0,4,35,8.75,0,2,-16,Ryan TannehillQB15260871,20.4,31.2,64.7,238.7,2.2,0.4,1.4,-11.1,7.68,12.8,106.43999999999998,0.1,0.1,0.1,0.0,0.0,0.0,2.8,14.9,4.7170000000000005,0.1,1.2,-11.1,10013,TEN,78.3,7.43,4.790000000000001,0.2669,0.0061,3.3,1.5,21.0,0.4,0.1,1.5,32.7,31.2,2.3,3.5,1.0,81.5,7.1800000000000015,4.76,0.275,0.0182,3.1,1.3,22.4,1.0,0.5,1.2,40.7,27.3,1.4,3.2,13.8,3.4,2.8,2.6,2.3,1.5,0.4,0.2,0.0,20.1,0.0,0.0,0.0,0.1,0.0,0.1,27.9,25.9,10009,IND,74.0,7.5,3.98,0.23010000000000005,0.0233,2.2,1.2,17.2,1.2,0.5,2.2,34.6,25.2,1.5,4.1,1.0,78.6,7.55,4.7799999999999985,0.26070000000000004,0.0144,2.5,2.3,20.5,0.8,0.3,1.0,36.5,29.0,2.6,2.7,17.5,2.4,2.2,2.2,1.5,1.2,0.2,0.2,0.1,13.0,0.0,0.0,0.1,0.1,0.0,0.2,20.6,27.2,QB,Ryan TannehillQB15260871,284.08502197265625
22,1910,3,11,2020,1415,Kirk CousinsQB15260877,QB,min,h,dal,26.96,6200,Kirk CousinsQB15260877,22,30,73.3,314,3,0,2,-9,10.5,14,140.1,0,0,0.0,0,0,0,1,4,4.0,0,1,-9,Kirk CousinsQB15260877,18.0,27.222222222222218,66.57777777777778,238.55555555555557,1.8888888888888888,1.2222222222222223,1.8888888888888888,-9.777777777777779,9.133333333333333,11.111111111111109,102.41111111111113,0.0,0.0,0.0,0.0,0.0,0.0,1.3333333333333333,6.0,1.9722222222222223,0.0,0.6666666666666666,-9.777777777777779,10018,MIN,73.22222222222223,7.355555555555557,5.222222222222221,0.2682222222222222,0.024222222222222218,3.333333333333333,0.8888888888888888,19.777777777777782,1.2222222222222223,0.5555555555555556,1.8888888888888888,29.11111111111111,29.777777777777782,1.1111111111111112,3.555555555555556,1.0,80.1111111111111,7.533333333333335,4.711111111111111,0.2604444444444444,0.012555555555555556,2.7777777777777777,2.555555555555556,21.11111111111111,0.7777777777777778,0.2222222222222222,2.0,38.444444444444436,28.11111111111111,2.6666666666666665,2.7777777777777777,12.111111111111109,3.333333333333333,2.333333333333333,2.2222222222222223,1.1111111111111112,0.8888888888888888,1.0,0.6666666666666666,0.0,15.888888888888891,0.0,0.0,0.0,0.0,0.0,0.0,26.222222222222218,27.0,10011,DAL,81.0,7.088888888888889,4.699999999999998,0.2508888888888889,0.010555555555555556,3.555555555555556,1.7777777777777777,20.444444444444443,0.3333333333333333,0.4444444444444444,1.8888888888888888,34.55555555555556,31.66666666666667,2.0,3.555555555555556,1.0,87.33333333333331,7.666666666666668,4.433333333333334,0.26744444444444443,0.024666666666666663,2.333333333333333,1.8888888888888888,23.66666666666667,0.8888888888888888,1.3333333333333333,2.888888888888889,46.111111111111114,27.0,2.2222222222222223,3.2222222222222223,11.888888888888891,3.7777777777777777,2.888888888888889,2.6666666666666665,2.0,1.7777777777777777,0.8888888888888888,0.4444444444444444,0.3333333333333333,17.22222222222222,0.0,0.0,0.1111111111111111,0.1111111111111111,0.0,0.2222222222222222,31.555555555555557,22.66666666666667,QB,Kirk CousinsQB15260877,272.00433349609375
23,196,25,2,2020,1452,Jimmy GaroppoloQB15260863,QB,sfo,a,nyj,13.24,5700,Jimmy GaroppoloQB15260863,14,16,87.5,131,2,0,1,-8,8.2,9,140.4,0,0,0.0,0,0,0,0,0,0.0,0,0,-8,Jimmy GaroppoloQB15260863,19.0,33.0,57.6,259.0,2.0,0.0,3.0,-16.0,7.8,10.0,103.0,0.0,0.0,0.0,0.0,0.0,0.0,1.0,9.0,9.0,0.0,0.0,-16.0,10004,SFO,74.0,7.3,4.9,0.23,0.0,2.0,2.0,17.0,0.0,0.0,3.0,36.0,25.0,2.0,5.0,1.0,93.0,8.6,4.3,0.28,0.011000000000000001,3.0,1.0,26.0,1.0,0.0,2.0,42.0,36.0,3.0,4.0,28.0,2.0,2.0,2.0,2.0,2.0,0.0,0.0,0.0,30.0,0.0,0.0,0.0,0.0,0.0,0.0,20.0,24.0,10028,NYJ,92.0,7.6,4.4,0.28300000000000003,0.022000000000000002,3.0,2.0,26.0,0.0,2.0,3.0,49.0,32.0,4.0,1.0,1.0,68.0,7.1,3.7,0.17600000000000002,0.028999999999999998,2.0,1.0,12.0,1.0,1.0,3.0,38.0,15.0,1.0,6.0,9.0,3.0,3.0,3.0,4.0,2.0,0.0,0.0,0.0,2.0,0.0,0.0,0.0,0.0,0.0,0.0,27.0,17.0,QB,Jimmy GaroppoloQB15260863,289.2088928222656
24,1134,4,7,2020,1412,Russell WilsonQB15260881,QB,sea,a,ari,35.92,8000,Russell WilsonQB15260881,33,50,66.0,388,3,3,2,-16,7.8,21,84.4,0,0,0.0,0,0,0,6,84,14.0,0,3,-16,Russell WilsonQB15260881,24.6,33.8,72.84,300.4,3.8,0.6,3.0,-20.0,8.959999999999997,14.0,123.8,0.0,0.0,0.0,0.0,0.0,0.0,4.6,30.6,6.797999999999999,0.0,2.0,-20.0,10021,SEA,76.2,7.380000000000001,5.2,0.27540000000000003,0.0104,4.6,0.4,20.8,0.6,0.2,3.0,37.0,23.4,0.4,4.4,1.0,89.2,7.44,5.26,0.3012,0.0224,2.8,2.4,26.8,1.4,0.6,1.8,49.8,25.6,2.6,2.2,7.0,4.6,4.2,4.2,0.4,0.4,0.4,0.2,0.2,27.8,0.0,0.0,0.0,0.0,0.0,0.0,33.4,27.0,10029,ARI,80.83333333333333,7.883333333333333,4.3,0.2488333333333333,0.011,2.0,1.6666666666666667,20.166666666666668,0.5,0.5,2.833333333333333,39.66666666666666,27.5,2.0,4.166666666666667,1.0,79.5,7.833333333333332,5.05,0.28800000000000003,0.01683333333333334,3.5,1.1666666666666667,22.83333333333333,1.0,0.3333333333333333,1.5,35.666666666666664,30.5,1.5,3.8333333333333335,22.16666666666667,2.0,1.6666666666666667,1.6666666666666667,2.0,1.6666666666666667,0.3333333333333333,0.0,0.0,17.166666666666668,0.0,0.0,0.0,0.0,0.0,0.0,18.666666666666668,27.66666666666667,QB,Russell WilsonQB15260881,247.57603454589844
25,1954,9,11,2020,1231,Philip RiversQB15260867,QB,ind,h,gnb,22.42,5600,Philip RiversQB15260867,24,36,66.7,288,3,1,1,-8,8.0,12,107.2,0,0,0.0,0,0,0,1,-1,-1.0,0,0,-8,Philip RiversQB15260867,23.88888888888889,34.77777777777778,69.13333333333333,266.1111111111111,1.2222222222222223,0.7777777777777778,0.8888888888888888,-4.888888888888889,7.811111111111112,13.0,95.18888888888887,0.0,0.0,0.0,0.0,0.0,0.0,1.3333333333333333,-0.2222222222222222,-0.06444444444444446,0.0,0.0,-4.888888888888889,10009,IND,77.33333333333333,7.388888888888888,4.788888888888888,0.2625555555555556,0.013555555555555557,2.4444444444444446,2.1111111111111107,20.33333333333333,0.7777777777777778,0.2222222222222222,1.0,36.444444444444436,28.11111111111111,2.333333333333333,2.7777777777777777,1.0,74.1111111111111,7.611111111111112,3.866666666666666,0.22522222222222224,0.01977777777777778,2.0,1.2222222222222223,16.88888888888889,1.2222222222222223,0.2222222222222222,2.333333333333333,34.111111111111114,26.0,1.5555555555555556,4.222222222222221,14.666666666666664,2.888888888888889,2.7777777777777777,2.555555555555556,2.333333333333333,2.1111111111111107,0.1111111111111111,0.1111111111111111,0.2222222222222222,6.111111111111112,0.1111111111111111,0.0,0.3333333333333333,0.0,0.1111111111111111,0.5555555555555556,26.444444444444446,19.444444444444443,10016,GNB,72.55555555555556,7.1,4.677777777777777,0.2591111111111111,0.010888888888888887,2.7777777777777777,1.2222222222222223,18.666666666666668,0.4444444444444444,0.3333333333333333,2.2222222222222223,33.77777777777778,24.33333333333333,1.4444444444444444,3.888888888888889,1.0,77.0,7.433333333333334,5.122222222222222,0.2603333333333333,0.007333333333333334,3.6666666666666665,1.3333333333333333,20.11111111111111,0.3333333333333333,0.2222222222222222,1.2222222222222223,36.111111111111114,27.444444444444446,1.3333333333333333,3.111111111111111,14.666666666666664,3.0,2.6666666666666665,2.555555555555556,1.4444444444444444,1.2222222222222223,0.3333333333333333,0.3333333333333333,0.0,15.555555555555555,0.0,0.1111111111111111,0.1111111111111111,0.0,0.0,0.2222222222222222,24.88888888888889,30.555555555555557,QB,Philip RiversQB15260867,219.6240997314453
26,1990,15,11,2020,1527,Lamar JacksonQB15260866,QB,bal,h,ten,17.54,7300,Lamar JacksonQB15260866,17,29,58.6,186,1,1,1,-9,6.4,9,74.8,0,0,0.0,0,0,0,13,51,3.92,0,4,-9,Lamar JacksonQB15260866,17.555555555555557,27.444444444444446,65.06666666666666,195.77777777777774,1.5555555555555556,0.5555555555555556,2.555555555555556,-14.333333333333336,7.344444444444443,10.111111111111109,97.04444444444445,0.0,0.0,0.0,0.0,0.0,0.0,10.0,58.22222222222222,5.957777777777778,0.3333333333333333,2.888888888888889,-14.333333333333336,10007,BAL,75.66666666666667,7.78888888888889,4.5777777777777775,0.2542222222222222,0.01588888888888889,2.7777777777777777,1.7777777777777777,19.222222222222218,0.6666666666666666,0.5555555555555556,2.555555555555556,30.222222222222218,32.666666666666664,1.8888888888888888,3.888888888888889,1.0,77.22222222222223,7.711111111111113,4.155555555555555,0.2401111111111111,0.020111111111111114,2.2222222222222223,0.7777777777777778,18.555555555555557,0.4444444444444444,1.1111111111111112,2.7777777777777777,39.0,24.222222222222218,1.2222222222222223,4.4444444444444455,16.333333333333332,3.111111111111111,3.111111111111111,3.111111111111111,1.8888888888888888,1.7777777777777777,0.0,0.0,0.0,22.0,0.1111111111111111,0.0,0.0,0.3333333333333333,0.0,0.4444444444444444,27.11111111111111,18.33333333333333,10013,TEN,81.8888888888889,7.144444444444447,4.855555555555556,0.2784444444444445,0.01877777777777777,3.2222222222222223,1.1111111111111112,22.777777777777782,1.0,0.5555555555555556,1.2222222222222223,41.888888888888886,26.66666666666667,1.2222222222222223,3.2222222222222223,1.0,78.0,7.399999999999999,4.755555555555556,0.2636666666666667,0.005444444444444445,3.333333333333333,1.3333333333333333,20.666666666666668,0.3333333333333333,0.1111111111111111,1.4444444444444444,32.666666666666664,30.88888888888889,2.2222222222222223,3.555555555555556,11.555555555555555,3.333333333333333,3.0,2.7777777777777777,1.2222222222222223,1.1111111111111112,0.3333333333333333,0.0,0.0,10.444444444444443,0.0,0.0,0.0,0.0,0.1111111111111111,0.1111111111111111,26.11111111111111,27.66666666666667,QB,Lamar JacksonQB15260866,289.58770751953125
27,567,8,4,2020,1412,Russell WilsonQB15260881,QB,sea,a,mia,24.9,7800,Russell WilsonQB15260881,24,34,70.6,360,2,1,2,-17,10.6,17,112.4,0,0,0.0,0,0,0,4,5,1.25,0,1,-17,Russell WilsonQB15260881,26.33333333333333,34.333333333333336,77.03333333333333,308.3333333333333,4.666666666666667,0.3333333333333333,3.0,-18.666666666666668,9.133333333333333,13.666666666666664,135.29999999999998,0.0,0.0,0.0,0.0,0.0,0.0,4.666666666666667,30.0,7.046666666666668,0.0,2.0,-18.666666666666668,10021,SEA,79.33333333333333,7.2666666666666675,5.166666666666667,0.25966666666666666,0.008,5.0,0.3333333333333333,20.33333333333333,0.3333333333333333,0.3333333333333333,3.0,37.66666666666666,25.0,0.3333333333333333,5.0,1.0,90.0,7.333333333333332,5.5,0.2973333333333333,0.022,3.333333333333333,1.6666666666666667,26.66666666666667,1.3333333333333333,0.6666666666666666,1.6666666666666667,53.33333333333334,22.0,2.0,2.6666666666666665,3.6666666666666665,5.0,4.666666666666667,4.666666666666667,0.3333333333333333,0.3333333333333333,0.3333333333333333,0.3333333333333333,0.3333333333333333,29.0,0.0,0.0,0.0,0.0,0.0,0.0,36.333333333333336,28.66666666666667,10030,MIA,74.0,7.1000000000000005,5.4,0.30166666666666664,0.01833333333333333,3.0,0.3333333333333333,22.33333333333333,0.3333333333333333,1.0,2.333333333333333,34.333333333333336,27.33333333333333,0.6666666666666666,3.6666666666666665,1.0,74.66666666666667,7.0,4.333333333333333,0.2746666666666667,0.015,2.6666666666666665,1.3333333333333333,20.666666666666668,1.0,0.0,1.6666666666666667,34.0,28.33333333333333,1.3333333333333333,4.0,15.0,3.0,3.0,2.6666666666666665,0.6666666666666666,0.3333333333333333,0.0,0.0,0.0,12.0,0.0,0.0,0.0,0.0,0.0,0.0,21.66666666666667,23.33333333333333,QB,Russell WilsonQB15260881,243.9862823486328
28,845,34,5,2020,1408,Robert Griffin IIIQB15260866,QB,bal,h,cin,-0.1,4400,Robert Griffin IIIQB15260866,0,0,0.0,0,0,0,0,0,0.0,0,0.0,0,0,0.0,0,0,0,1,-1,-1.0,0,0,0,Robert Griffin IIIQB15260866,0.5,1.0,50.0,4.5,0.0,0.5,0.0,0.0,4.5,0.5,52.1,0.0,0.0,0.0,0.0,0.0,0.0,2.0,1.0,0.0,0.0,0.0,0.0,10007,BAL,70.0,7.825000000000001,4.8,0.2735,0.01475,3.25,2.0,19.25,0.5,0.5,2.75,27.75,30.0,2.0,3.0,1.0,80.5,7.75,4.55,0.26225,0.0225,2.25,1.0,21.25,0.5,1.25,2.25,42.75,24.0,1.75,3.25,15.0,3.5,3.5,3.5,2.0,2.0,0.0,0.0,0.0,20.0,0.25,0.0,0.0,0.25,0.0,0.5,30.5,18.25,10010,CIN,84.75,7.325,4.875,0.2555,0.0115,2.5,2.5,21.25,1.0,0.0,2.0,37.0,32.5,3.0,3.5,1.0,89.25,7.875,4.125,0.26575,0.01175,2.25,3.0,23.75,0.5,0.5,3.75,47.75,26.0,3.25,4.0,19.75,2.5,2.25,2.25,3.0,2.5,0.25,0.0,0.0,18.0,0.0,0.0,0.0,0.0,0.0,0.0,24.75,24.75,QB,Robert Griffin IIIQB15260866,8.421401977539062
29,844,17,5,2020,1527,Lamar JacksonQB15260866,QB,bal,h,cin,14.5,7900,Lamar JacksonQB15260866,19,37,51.4,180,2,1,1,-9,4.9,10,71.9,0,0,0.0,0,0,0,2,3,1.5,0,0,-9,Lamar JacksonQB15260866,16.75,24.5,68.825,192.25,1.75,0.25,2.75,-17.5,8.05,10.0,111.725,0.0,0.0,0.0,0.0,0.0,0.0,9.75,58.75,6.65,0.25,2.5,-17.5,10007,BAL,70.0,7.825000000000001,4.8,0.2735,0.01475,3.25,2.0,19.25,0.5,0.5,2.75,27.75,30.0,2.0,3.0,1.0,80.5,7.75,4.55,0.26225,0.0225,2.25,1.0,21.25,0.5,1.25,2.25,42.75,24.0,1.75,3.25,15.0,3.5,3.5,3.5,2.0,2.0,0.0,0.0,0.0,20.0,0.25,0.0,0.0,0.25,0.0,0.5,30.5,18.25,10010,CIN,84.75,7.325,4.875,0.2555,0.0115,2.5,2.5,21.25,1.0,0.0,2.0,37.0,32.5,3.0,3.5,1.0,89.25,7.875,4.125,0.26575,0.01175,2.25,3.0,23.75,0.5,0.5,3.75,47.75,26.0,3.25,4.0,19.75,2.5,2.25,2.25,3.0,2.5,0.25,0.0,0.0,18.0,0.0,0.0,0.0,0.0,0.0,0.0,24.75,24.75,QB,Lamar JacksonQB15260866,276.5394287109375
30,1065,23,6,2020,1232,Ben RoethlisbergerQB15260860,QB,pit,h,cle,10.98,6700,Ben RoethlisbergerQB15260860,14,22,63.6,162,1,0,2,-20,7.4,5,100.9,0,0,0.0,0,0,0,3,5,1.67,0,1,-20,Ben RoethlisbergerQB15260860,25.0,35.75,69.9,254.0,2.5,0.25,1.5,-14.5,7.1,13.75,110.8,0.0,0.0,0.0,0.0,0.0,0.0,3.25,0.5,0.1825,0.0,0.25,-14.5,10001,PIT,81.25,7.725,4.65,0.25525,0.0095,3.5,1.5,20.75,0.25,0.5,1.5,37.25,30.5,1.5,3.75,1.0,74.25,8.5,4.075,0.22325,0.02625,2.75,0.75,16.5,1.5,0.5,5.0,40.75,19.0,1.25,4.5,13.75,3.5,3.25,3.0,1.5,1.5,0.25,0.25,0.25,23.25,0.0,0.0,0.0,0.0,0.0,0.0,29.0,21.75,10027,CLE,81.2,7.5,4.76,0.2862000000000001,0.0308,3.6,1.4,23.6,1.2,1.2,2.4,45.4,22.4,1.4,2.4,1.0,81.2,7.519999999999999,4.7799999999999985,0.2774,0.015,3.6,1.4,22.6,0.8,0.4,1.4,32.2,34.2,1.6,3.2,11.8,3.6,3.0,2.8,1.4,1.4,0.6,0.6,0.0,14.8,0.2,0.0,0.0,0.0,0.0,0.2,29.8,30.8,QB,Ben RoethlisbergerQB15260860,209.01483154296875
31,2273,3,13,2020,1410,Ryan TannehillQB15260871,QB,ten,h,cle,31.56,6200,Ryan TannehillQB15260871,29,45,64.4,389,3,1,3,-20,8.6,18,104.8,0,0,0.0,0,0,0,0,0,0.0,0,0,-20,Ryan TannehillQB15260871,20.545454545454547,31.181818181818183,65.27272727272727,240.54545454545453,2.1818181818181817,0.4545454545454545,1.4545454545454546,-11.545454545454545,7.745454545454546,13.0,106.2272727272727,0.09090909090909093,0.09090909090909093,0.09090909090909093,0.0,0.0,0.0,2.9090909090909087,16.727272727272727,5.083636363636363,0.09090909090909093,1.2727272727272727,-11.545454545454545,10013,TEN,78.54545454545455,7.454545454545454,4.818181818181818,0.2695454545454545,0.0066363636363636356,3.272727272727273,1.6363636363636365,21.272727272727273,0.4545454545454545,0.09090909090909093,1.5454545454545454,32.72727272727273,31.45454545454545,2.363636363636364,3.4545454545454546,1.0,81.18181818181819,7.20909090909091,4.681818181818182,0.2721818181818181,0.017727272727272727,3.0,1.4545454545454546,22.09090909090909,1.0,0.4545454545454545,1.181818181818182,39.72727272727273,27.818181818181817,1.5454545454545454,3.1818181818181817,12.727272727272727,3.636363636363636,3.0909090909090913,2.9090909090909087,2.1818181818181817,1.4545454545454546,0.3636363636363637,0.18181818181818185,0.0,18.454545454545453,0.09090909090909093,0.0,0.0,0.09090909090909093,0.0,0.18181818181818185,29.45454545454545,25.90909090909091,10027,CLE,78.0,7.545454545454544,4.336363636363636,0.26681818181818184,0.02481818181818182,2.727272727272727,1.3636363636363635,21.181818181818183,1.181818181818182,0.7272727272727273,2.636363636363636,40.09090909090909,25.363636363636363,1.6363636363636365,3.0,1.0,75.54545454545455,7.554545454545454,4.6090909090909085,0.2526363636363637,0.014727272727272728,2.636363636363636,1.3636363636363635,19.181818181818183,0.7272727272727273,0.3636363636363637,1.3636363636363635,30.818181818181817,31.363636363636363,1.7272727272727273,3.5454545454545454,14.0,3.0909090909090913,2.636363636363636,2.5454545454545454,1.7272727272727273,1.4545454545454546,0.4545454545454545,0.2727272727272727,0.0,15.545454545454545,0.09090909090909093,0.0,0.09090909090909093,0.0,0.0,0.18181818181818185,26.0,23.72727272727273,QB,Ryan TannehillQB15260871,287.2317810058594
32,1265,22,7,2020,1523,Patrick MahomesQB15260868,QB,kan,a,den,12.0,7400,Patrick MahomesQB15260868,15,23,65.2,200,1,0,3,-25,8.7,8,107.2,0,0,0.0,0,0,0,0,0,0.0,0,0,-25,Patrick MahomesQB15260868,24.0,36.5,67.28333333333333,283.1666666666667,2.5,0.16666666666666666,1.1666666666666667,-6.5,7.8166666666666655,15.0,112.2,0.0,0.0,0.0,0.0,0.0,0.0,5.666666666666668,27.5,4.3500000000000005,0.3333333333333333,1.5,-6.5,10008,KAN,80.83333333333333,7.466666666666666,5.133333333333333,0.2863333333333333,0.0085,3.333333333333333,1.6666666666666667,23.16666666666667,0.16666666666666666,0.5,1.1666666666666667,37.66666666666666,29.66666666666667,1.8333333333333333,3.333333333333333,1.0,76.5,7.183333333333335,4.55,0.253,0.01916666666666666,2.5,1.3333333333333333,19.5,1.1666666666666667,0.3333333333333333,2.1666666666666665,33.5,30.0,1.6666666666666667,3.0,10.666666666666666,3.5,3.1666666666666665,2.5,1.8333333333333333,1.6666666666666667,0.3333333333333333,0.3333333333333333,0.0,14.666666666666664,0.0,0.0,0.16666666666666666,0.0,0.0,0.16666666666666666,29.16666666666667,21.166666666666668,10014,DEN,82.0,7.62,4.3,0.2172,0.0136,2.0,2.2,17.8,0.6,0.4,2.8,41.4,26.0,2.8,4.0,1.0,76.6,8.18,3.98,0.20199999999999999,0.0258,1.8,2.4,15.4,1.6,0.4,3.0,36.2,26.8,2.6,3.8,22.2,2.2,1.8,1.4,2.8,2.2,0.4,0.0,0.4,23.2,0.0,0.0,0.2,0.0,0.0,0.2,21.2,20.0,QB,Patrick MahomesQB15260868,246.0158233642578
33,335,9,3,2020,1151,Drew BreesQB15260880,QB,nor,h,gnb,23.52,6200,Drew BreesQB15260880,29,36,80.6,288,3,0,2,-13,8.0,14,127.8,0,0,0.0,0,0,0,0,0,0.0,0,0,-13,Drew BreesQB15260880,22.0,34.0,64.2,236.0,1.5,0.5,0.5,-4.5,6.75,13.0,93.8,0.0,0.0,0.0,0.0,0.0,0.0,1.0,0.0,0.0,0.0,0.0,-4.5,10020,NOR,76.5,7.35,4.699999999999998,0.276,0.006999999999999999,3.0,1.5,20.5,0.5,0.0,0.5,35.0,26.5,1.5,4.5,1.0,85.5,7.65,4.0,0.245,0.024,3.5,1.5,21.0,1.0,1.0,3.0,40.0,30.5,2.0,3.5,12.0,3.5,3.5,3.5,1.5,1.5,0.0,0.0,0.0,18.0,0.0,0.0,0.5,0.0,0.0,0.5,29.0,28.5,10016,GNB,69.5,7.1,5.05,0.2995,0.0145,3.5,0.5,20.5,1.0,0.0,3.0,32.0,21.5,1.0,3.5,1.0,85.0,7.550000000000002,5.949999999999998,0.2995,0.0,4.5,2.0,25.5,0.0,0.0,0.5,37.5,33.5,2.0,2.0,10.5,3.5,2.0,2.0,1.0,0.5,1.5,1.5,0.0,14.0,0.0,0.0,0.0,0.0,0.0,0.0,27.5,41.5,QB,Drew BreesQB15260880,190.37176513671875
34,130,33,2,2020,1530,Taysom HillQB15260880,QB,nor,a,lvr,0.8,4100,Taysom HillQB15260880,0,0,0.0,0,0,0,0,0,0.0,0,0.0,0,0,0.0,0,0,0,2,8,4.0,0,0,0,Taysom HillQB15260880,1.0,1.0,100.0,38.0,0.0,0.0,0.0,0.0,38.0,1.0,118.8,1.0,1.0,1.0,14.0,0.0,1.0,3.0,13.0,4.33,0.0,1.0,0.0,10020,NOR,83.0,6.9,3.3,0.18100000000000002,0.0,3.0,2.0,15.0,0.0,0.0,1.0,32.0,34.0,2.0,6.0,1.0,82.0,7.9,3.8,0.22,0.037000000000000005,3.0,1.0,18.0,2.0,1.0,3.0,39.0,26.0,2.0,5.0,6.0,4.0,4.0,4.0,2.0,2.0,0.0,0.0,0.0,18.0,0.0,0.0,1.0,0.0,0.0,1.0,34.0,23.0,10017,LVR,80.0,7.1,4.9,0.263,0.0,3.0,3.0,21.0,0.0,0.0,1.0,35.0,30.0,3.0,2.0,1.0,76.0,6.7,4.9,0.276,0.0,4.0,2.0,21.0,0.0,0.0,0.0,30.0,31.0,2.0,3.0,10.0,3.0,2.0,1.0,3.0,3.0,1.0,1.0,0.0,3.0,0.0,0.0,0.0,0.0,0.0,0.0,30.0,34.0,QB,Taysom HillQB15260880,8.804509162902832
35,2117,8,12,2020,1242,Ryan FitzpatrickQB15260890,QB,mia,a,nyj,19.28,5500,Ryan FitzpatrickQB15260890,12,18,66.7,117,0,1,0,0,6.5,6,61.6,0,0,0.0,0,0,0,2,6,3.0,0,0,0,Ryan FitzpatrickQB15260890,21.428571428571427,30.714285714285715,71.3,236.0,1.4285714285714286,1.1428571428571428,1.4285714285714286,-7.0,7.7857142857142865,12.285714285714285,93.42857142857143,0.14285714285714285,0.14285714285714285,0.14285714285714285,0.0,0.0,0.0,3.8571428571428568,20.142857142857142,4.741428571428571,0.2857142857142857,1.5714285714285714,-7.0,10030,MIA,73.2,7.31,4.17,0.2449,0.015700000000000002,2.5,2.2,18.1,0.8,0.3,2.0,33.3,26.2,2.3,4.4,1.0,79.3,7.19,4.840000000000002,0.2631,0.0211,2.6,0.7,20.8,0.9,0.8,2.2,38.0,27.7,1.1,4.1,15.4,2.8,2.4,2.4,2.3,2.2,0.4,0.3,0.0,14.8,0.0,0.1,0.0,0.2,0.0,0.3,26.4,20.2,10028,NYJ,80.4,7.8,5.0,0.2738,0.0139,3.1,2.1,22.1,0.7,0.4,1.4,38.2,29.2,2.6,3.0,1.0,73.3,7.56,3.7100000000000013,0.1984,0.016,1.4,1.5,14.3,0.9,0.2,2.7,35.2,23.6,1.7,5.0,10.0,3.4,3.3,3.3,2.6,2.1,0.1,0.0,0.1,13.1,0.0,0.0,0.3,0.0,0.0,0.3,30.0,14.7,QB,Ryan FitzpatrickQB15260890,295.0186767578125
36,590,12,4,2020,1518,Deshaun WatsonQB15260889,QB,hou,h,min,23.9,6600,Deshaun WatsonQB15260889,20,33,60.6,300,2,0,3,-10,9.1,12,110.7,0,0,0.0,0,0,0,5,9,1.8,0,1,-10,Deshaun WatsonQB15260889,21.33333333333333,31.66666666666667,67.43333333333334,264.0,1.3333333333333333,1.0,4.333333333333333,-22.0,8.433333333333334,13.333333333333336,94.9,0.0,0.0,0.0,0.0,0.0,0.0,4.0,16.333333333333332,4.3,0.3333333333333333,1.3333333333333333,-22.0,10031,HOU,68.33333333333333,7.633333333333333,4.5,0.2473333333333333,0.01933333333333333,2.333333333333333,1.0,17.0,1.0,0.3333333333333333,4.333333333333333,36.0,18.0,1.3333333333333333,4.0,1.0,82.33333333333333,6.933333333333334,4.7,0.2886666666666667,0.0,3.0,2.6666666666666665,23.66666666666667,0.0,0.0,2.333333333333333,33.0,36.333333333333336,2.6666666666666665,3.0,19.33333333333333,2.333333333333333,2.0,2.0,1.3333333333333333,1.0,0.3333333333333333,0.0,0.0,13.333333333333336,0.0,0.0,0.0,0.0,0.0,0.0,19.0,31.66666666666667,10018,MIN,86.33333333333331,7.466666666666666,5.066666666666666,0.2776666666666667,0.008,3.0,4.0,24.0,0.6666666666666666,0.0,1.3333333333333333,36.66666666666666,35.333333333333336,4.0,2.0,1.0,68.0,7.666666666666668,4.9,0.25166666666666665,0.03466666666666667,3.0,1.0,17.333333333333332,2.0,0.3333333333333333,2.333333333333333,28.33333333333333,24.33333333333333,1.3333333333333333,3.0,16.0,3.0,2.6666666666666665,2.6666666666666665,4.0,4.0,0.3333333333333333,0.0,0.6666666666666666,14.0,0.0,0.0,0.0,0.0,0.0,0.0,32.666666666666664,25.0,QB,Deshaun WatsonQB15260889,218.19503784179688
37,685,27,4,2020,1539,Daniel JonesQB15260879,QB,nyg,a,lar,11.1,5100,Daniel JonesQB15260879,23,36,63.9,190,0,1,5,-31,5.3,11,65.7,0,0,0.0,0,0,0,6,45,7.5,0,3,-31,Daniel JonesQB15260879,22.66666666666667,37.66666666666666,59.66666666666666,233.0,0.6666666666666666,1.3333333333333333,3.0,-17.333333333333332,6.133333333333333,13.0,68.23333333333333,0.0,0.0,0.0,0.0,0.0,0.0,4.0,30.66666666666667,7.433333333333334,0.0,1.6666666666666667,-17.333333333333332,10023,NYG,70.66666666666667,7.8,3.8333333333333335,0.22833333333333336,0.038,1.0,2.0,16.333333333333332,1.3333333333333333,1.3333333333333333,3.0,40.66666666666666,17.666666666666668,2.333333333333333,3.0,1.0,79.0,8.066666666666666,4.5,0.2643333333333333,0.009000000000000001,3.0,2.0,21.0,0.6666666666666666,0.0,2.6666666666666665,34.666666666666664,32.333333333333336,2.6666666666666665,2.333333333333333,28.66666666666667,1.0,0.6666666666666666,0.6666666666666666,2.333333333333333,2.0,0.3333333333333333,0.0,0.0,20.33333333333333,0.0,0.0,0.0,0.0,0.0,0.0,12.666666666666664,26.33333333333333,10022,LAR,78.33333333333333,7.2666666666666675,4.766666666666667,0.2943333333333333,0.025666666666666667,3.0,1.0,23.0,1.0,1.0,2.333333333333333,40.66666666666666,24.66666666666667,1.3333333333333333,2.6666666666666665,1.0,80.66666666666667,6.966666666666666,5.566666666666666,0.32766666666666666,0.012666666666666666,3.6666666666666665,1.3333333333333333,26.33333333333333,0.6666666666666666,0.3333333333333333,1.3333333333333333,31.33333333333333,37.0,2.0,1.6666666666666667,15.666666666666664,3.0,2.6666666666666665,2.6666666666666665,1.3333333333333333,1.0,0.3333333333333333,0.0,0.0,11.666666666666664,0.0,0.0,0.0,0.0,0.0,0.0,23.66666666666667,29.66666666666667,QB,Daniel JonesQB15260879,217.6730499267578
38,189,24,2,2020,1514,Carson WentzQB15260862,QB,phi,h,lar,14.38,6000,Carson WentzQB15260862,26,43,60.5,242,0,2,0,0,5.6,13,56.5,0,0,0.0,0,0,0,2,7,3.5,1,1,0,Carson WentzQB15260862,24.0,42.0,57.1,270.0,2.0,2.0,8.0,-62.0,6.4,13.0,72.5,0.0,0.0,0.0,0.0,0.0,0.0,1.0,2.0,2.0,0.0,1.0,-62.0,10003,PHI,82.0,8.9,3.2,0.22,0.037000000000000005,2.0,1.0,18.0,2.0,1.0,8.0,50.0,17.0,2.0,5.0,1.0,87.0,7.4,2.7,0.184,0.0,3.0,2.0,16.0,0.0,0.0,3.0,34.0,36.0,3.0,7.0,26.0,2.0,2.0,2.0,2.0,1.0,0.0,0.0,0.0,23.0,0.0,0.0,0.0,0.0,0.0,0.0,17.0,27.0,10022,LAR,82.0,7.8,4.6,0.28,0.0,2.0,1.0,23.0,0.0,0.0,3.0,42.0,27.0,2.0,4.0,1.0,84.0,6.8,5.0,0.27399999999999997,0.012,2.0,2.0,23.0,1.0,0.0,1.0,32.0,40.0,3.0,3.0,20.0,2.0,2.0,2.0,2.0,1.0,0.0,0.0,0.0,9.0,0.0,0.0,0.0,0.0,0.0,0.0,17.0,20.0,QB,Carson WentzQB15260862,191.64866638183594
39,440,26,3,2020,1519,Mitchell TrubiskyQB15260864,QB,chi,a,atl,12.62,5700,Mitchell TrubiskyQB15260864,13,22,59.1,128,1,1,2,-9,5.8,7,71.8,0,0,0.0,0,0,0,1,45,45.0,0,1,-9,Mitchell TrubiskyQB15260864,19.0,32.0,59.95,216.0,2.5,1.0,2.5,-24.5,6.75,13.0,91.1,0.0,0.0,0.0,0.0,0.0,0.0,3.5,21.0,6.335,0.0,1.0,-24.5,10005,CHI,78.0,7.6,4.3,0.262,0.0135,2.5,1.5,20.5,1.0,0.0,2.5,34.5,30.0,2.0,4.0,1.0,80.5,7.55,4.4,0.2565,0.019,1.5,2.5,20.5,1.0,0.5,2.5,43.5,23.5,3.5,3.5,16.5,2.5,2.5,2.5,2.0,1.5,0.0,0.0,0.0,4.0,0.0,0.0,0.0,0.0,0.0,0.0,22.0,18.0,10024,ATL,85.5,7.0,5.5,0.302,0.0155,5.0,1.5,26.0,0.0,1.5,2.0,43.5,25.0,1.5,3.5,1.0,91.0,7.050000000000002,4.85,0.264,0.011000000000000001,3.5,3.0,24.0,0.5,0.5,1.5,47.0,27.0,3.0,3.5,2.5,5.0,4.5,4.5,1.5,1.5,0.5,0.0,0.0,19.0,0.0,0.0,0.0,0.0,0.0,0.0,39.0,32.0,QB,Mitchell TrubiskyQB15260864,222.43943786621094
40,731,1,5,2020,1242,Ryan FitzpatrickQB15260890,QB,mia,a,sfo,30.6,5600,Ryan FitzpatrickQB15260890,22,28,78.6,350,3,0,2,-8,12.5,12,154.5,0,0,0.0,0,0,0,3,16,5.33,0,1,-8,Ryan FitzpatrickQB15260890,24.5,35.5,71.775,248.5,1.0,1.25,1.5,-8.25,7.1,14.25,86.15,0.25,0.25,0.25,0.0,0.0,0.0,5.25,28.75,5.215,0.5,2.25,-8.25,10030,MIA,76.25,7.075,4.525,0.28325,0.0175,2.25,2.25,21.75,1.25,0.0,1.5,37.25,26.5,2.25,3.25,1.0,74.5,7.025,5.5,0.3085,0.017,3.25,0.5,23.0,0.5,0.75,2.25,34.75,27.0,0.75,3.25,21.25,2.25,1.5,1.5,2.25,2.25,0.75,0.75,0.0,16.25,0.0,0.0,0.0,0.0,0.0,0.0,23.25,24.0,10004,SFO,75.75,8.075,3.85,0.2155,0.0185,1.5,1.75,16.75,0.75,0.5,2.0,35.0,27.0,2.25,4.0,1.0,78.25,8.100000000000001,4.975,0.26275,0.01275,3.25,1.5,20.75,0.75,0.25,3.25,38.5,27.25,1.75,3.25,23.25,1.75,1.5,1.5,2.25,1.75,0.25,0.25,0.0,18.0,0.0,0.0,0.25,0.0,0.0,0.25,17.75,26.75,QB,Ryan FitzpatrickQB15260890,225.5238494873047
41,598,13,4,2020,1524,Sam DarnoldQB15260887,QB,nyj,h,den,23.6,5300,Sam DarnoldQB15260887,23,42,54.8,230,0,0,6,-54,5.5,11,70.5,0,0,0.0,0,0,0,6,84,14.0,1,3,-54,Sam DarnoldQB15260887,19.666666666666668,32.0,61.4,187.33333333333331,1.0,1.3333333333333333,2.0,-12.0,5.833333333333332,8.333333333333334,70.93333333333334,0.0,0.0,0.0,0.0,0.0,0.0,2.6666666666666665,11.0,4.5,0.0,0.6666666666666666,-12.0,10028,NYJ,72.33333333333333,7.566666666666667,3.633333333333333,0.18833333333333327,0.02333333333333333,1.3333333333333333,1.0,13.666666666666664,1.3333333333333333,0.3333333333333333,2.0,34.0,24.33333333333333,1.0,5.333333333333333,1.0,78.0,7.933333333333334,4.8,0.26366666666666666,0.012,3.0,1.6666666666666667,20.666666666666668,0.3333333333333333,0.6666666666666666,2.0,34.666666666666664,30.66666666666667,2.6666666666666665,3.0,29.0,1.3333333333333333,1.3333333333333333,1.3333333333333333,1.0,1.0,0.0,0.0,0.0,21.33333333333333,0.0,0.0,0.0,0.0,0.0,0.0,12.333333333333336,30.66666666666667,10014,DEN,83.0,7.6,4.6000000000000005,0.2363333333333333,0.008333333333333333,2.6666666666666665,1.3333333333333333,19.666666666666668,0.3333333333333333,0.3333333333333333,1.3333333333333333,42.0,27.0,2.333333333333333,4.666666666666667,1.0,76.33333333333333,8.333333333333334,3.8,0.20666666666666667,0.021333333333333333,1.6666666666666667,1.0,15.666666666666664,1.0,0.6666666666666666,4.333333333333333,41.333333333333336,21.66666666666667,1.3333333333333333,5.333333333333333,21.0,2.6666666666666665,2.6666666666666665,2.0,2.333333333333333,1.3333333333333333,0.0,0.0,0.6666666666666666,25.66666666666667,0.0,0.0,0.0,0.0,0.0,0.0,22.0,15.0,QB,Sam DarnoldQB15260887,245.8174591064453
42,2328,12,13,2020,1252,Aaron RodgersQB15260875,QB,gnb,h,phi,23.5,6800,Aaron RodgersQB15260875,25,34,73.5,295,3,0,2,-7,8.7,14,128.9,0,0,0.0,0,0,0,4,-3,-0.75,0,0,-7,Aaron RodgersQB15260875,24.272727272727273,35.45454545454545,68.42727272727274,290.90909090909093,2.9090909090909087,0.4545454545454545,1.0909090909090908,-10.727272727272727,8.254545454545456,13.818181818181818,114.8090909090909,0.09090909090909093,0.09090909090909093,0.09090909090909093,-0.5454545454545454,0.0,0.0,1.818181818181818,8.272727272727273,4.317272727272727,0.09090909090909093,0.7272727272727273,-10.727272727272727,10016,GNB,76.6,7.340000000000002,5.1099999999999985,0.2617,0.0121,3.7,1.3,20.1,0.4,0.5,1.2,36.4,26.5,1.3,3.1,1.0,74.3,7.290000000000001,4.68,0.25760000000000005,0.012,2.8,1.5,19.0,0.5,0.4,2.1,34.1,25.6,1.8,3.7,8.0,3.8,3.6,3.5,1.3,1.3,0.2,0.2,0.1,11.4,0.0,0.0,0.1,0.0,0.0,0.1,30.6,25.8,10003,PHI,81.54545454545455,7.90909090909091,4.254545454545454,0.24472727272727274,0.011636363636363636,2.8181818181818183,1.7272727272727273,19.90909090909091,0.2727272727272727,0.6363636363636364,3.363636363636364,35.63636363636363,31.363636363636363,2.0,4.727272727272728,1.0,79.81818181818181,7.836363636363638,4.1090909090909085,0.24027272727272725,0.02436363636363636,2.5454545454545454,0.9090909090909092,19.181818181818183,1.2727272727272727,0.6363636363636364,3.8181818181818175,42.18181818181818,23.54545454545455,1.2727272727272727,4.454545454545454,15.909090909090908,2.8181818181818183,2.727272727272727,2.636363636363636,2.090909090909091,1.818181818181818,0.09090909090909093,0.0,0.09090909090909093,19.272727272727273,0.0,0.0,0.09090909090909093,0.0,0.0,0.09090909090909093,25.0,21.363636363636363,QB,Aaron RodgersQB15260875,251.4051971435547
43,1311,0,8,2020,1523,Patrick MahomesQB15260868,QB,kan,h,nyj,39.64,8100,Patrick MahomesQB15260868,31,42,73.8,416,5,0,0,0,9.9,19,144.4,0,0,0.0,0,0,0,0,0,0.0,0,0,0,Patrick MahomesQB15260868,22.714285714285715,34.57142857142857,66.98571428571428,271.2857142857143,2.2857142857142856,0.14285714285714285,1.4285714285714286,-9.142857142857142,7.942857142857143,14.0,111.48571428571428,0.0,0.0,0.0,0.0,0.0,0.0,4.857142857142857,23.57142857142857,3.7285714285714286,0.2857142857142857,1.2857142857142858,-9.142857142857142,10008,KAN,78.71428571428571,7.5,5.0142857142857125,0.2822857142857143,0.009428571428571429,3.4285714285714284,1.8571428571428568,22.285714285714285,0.14285714285714285,0.5714285714285714,1.5714285714285714,36.42857142857143,28.57142857142857,2.0,3.2857142857142856,1.0,78.57142857142857,7.2857142857142865,4.542857142857144,0.253,0.022714285714285708,2.4285714285714284,1.2857142857142858,20.0,1.2857142857142858,0.5714285714285714,2.2857142857142856,34.857142857142854,30.42857142857143,1.5714285714285714,3.0,9.714285714285714,3.7142857142857135,3.4285714285714284,2.7142857142857144,2.0,1.8571428571428568,0.2857142857142857,0.2857142857142857,0.0,12.714285714285715,0.14285714285714285,0.0,0.2857142857142857,0.0,0.0,0.42857142857142855,31.142857142857146,20.428571428571427,10028,NYJ,77.71428571428571,7.928571428571429,4.942857142857143,0.2671428571428571,0.018285714285714287,2.8571428571428568,2.2857142857142856,20.857142857142858,1.0,0.42857142857142855,1.5714285714285714,35.57142857142857,29.42857142857143,3.0,3.0,1.0,76.42857142857143,7.814285714285715,3.4571428571428577,0.18857142857142856,0.016285714285714285,1.0,1.4285714285714286,14.285714285714285,1.0,0.14285714285714285,3.4285714285714284,37.714285714285715,24.142857142857146,1.5714285714285714,5.571428571428571,10.857142857142858,3.1428571428571432,3.0,3.0,3.0,2.2857142857142856,0.14285714285714285,0.0,0.14285714285714285,11.0,0.0,0.0,0.2857142857142857,0.0,0.0,0.2857142857142857,28.714285714285715,12.142857142857142,QB,Patrick MahomesQB15260868,300.0338134765625
44,58,7,2,2020,1301,Matt RyanQB15260883,QB,atl,a,dal,28.52,6600,Matt RyanQB15260883,24,36,66.7,273,4,0,1,-6,7.6,15,126.3,0,0,0.0,0,0,0,4,16,4.0,0,1,-6,Matt RyanQB15260883,37.0,54.0,68.5,450.0,2.0,1.0,2.0,-16.0,8.3,23.0,98.5,0.0,0.0,0.0,0.0,0.0,0.0,1.0,-1.0,-1.0,0.0,0.0,-16.0,10024,ATL,91.0,7.4,5.5,0.297,0.022000000000000002,3.0,2.0,27.0,1.0,1.0,2.0,56.0,20.0,2.0,3.0,1.0,73.0,7.4,5.2,0.28800000000000003,0.0,5.0,1.0,21.0,0.0,0.0,3.0,38.0,20.0,1.0,4.0,8.0,3.0,2.0,1.0,2.0,2.0,1.0,0.0,0.0,1.0,0.0,0.0,0.0,0.0,0.0,0.0,25.0,38.0,10011,DAL,84.0,6.8,5.0,0.27399999999999997,0.012,2.0,2.0,23.0,1.0,0.0,1.0,32.0,40.0,3.0,3.0,1.0,82.0,7.8,4.6,0.28,0.0,2.0,1.0,23.0,0.0,0.0,3.0,42.0,27.0,2.0,4.0,27.0,2.0,2.0,2.0,3.0,2.0,0.0,0.0,0.0,26.0,0.0,0.0,0.0,0.0,0.0,0.0,20.0,17.0,QB,Matt RyanQB15260883,199.5978546142578
45,1087,27,6,2020,1547,Drew LockQB15260873,QB,den,a,nwe,5.46,5400,Drew LockQB15260873,10,24,41.7,189,0,2,2,-25,7.9,7,34.9,0,0,0.0,0,0,0,5,-1,-0.2,0,0,-25,Drew LockQB15260873,11.5,19.0,43.35,118.0,0.5,0.0,0.5,-4.0,5.25,6.5,69.4,0.0,0.0,0.0,0.0,0.0,0.0,1.5,2.5,0.835,0.0,1.0,-4.0,10014,DEN,77.0,8.225,3.975,0.20575,0.0255,2.25,1.5,15.75,1.5,0.5,3.25,38.75,24.25,1.75,4.25,1.0,85.25,7.625,4.325,0.22075,0.00625,2.25,2.25,18.75,0.25,0.25,2.5,44.0,26.25,3.0,4.25,20.5,2.25,2.0,2.0,1.75,1.5,0.25,0.25,0.0,10.25,0.0,0.0,0.0,0.0,0.0,0.0,20.5,23.5,10006,NWE,70.25,7.300000000000002,4.925,0.27025,0.02875,2.5,1.25,19.0,1.0,1.0,1.5,31.5,25.75,1.5,3.5,1.0,81.25,7.25,4.875,0.29675,0.02125,2.5,1.25,24.0,1.25,0.5,1.75,33.75,35.0,1.75,2.75,19.5,2.75,2.5,2.25,1.5,1.25,0.25,0.25,0.0,21.5,0.0,0.0,0.25,0.0,0.0,0.25,23.0,24.25,QB,Drew LockQB15260873,213.09579467773438
46,2248,0,13,2020,1441,Derek CarrQB15260876,QB,lvr,a,nyj,35.74,5800,Derek CarrQB15260876,28,47,59.6,381,3,1,2,-13,8.1,17,97.9,0,0,0.0,0,0,0,2,5,2.5,1,1,-13,Derek CarrQB15260876,22.0,31.363636363636363,69.43636363636364,246.0,2.0,0.3636363636363637,1.2727272727272727,-7.1818181818181825,7.790909090909093,12.454545454545455,108.65454545454546,0.0,0.0,0.0,0.0,0.0,0.0,3.0,11.818181818181818,3.7345454545454544,0.0,0.9090909090909092,-7.1818181818181825,10017,LVR,76.81818181818181,6.890909090909092,4.8090909090909095,0.2720909090909091,0.01463636363636364,3.272727272727273,2.0,20.818181818181817,0.3636363636363637,0.7272727272727273,1.2727272727272727,32.63636363636363,30.272727272727273,2.1818181818181817,2.5454545454545454,1.0,79.54545454545455,7.6090909090909085,4.918181818181816,0.2911818181818181,0.012727272727272728,3.363636363636364,1.4545454545454546,23.272727272727273,0.8181818181818182,0.18181818181818185,1.0,39.90909090909091,25.63636363636364,1.6363636363636365,2.8181818181818183,15.454545454545455,2.9090909090909087,2.9090909090909087,2.8181818181818183,2.272727272727273,2.090909090909091,0.0,0.0,0.0,23.09090909090909,0.0,0.0,0.0,0.0,0.0,0.0,26.54545454545455,29.0,10028,NYJ,79.81818181818181,7.909090909090909,4.818181818181818,0.2673636363636364,0.013909090909090913,2.9090909090909087,2.090909090909091,21.454545454545453,0.7272727272727273,0.3636363636363637,1.818181818181818,38.72727272727273,28.09090909090909,2.5454545454545454,3.272727272727273,1.0,73.36363636363636,7.5545454545454565,3.936363636363637,0.20127272727272727,0.017,1.4545454545454546,1.5454545454545454,14.545454545454545,0.9090909090909092,0.2727272727272727,2.4545454545454546,34.72727272727273,24.45454545454545,1.7272727272727273,4.818181818181818,10.818181818181818,3.272727272727273,3.1818181818181817,3.1818181818181817,2.5454545454545454,2.090909090909091,0.09090909090909093,0.0,0.09090909090909093,13.454545454545455,0.0,0.0,0.2727272727272727,0.0,0.0,0.2727272727272727,29.09090909090909,13.636363636363635,QB,Derek CarrQB15260876,236.11038208007812
47,603,14,4,2020,1340,Matthew StaffordQB15260874,QB,det,h,nor,23.34,5900,Matthew StaffordQB15260874,17,31,54.8,206,3,1,3,-15,6.6,12,94.3,0,0,0.0,0,0,0,3,21,7.0,0,1,-15,Matthew StaffordQB15260874,22.0,35.333333333333336,62.9,270.3333333333333,1.6666666666666667,0.6666666666666666,3.0,-24.33333333333333,7.7333333333333325,13.333333333333336,95.73333333333332,0.0,0.0,0.0,0.0,0.0,0.0,2.333333333333333,8.0,1.8666666666666665,0.0,0.6666666666666666,-24.33333333333333,10015,DET,80.0,7.933333333333334,4.366666666666666,0.242,0.008,2.333333333333333,2.333333333333333,19.33333333333333,0.6666666666666666,0.0,3.0,38.333333333333336,25.66666666666667,3.0,4.333333333333333,1.0,78.66666666666667,7.7666666666666675,5.2,0.3063333333333333,0.013333333333333334,3.333333333333333,1.6666666666666667,24.0,1.0,0.0,1.0,34.666666666666664,30.0,1.6666666666666667,3.333333333333333,20.0,2.333333333333333,2.333333333333333,2.333333333333333,3.0,2.333333333333333,0.0,0.0,0.0,11.333333333333336,0.0,0.0,0.0,0.0,0.0,0.0,23.33333333333333,30.66666666666667,10020,NOR,81.66666666666667,7.233333333333333,4.333333333333333,0.258,0.016,3.6666666666666665,2.0,21.0,0.6666666666666666,0.6666666666666666,2.333333333333333,37.66666666666666,29.0,2.333333333333333,2.6666666666666665,1.0,76.0,7.133333333333333,4.9,0.26833333333333337,0.009000000000000001,3.0,2.0,20.0,0.3333333333333333,0.3333333333333333,1.0,36.0,24.33333333333333,2.0,4.0,12.0,3.6666666666666665,3.333333333333333,3.333333333333333,2.333333333333333,2.0,0.3333333333333333,0.0,0.0,23.0,0.0,0.0,0.0,0.0,0.0,0.0,31.33333333333333,29.33333333333333,QB,Matthew StaffordQB15260874,250.22445678710938
48,1967,12,11,2020,1537,Kyler MurrayQB15260888,QB,ari,a,sea,20.26,8500,Kyler MurrayQB15260888,29,42,69.0,269,2,0,3,-12,6.4,17,102.2,0,0,0.0,0,0,0,5,15,3.0,0,0,-12,Kyler MurrayQB15260888,23.555555555555557,34.55555555555556,67.48888888888888,263.8888888888889,1.8888888888888888,0.8888888888888888,1.4444444444444444,-7.333333333333332,7.722222222222222,13.444444444444445,99.58888888888887,0.0,0.0,0.0,0.0,0.0,0.0,9.666666666666666,67.1111111111111,7.222222222222222,1.1111111111111112,4.333333333333333,-7.333333333333332,10029,ARI,82.0,7.644444444444447,5.177777777777779,0.2893333333333333,0.017444444444444443,3.555555555555556,1.6666666666666667,23.66666666666667,0.8888888888888888,0.5555555555555556,1.4444444444444444,36.0,32.0,2.1111111111111107,3.2222222222222223,1.0,82.1111111111111,7.777777777777778,4.488888888888889,0.2608888888888889,0.01333333333333333,2.4444444444444446,1.8888888888888888,21.555555555555557,0.8888888888888888,0.3333333333333333,2.4444444444444446,41.22222222222222,26.444444444444446,2.1111111111111107,3.888888888888889,9.222222222222221,3.555555555555556,3.333333333333333,3.2222222222222223,2.1111111111111107,1.6666666666666667,0.2222222222222222,0.0,0.0,7.777777777777778,0.0,0.0,0.0,0.0,0.0,0.0,29.555555555555557,23.33333333333333,10021,SEA,87.55555555555556,7.411111111111111,5.088888888888889,0.2961111111111111,0.018777777777777782,3.333333333333333,2.1111111111111107,25.88888888888889,1.0,0.6666666666666666,2.4444444444444446,47.33333333333334,25.66666666666667,2.4444444444444446,2.555555555555556,1.0,79.55555555555556,7.411111111111111,5.088888888888888,0.2788888888888889,0.01922222222222222,4.111111111111111,1.1111111111111112,22.222222222222218,1.1111111111111112,0.4444444444444444,3.333333333333333,40.555555555555564,23.777777777777782,1.1111111111111112,3.6666666666666665,10.777777777777779,3.4444444444444446,2.7777777777777777,2.333333333333333,2.4444444444444446,2.1111111111111107,0.6666666666666666,0.1111111111111111,0.0,13.222222222222221,0.0,0.0,0.1111111111111111,0.0,0.0,0.1111111111111111,29.555555555555557,32.0,QB,Kyler MurrayQB15260888,233.80345153808594
49,1803,17,10,2020,1412,Russell WilsonQB15260881,QB,sea,a,lar,12.92,7700,Russell WilsonQB15260881,22,37,59.5,248,0,2,6,-28,6.7,13,57.0,0,0,0.0,0,0,0,8,60,7.5,0,3,-28,Russell WilsonQB15260881,26.375,37.125,71.4375,317.625,3.5,1.0,3.0,-19.5,8.649999999999999,15.25,115.7875,0.0,0.0,0.0,0.0,0.0,0.0,4.625,33.125,6.79,0.125,1.875,-19.5,10021,SEA,79.875,7.2875,5.187499999999999,0.28287500000000004,0.016749999999999998,4.5,0.875,22.625,1.0,0.375,3.0,40.25,24.0,0.875,3.75,1.0,88.375,7.3875,5.125,0.29762500000000003,0.019625,3.375,2.25,26.25,1.125,0.625,2.375,48.25,25.25,2.625,2.375,7.25,4.5,4.25,4.125,0.875,0.875,0.25,0.125,0.125,26.875,0.0,0.0,0.0,0.0,0.0,0.0,34.0,30.375,10022,LAR,75.625,7.45,3.7875,0.22400000000000006,0.018375,1.875,1.125,17.25,0.75,0.625,3.125,37.625,24.0,1.25,5.375,1.0,80.875,7.325,4.8875,0.274875,0.016125,3.0,1.125,22.375,0.75,0.625,1.25,36.75,31.375,1.625,4.0,18.625,2.25,2.125,2.125,1.25,1.125,0.125,0.0,0.0,15.875,0.0,0.125,0.0,0.25,0.0,0.375,19.0,24.125,QB,Russell WilsonQB15260881,192.31280517578125
50,1768,10,10,2020,1231,Philip RiversQB15260867,QB,ind,a,ten,19.32,5900,Philip RiversQB15260867,29,39,74.4,308,1,0,1,-11,7.9,14,105.5,0,0,0.0,0,0,0,0,0,0.0,0,0,-11,Philip RiversQB15260867,23.25,34.25,68.475,260.875,1.25,0.875,0.875,-4.125,7.799999999999999,12.875,93.9,0.0,0.0,0.0,0.0,0.0,0.0,1.5,-0.25,-0.07250000000000001,0.0,0.0,-4.125,10009,IND,77.0,7.5,4.7125,0.25625000000000003,0.01525,2.375,2.125,19.75,0.875,0.25,1.0,36.0,28.0,2.375,3.0,1.0,74.25,7.65,3.85,0.220875,0.02225,2.0,1.25,16.625,1.375,0.25,2.5,34.875,25.25,1.5,4.375,16.25,2.75,2.625,2.375,2.375,2.125,0.125,0.125,0.25,6.125,0.125,0.0,0.375,0.0,0.0,0.5,25.5,19.75,10013,TEN,82.125,7.225000000000001,4.7875000000000005,0.274125,0.021125,3.25,1.0,22.5,1.125,0.625,1.25,42.125,26.375,1.125,3.5,1.0,78.625,7.4125,4.8500000000000005,0.264125,0.006125,3.5,1.375,20.875,0.375,0.125,1.5,33.25,30.75,2.25,3.625,12.75,3.25,2.875,2.625,1.125,1.0,0.375,0.0,0.0,11.0,0.0,0.0,0.0,0.0,0.0,0.0,25.125,29.0,QB,Philip RiversQB15260867,281.4476013183594
51,815,13,5,2020,1514,Carson WentzQB15260862,QB,phi,a,pit,19.42,5600,Carson WentzQB15260862,20,35,57.1,258,2,2,5,-34,7.4,13,75.7,0,0,0.0,0,0,0,4,11,2.75,0,1,-34,Carson WentzQB15260862,24.25,40.0,60.90000000000001,232.5,1.0,1.75,3.5,-25.0,5.925000000000002,11.5,68.30000000000001,0.0,0.0,0.0,0.0,0.0,0.0,4.75,27.75,4.5025,0.75,3.0,-25.0,10003,PHI,85.0,7.95,3.75,0.23525,0.02975,2.0,1.75,20.0,1.75,0.75,3.5,43.5,26.75,2.0,4.75,1.0,84.25,7.750000000000001,4.225,0.2665,0.00925,3.25,1.5,22.25,0.5,0.25,4.25,40.75,28.25,1.75,5.0,23.5,2.25,1.75,1.75,2.0,1.75,0.5,0.25,0.0,23.0,0.0,0.0,0.25,0.0,0.0,0.25,21.0,26.75,10001,PIT,75.33333333333333,8.700000000000001,3.8666666666666667,0.213,0.025666666666666667,2.333333333333333,1.0,16.0,1.3333333333333333,0.6666666666666666,5.0,40.66666666666666,20.0,1.3333333333333333,5.333333333333333,1.0,81.66666666666667,7.766666666666667,4.666666666666667,0.2486666666666667,0.008333333333333333,3.0,1.6666666666666667,20.33333333333333,0.3333333333333333,0.3333333333333333,1.6666666666666667,38.0,30.0,1.6666666666666667,4.333333333333333,21.0,2.333333333333333,1.6666666666666667,1.6666666666666667,1.3333333333333333,1.0,0.6666666666666666,0.3333333333333333,0.0,14.666666666666664,0.0,0.0,0.0,0.0,0.0,0.0,19.33333333333333,26.0,QB,Carson WentzQB15260862,206.21066284179688
52,502,0,4,2020,1501,Dak PrescottQB15260870,QB,dal,h,cle,42.28,7200,Dak PrescottQB15260870,41,58,70.7,502,4,1,3,-21,8.7,29,112.9,0,0,0.0,0,0,0,2,12,6.0,0,1,-21,Dak PrescottQB15260870,32.0,47.66666666666666,67.1,396.0,1.6666666666666667,0.6666666666666666,2.0,-12.666666666666664,8.233333333333333,18.0,98.5,0.0,0.0,0.0,0.0,0.0,0.0,4.666666666666667,24.66666666666667,5.9766666666666675,1.0,2.333333333333333,-12.666666666666664,10011,DAL,91.66666666666669,7.333333333333332,5.3,0.29000000000000004,0.021,3.6666666666666665,1.6666666666666667,26.66666666666667,0.6666666666666666,1.3333333333333333,2.0,50.0,26.0,2.0,3.333333333333333,1.0,88.33333333333331,6.833333333333332,4.6,0.2386666666666667,0.007666666666666665,3.6666666666666665,2.0,21.0,0.3333333333333333,0.3333333333333333,2.0,38.0,33.333333333333336,2.333333333333333,4.666666666666667,9.666666666666666,3.6666666666666665,3.0,2.333333333333333,2.0,1.6666666666666667,0.6666666666666666,0.0,0.0,9.333333333333334,0.0,0.0,0.0,0.0,0.0,0.0,29.33333333333333,31.66666666666667,10027,CLE,82.0,7.866666666666667,4.366666666666666,0.2826666666666667,0.03033333333333333,3.6666666666666665,1.3333333333333333,23.0,1.0,1.3333333333333333,2.6666666666666665,44.0,25.33333333333333,1.3333333333333333,2.6666666666666665,1.0,76.0,7.933333333333333,4.633333333333334,0.257,0.017333333333333333,3.333333333333333,0.6666666666666666,19.33333333333333,0.6666666666666666,0.6666666666666666,1.3333333333333333,29.66666666666667,32.666666666666664,1.0,3.333333333333333,12.0,3.6666666666666665,3.6666666666666665,3.333333333333333,1.3333333333333333,1.3333333333333333,0.0,0.0,0.0,21.33333333333333,0.0,0.0,0.0,0.0,0.0,0.0,29.33333333333333,25.0,QB,Dak PrescottQB15260870,232.87596130371094
53,631,18,4,2020,1550,Joe BurrowQB15260869,QB,cin,h,jac,19.1,6300,Joe BurrowQB15260869,25,36,69.4,300,1,1,1,0,8.3,15,92.4,0,0,0.0,0,0,0,4,11,2.75,0,1,0,Joe BurrowQB15260869,30.33333333333333,46.66666666666666,65.56666666666666,273.6666666666667,1.6666666666666667,0.3333333333333333,4.666666666666667,-35.666666666666664,5.966666666666668,17.666666666666668,88.2,0.0,0.0,0.0,0.0,0.0,0.0,5.333333333333333,21.33333333333333,2.486666666666667,0.3333333333333333,1.6666666666666667,-35.666666666666664,10010,CIN,90.33333333333331,8.1,3.533333333333333,0.2496666666666667,0.011666666666666669,2.0,2.6666666666666665,22.66666666666667,0.3333333333333333,0.6666666666666666,4.666666666666667,51.33333333333334,23.33333333333333,3.0,5.0,1.0,86.33333333333331,7.366666666666667,4.699999999999998,0.249,0.011,2.6666666666666665,2.0,21.0,1.0,0.0,1.6666666666666667,35.0,36.66666666666666,2.333333333333333,4.0,21.33333333333333,2.0,2.0,2.0,3.0,2.6666666666666665,0.0,0.0,0.0,5.333333333333333,0.0,0.0,0.0,0.0,0.0,0.0,22.0,24.66666666666667,10025,JAX,74.33333333333333,7.133333333333333,4.9,0.26899999999999996,0.008333333333333333,3.333333333333333,1.6666666666666667,20.0,0.6666666666666666,0.0,1.0,31.0,30.66666666666667,2.0,2.333333333333333,1.0,73.66666666666667,7.466666666666666,4.6000000000000005,0.28,0.016666666666666666,3.0,1.0,21.0,1.0,0.3333333333333333,3.333333333333333,39.0,22.33333333333333,1.0,2.6666666666666665,12.666666666666664,3.333333333333333,3.333333333333333,3.0,2.0,1.6666666666666667,0.0,0.0,0.0,15.333333333333336,0.0,0.0,0.0,0.0,0.0,0.0,28.0,23.33333333333333,QB,Joe BurrowQB15260869,218.57855224609375
54,1762,9,10,2020,1439,Teddy BridgewaterQB15260878,QB,car,h,tam,20.04,6100,Teddy BridgewaterQB15260878,18,24,75.0,136,2,1,1,-5,5.7,6,98.6,0,0,0.0,0,0,0,3,16,5.33,1,1,-5,Teddy BridgewaterQB15260878,24.444444444444446,34.0,71.46666666666667,268.44444444444446,1.2222222222222223,0.6666666666666666,2.0,-12.555555555555555,7.966666666666668,13.444444444444445,97.77777777777777,0.0,0.0,0.0,0.0,0.0,0.0,3.555555555555556,20.0,5.036666666666666,0.2222222222222222,1.0,-12.555555555555555,10019,CAR,74.55555555555556,7.355555555555557,4.855555555555554,0.26555555555555554,0.013111111111111113,2.4444444444444446,2.1111111111111107,20.0,0.6666666666666666,0.3333333333333333,2.0,36.444444444444436,24.88888888888889,2.6666666666666665,2.333333333333333,1.0,75.8888888888889,7.622222222222224,4.755555555555556,0.2848888888888889,0.017333333333333336,2.7777777777777777,2.0,21.66666666666667,0.5555555555555556,0.7777777777777778,1.0,38.0,25.0,2.1111111111111107,2.6666666666666665,15.888888888888891,2.4444444444444446,2.333333333333333,2.1111111111111107,2.6666666666666665,2.1111111111111107,0.1111111111111111,0.1111111111111111,0.0,3.333333333333333,0.0,0.0,0.0,0.0,0.0,0.0,23.33333333333333,25.11111111111111,10026,TAM,77.66666666666667,7.755555555555557,4.022222222222221,0.2225555555555556,0.023,2.4444444444444446,1.3333333333333333,17.444444444444443,1.2222222222222223,0.5555555555555556,3.2222222222222223,39.555555555555564,23.66666666666667,1.4444444444444444,4.333333333333333,1.0,77.44444444444444,7.844444444444443,4.444444444444444,0.24177777777777776,0.017222222222222222,3.111111111111111,1.7777777777777777,19.0,0.7777777777777778,0.4444444444444444,1.4444444444444444,40.0,23.222222222222218,2.0,3.888888888888889,17.0,2.6666666666666665,2.555555555555556,2.555555555555556,1.4444444444444444,1.3333333333333333,0.1111111111111111,0.0,0.0,14.444444444444445,0.0,0.0,0.2222222222222222,0.0,0.0,0.2222222222222222,22.555555555555557,27.555555555555557,QB,Teddy BridgewaterQB15260878,312.3062744140625
55,2177,25,12,2020,1537,Kyler MurrayQB15260888,QB,ari,a,nwe,8.9,8200,Kyler MurrayQB15260888,29,42,69.0,269,2,0,3,-12,6.4,17,102.2,0,0,0.0,0,0,0,5,15,3.0,0,0,-12,Kyler MurrayQB15260888,24.1,35.3,67.64,264.4,1.9,0.8,1.6,-7.8,7.590000000000002,13.8,99.85,0.0,0.0,0.0,0.0,0.0,0.0,9.2,61.9,6.8,1.0,3.9,-7.8,10029,ARI,81.3,7.630000000000001,5.08,0.2897,0.0157,3.5,1.5,23.5,0.8,0.5,1.6,36.9,30.6,1.9,3.3,1.0,81.5,7.790000000000001,4.5,0.2624,0.012,2.5,1.9,21.5,0.8,0.3,2.5,40.2,26.9,2.1,3.9,9.2,3.5,3.3,3.2,1.9,1.5,0.2,0.0,0.0,7.6,0.0,0.0,0.0,0.0,0.0,0.0,28.7,23.6,10006,NWE,70.0,7.31,5.11,0.2733,0.0214,2.5,1.9,19.1,1.1,0.4,1.3,29.6,28.0,2.0,2.9,1.0,76.6,7.52,4.72,0.27779999999999994,0.0209,2.1,1.7,21.4,1.1,0.4,1.8,31.6,32.5,1.9,2.8,17.2,2.6,2.5,2.3,2.0,1.9,0.1,0.1,0.0,17.7,0.0,0.0,0.1,0.0,0.0,0.1,23.8,20.9,QB,Kyler MurrayQB15260888,331.67779541015625
56,1839,24,10,2020,1441,Derek CarrQB15260876,QB,lvr,h,den,7.16,5400,Derek CarrQB15260876,16,25,64.0,154,0,0,0,0,6.2,8,81.1,0,0,0.0,0,0,0,4,10,2.5,0,0,0,Derek CarrQB15260876,22.5,32.25,68.925,250.25,2.0,0.25,1.75,-9.875,7.7125,11.875,109.3375,0.0,0.0,0.0,0.0,0.0,0.0,2.875,13.5,4.3225,0.0,1.25,-9.875,10017,LVR,78.0,6.95,4.762499999999998,0.2625,0.016625,3.0,2.125,20.5,0.25,1.0,1.75,34.0,30.0,2.375,2.5,1.0,77.5,7.699999999999998,4.9625,0.28025,0.007000000000000001,3.25,1.75,21.75,0.375,0.125,1.125,37.25,26.125,2.0,2.875,16.0,3.0,3.0,2.875,2.375,2.125,0.0,0.0,0.0,23.25,0.0,0.0,0.0,0.0,0.0,0.0,27.25,28.625,10014,DEN,82.5,7.7375,4.362500000000002,0.231625,0.014375,2.625,2.375,19.125,0.75,0.375,2.75,39.875,27.75,2.75,3.875,1.0,79.875,8.125,4.2,0.209,0.024625,2.25,2.0,16.75,1.5,0.5,2.625,39.5,25.625,2.125,4.125,17.0,2.875,2.625,2.25,2.75,2.375,0.25,0.0,0.25,17.875,0.125,0.0,0.25,0.0,0.0,0.375,26.625,21.75,QB,Derek CarrQB15260876,241.1407012939453
57,2369,19,13,2020,1412,Russell WilsonQB15260881,QB,sea,h,nyg,17.02,7700,Russell WilsonQB15260881,27,43,62.8,263,1,1,5,-47,6.1,13,78.0,0,0,0.0,0,0,0,7,45,6.43,0,0,-47,Russell WilsonQB15260881,25.363636363636363,35.45454545454545,72.2909090909091,289.3636363636364,2.9090909090909087,0.9090909090909092,3.272727272727273,-19.454545454545453,8.172727272727272,14.454545454545455,111.17272727272729,0.0,0.0,0.0,0.0,0.0,0.0,5.909090909090909,37.18181818181818,6.383636363636364,0.09090909090909093,1.818181818181818,-19.454545454545453,10021,SEA,78.9090909090909,7.500000000000001,4.999999999999999,0.2783636363636364,0.015727272727272725,3.9090909090909087,1.2727272727272727,22.0,0.9090909090909092,0.3636363636363637,3.272727272727273,38.81818181818182,25.09090909090909,1.2727272727272727,3.727272727272727,1.0,85.27272727272727,7.427272727272728,4.927272727272729,0.29554545454545456,0.015363636363636362,3.272727272727273,1.7272727272727273,25.181818181818183,0.8181818181818182,0.5454545454545454,2.5454545454545454,46.90909090909091,24.272727272727273,2.0,2.8181818181818183,11.454545454545455,3.8181818181818175,3.636363636363636,3.4545454545454546,1.3636363636363635,1.3636363636363635,0.18181818181818185,0.09090909090909093,0.18181818181818185,26.818181818181817,0.0,0.0,0.0,0.0,0.0,0.0,30.63636363636364,27.63636363636364,10023,NYG,77.1,7.8199999999999985,4.659999999999998,0.26769999999999994,0.0182,2.5,2.0,20.7,0.8,0.5,2.4,38.7,25.5,2.4,3.0,1.0,74.6,7.850000000000001,4.1099999999999985,0.23410000000000006,0.023600000000000003,1.7,2.1,17.6,0.9,0.8,3.0,36.6,24.8,2.2,3.6,18.6,2.6,1.9,1.8,2.4,2.0,0.7,0.1,0.0,21.4,0.0,0.0,0.0,0.1,0.0,0.1,23.6,19.5,QB,Russell WilsonQB15260881,238.5678253173828
58,2265,2,13,2020,1528,Baker MayfieldQB15260885,QB,cle,a,ten,33.46,5300,Baker MayfieldQB15260885,25,33,75.8,334,4,0,0,0,10.1,17,147.0,1,1,1.0,6,0,1,4,5,1.25,0,1,0,Baker MayfieldQB15260885,15.727272727272727,26.09090909090909,60.3909090909091,186.72727272727272,1.3636363636363635,0.6363636363636364,1.6363636363636365,-9.181818181818182,7.327272727272727,9.727272727272727,88.22727272727273,0.0,0.0,0.0,0.0,0.0,0.0,3.0909090909090913,7.636363636363638,2.439090909090909,0.0,0.8181818181818182,-9.181818181818182,10027,CLE,75.0,7.518181818181818,4.590909090909091,0.2496363636363637,0.014818181818181819,2.4545454545454546,1.3636363636363635,18.818181818181817,0.6363636363636364,0.4545454545454545,1.6363636363636365,28.90909090909091,32.54545454545455,1.7272727272727273,3.5454545454545454,1.0,78.9090909090909,7.463636363636363,4.427272727272726,0.2705454545454545,0.023,2.9090909090909087,1.3636363636363635,21.63636363636364,1.0,0.8181818181818182,2.9090909090909087,40.18181818181818,26.09090909090909,1.6363636363636365,3.0,13.909090909090908,2.8181818181818183,2.727272727272727,2.5454545454545454,1.6363636363636365,1.3636363636363635,0.09090909090909093,0.09090909090909093,0.18181818181818185,6.090909090909091,0.0,0.0,0.18181818181818185,0.0,0.0,0.18181818181818185,23.72727272727273,26.0,10013,TEN,82.27272727272727,7.3454545454545475,4.754545454545455,0.2721818181818181,0.018545454545454542,3.0909090909090913,1.5454545454545454,22.363636363636363,1.0,0.5454545454545454,1.181818181818182,40.36363636363637,28.181818181818183,1.7272727272727273,3.0909090909090913,1.0,77.81818181818181,7.345454545454545,4.8090909090909095,0.2675454545454545,0.010545454545454544,3.363636363636364,1.4545454545454546,20.90909090909091,0.4545454545454545,0.3636363636363637,1.4545454545454546,33.27272727272727,30.0,2.1818181818181817,3.4545454545454546,12.0,3.272727272727273,2.727272727272727,2.5454545454545454,1.2727272727272727,1.181818181818182,0.5454545454545454,0.09090909090909093,0.0,11.454545454545455,0.0,0.0,0.0,0.0,0.09090909090909093,0.09090909090909093,25.90909090909091,29.45454545454545,QB,Baker MayfieldQB15260885,250.50743103027344
59,2297,6,13,2020,1527,Lamar JacksonQB15260866,QB,bal,h,dal,26.68,0,Lamar JacksonQB15260866,12,17,70.6,107,2,1,0,0,6.3,2,101.8,0,0,0.0,0,0,0,13,94,7.23,1,6,0,Lamar JacksonQB15260866,17.454545454545453,27.72727272727273,63.8909090909091,194.0,1.4545454545454546,0.6363636363636364,2.272727272727273,-13.363636363636365,7.172727272727273,9.909090909090908,93.0,0.0,0.0,0.0,0.0,0.0,0.0,10.545454545454543,56.90909090909091,5.587272727272729,0.2727272727272727,3.0909090909090913,-13.363636363636365,10007,BAL,76.0909090909091,7.736363636363637,4.454545454545454,0.25236363636363635,0.01536363636363637,2.636363636363636,2.0,19.181818181818183,0.7272727272727273,0.4545454545454545,2.272727272727273,30.181818181818183,32.72727272727273,2.090909090909091,3.727272727272727,1.0,77.9090909090909,7.70909090909091,4.327272727272727,0.2502727272727273,0.018636363636363642,2.363636363636364,1.181818181818182,19.545454545454547,0.5454545454545454,0.9090909090909092,2.636363636363636,37.90909090909091,26.0,1.5454545454545454,4.181818181818182,17.545454545454547,2.9090909090909087,2.8181818181818183,2.8181818181818183,1.818181818181818,1.7272727272727273,0.09090909090909093,0.09090909090909093,0.0,22.63636363636364,0.09090909090909093,0.0,0.0,0.2727272727272727,0.0,0.3636363636363637,25.63636363636364,19.454545454545453,10011,DAL,79.81818181818181,7.1909090909090905,4.763636363636363,0.2565454545454546,0.012363636363636365,3.4545454545454546,1.6363636363636365,20.545454545454547,0.3636363636363637,0.5454545454545454,1.9090909090909087,33.63636363636363,31.63636363636364,1.9090909090909087,3.636363636363636,1.0,85.72727272727273,7.5545454545454565,4.381818181818182,0.2641818181818182,0.02363636363636364,2.363636363636364,1.7272727272727273,22.90909090909091,0.9090909090909092,1.181818181818182,2.8181818181818183,45.09090909090909,26.54545454545455,2.1818181818181817,3.363636363636364,10.454545454545457,3.9090909090909087,3.1818181818181817,3.0,1.818181818181818,1.6363636363636365,0.7272727272727273,0.3636363636363637,0.2727272727272727,18.363636363636363,0.0,0.0,0.18181818181818185,0.09090909090909093,0.0,0.2727272727272727,32.09090909090909,22.818181818181817,QB,Lamar JacksonQB15260866,260.2598876953125
60,1410,17,8,2020,1490,Jared GoffQB15260882,QB,lar,a,mia,17.2,6500,Jared GoffQB15260882,35,61,57.4,355,1,2,2,-15,5.8,19,65.9,0,0,0.0,0,0,0,0,0,0.0,0,0,-15,Jared GoffQB15260882,21.571428571428577,31.857142857142854,68.32857142857144,255.7142857142857,1.7142857142857142,0.5714285714285714,1.1428571428571428,-8.714285714285714,8.185714285714287,12.0,104.0,0.0,0.0,0.0,0.0,0.0,0.0,3.4285714285714284,5.7142857142857135,2.4085714285714284,0.2857142857142857,0.8571428571428571,-8.714285714285714,10022,LAR,77.14285714285714,7.2714285714285705,4.957142857142856,0.27414285714285713,0.013142857142857142,3.1428571428571432,1.1428571428571428,21.285714285714285,0.5714285714285714,0.42857142857142855,1.1428571428571428,33.0,31.714285714285715,1.5714285714285714,3.7142857142857135,1.0,77.0,7.585714285714286,4.014285714285714,0.2387142857142857,0.016714285714285713,1.8571428571428568,1.2857142857142858,18.571428571428573,0.8571428571428571,0.42857142857142855,3.4285714285714284,39.714285714285715,23.857142857142854,1.4285714285714286,4.714285714285714,16.285714285714285,3.1428571428571432,3.0,2.571428571428572,1.5714285714285714,1.1428571428571428,0.14285714285714285,0.14285714285714285,0.0,24.57142857142857,0.0,0.0,0.0,0.0,0.0,0.0,25.142857142857146,17.714285714285715,10030,MIA,76.16666666666667,7.183333333333334,4.766666666666667,0.263,0.02016666666666667,2.5,0.5,19.83333333333333,0.8333333333333334,0.6666666666666666,2.833333333333333,37.66666666666666,24.83333333333333,0.8333333333333334,4.333333333333333,1.0,75.16666666666667,7.116666666666666,4.683333333333334,0.26899999999999996,0.0165,2.6666666666666665,2.5,20.33333333333333,1.1666666666666667,0.0,1.6666666666666667,35.0,27.16666666666667,2.5,3.8333333333333335,18.166666666666668,2.5,2.5,2.333333333333333,0.8333333333333334,0.5,0.0,0.0,0.0,18.166666666666668,0.0,0.0,0.0,0.0,0.0,0.0,18.83333333333333,26.66666666666667,QB,Jared GoffQB15260882,278.6969299316406
