,TmOFNS,GOFNS,PlaysOFNS,ToGoOFNS,YdsOFNS,1st%OFNS,TO%OFNS,TDOFNS,FGOFNS,nanOFNS,IntOFNS,FmbOFNS,SkOFNS,PassOFNS,RushOFNS,FGOFNS1,PuntOFNS,Week,TmDFNS,GDFNS,PlaysDFNS,ToGoDFNS,YdsDFNS,1st%DFNS,TO%DFNS,TDDFNS,FGDFNS,nanDFNS,IntDFNS,FmbDFNS,SkDFNS,PassDFNS,RushDFNS,FGDFNS1,PuntDFNS,RkALLSCR,TmALLSCR,YearALLSCR,DateALLSCR,TimeALLSCR,LTimeALLSCR,nanALLSCR,OppALLSCR,WeekALLSCR,G#ALLSCR,DayALLSCR,ResultALLSCR,OTALLSCR,TDALLSCR,XPAALLSCR,XPMALLSCR,FGAALLSCR,FGMALLSCR,2PAALLSCR,2PMALLSCR,SftyALLSCR,RkDSTSCR,TmDSTSCR,YearDSTSCR,DateDSTSCR,TimeDSTSCR,LTimeDSTSCR,nanDSTSCR,OppDSTSCR,WeekDSTSCR,G#DSTSCR,DayDSTSCR,ResultDSTSCR,OTDSTSCR,KRDSTSCR,PRDSTSCR,IRDSTSCR,FRDSTSCR,ORDSTSCR,RetTDDSTSCR,PtsFor,PtsAgainst,Opponent
0,ATL,1,91,7.4,5.5,0.297,0.022,3,2,27.0,1,1,2,56,20,2,3,1,ATL,1,73,7.4,5.2,0.288,0.0,5,1,21.0,0,0,3,38,20,1,4,8,ATL,2020,2020-09-13,01:00:00,01:00:00,0,SEA,1,1,Sun,L 25-38,0,3,2,1,2,2,1,0,0,1,ATL,2020,2020-09-13,01:00:00,01:00:00,0,SEA,1,1,Sun,L 25-38,0,0,0,0,0,0,0,25,38,SEA
1,BUF,1,92,7.6,4.4,0.283,0.022,3,2,26.0,0,2,3,49,32,4,1,1,BUF,1,68,7.1,3.7,0.176,0.029,2,1,12.0,1,1,3,38,15,1,6,9,BUF,2020,2020-09-13,01:00:00,01:00:00,0,NYJ,1,1,Sun,W 27-17,0,3,3,3,4,2,0,0,0,2,BUF,2020,2020-09-13,01:00:00,01:00:00,0,NYJ,1,1,Sun,W 27-17,0,0,0,0,0,0,0,27,17,NYJ
2,CAR,1,80,7.1,4.9,0.263,0.0,3,3,21.0,0,0,1,35,30,3,2,1,CAR,1,76,6.7,4.9,0.276,0.0,4,2,21.0,0,0,0,30,31,2,3,10,CAR,2020,2020-09-13,01:00:00,01:00:00,0,LVR,1,1,Sun,L 30-34,0,3,2,1,3,3,1,1,0,3,CAR,2020,2020-09-13,01:00:00,01:00:00,0,LVR,1,1,Sun,L 30-34,0,0,0,0,0,0,0,30,34,LVR
3,CHI,1,81,7.5,4.5,0.284,0.0,3,2,23.0,0,0,1,37,28,2,5,1,CHI,1,88,7.6,4.8,0.239,0.011,2,3,21.0,1,0,1,43,29,4,4,11,CHI,2020,2020-09-13,01:00:00,01:00:00,@,DET,1,1,Sun,W 27-23,0,3,3,3,2,2,0,0,0,4,CHI,2020,2020-09-13,01:00:00,01:00:00,@,DET,1,1,Sun,W 27-23,0,0,0,0,0,0,0,27,23,DET
4,CIN,1,81,8.5,3.6,0.235,0.025,1,2,19.0,1,1,3,39,28,3,6,1,CIN,1,85,7.3,4.3,0.2,0.0,1,3,17.0,0,0,2,32,39,4,5,29,CIN,2020,2020-09-13,04:05:00,04:05:00,0,LAC,1,1,Sun,L 13-16,0,1,1,1,3,2,0,0,0,5,CIN,2020,2020-09-13,04:05:00,04:05:00,0,LAC,1,1,Sun,L 13-16,0,0,0,0,0,0,0,13,16,LAC
5,CLE,1,80,9.0,3.9,0.213,0.038,1,0,17.0,1,2,2,41,26,1,4,1,CLE,1,69,8.3,5.5,0.333,0.014,5,1,23.0,0,1,2,28,30,1,3,30,CLE,2020,2020-09-13,01:00:00,01:00:00,@,BAL,1,1,Sun,L 6-38,0,1,1,0,1,0,0,0,0,6,CLE,2020,2020-09-13,01:00:00,01:00:00,@,BAL,1,1,Sun,L 6-38,0,0,0,0,0,0,0,6,38,BAL
6,IND,1,80,7.4,5.6,0.275,0.025,2,2,22.0,2,0,1,47,22,3,0,1,IND,1,60,8.0,4.0,0.25,0.0,3,2,15.0,0,0,4,24,23,2,3,19,IND,2020,2020-09-13,01:00:00,01:00:00,@,JAX,1,1,Sun,L 20-27,0,2,2,2,3,2,0,0,0,7,IND,2020,2020-09-13,01:00:00,01:00:00,@,JAX,1,1,Sun,L 20-27,0,0,0,0,0,0,0,20,27,JAX
7,ARI,1,93,8.6,4.3,0.28,0.011,3,1,26.0,1,0,2,42,36,3,4,1,ARI,1,74,7.3,4.9,0.23,0.0,2,2,17.0,0,0,3,36,25,2,5,12,ARI,2020,2020-09-13,04:25:00,01:25:00,@,SFO,1,1,Sun,W 24-20,0,3,3,3,3,1,0,0,0,8,ARI,2020,2020-09-13,04:25:00,01:25:00,@,SFO,1,1,Sun,W 24-20,0,0,0,0,0,0,0,24,20,SFO
8,DAL,1,82,7.8,4.6,0.28,0.0,2,1,23.0,0,0,3,42,27,2,4,1,DAL,1,84,6.8,5.0,0.274,0.012,2,2,23.0,1,0,1,32,40,3,3,20,DAL,2020,2020-09-13,08:20:00,05:20:00,@,LAR,1,1,Sun,L 17-20,0,2,2,2,2,1,0,0,0,9,DAL,2020,2020-09-13,08:20:00,05:20:00,@,LAR,1,1,Sun,L 17-20,0,0,0,0,0,0,0,17,20,LAR
9,DEN,1,70,7.1,4.6,0.271,0.014,2,0,19.0,0,1,0,33,26,0,5,1,DEN,1,91,6.9,4.1,0.253,0.0,2,1,23.0,0,0,1,44,34,4,4,21,DEN,2020,2020-09-14,10:10:00,08:10:00,0,TEN,1,1,Mon,L 14-16,0,2,2,2,0,0,0,0,0,10,DEN,2020,2020-09-14,10:10:00,08:10:00,0,TEN,1,1,Mon,L 14-16,0,0,0,0,0,0,0,14,16,TEN
10,DET,1,88,7.6,4.8,0.239,0.011,2,3,21.0,1,0,1,43,29,4,4,1,DET,1,81,7.5,4.5,0.284,0.0,3,2,23.0,0,0,1,37,28,2,5,22,DET,2020,2020-09-13,01:00:00,01:00:00,0,CHI,1,1,Sun,L 23-27,0,2,2,2,4,3,0,0,0,11,DET,2020,2020-09-13,01:00:00,01:00:00,0,CHI,1,1,Sun,L 23-27,0,0,0,0,0,0,0,23,27,CHI
11,GNB,1,90,6.7,5.8,0.311,0.0,5,2,28.0,0,0,0,44,32,2,1,1,GNB,1,64,6.5,6.0,0.359,0.016,4,1,23.0,1,0,2,27,22,1,2,1,GNB,2020,2020-09-13,01:00:00,03:00:00,@,MIN,1,1,Sun,W 43-34,0,5,5,5,2,2,0,0,1,12,GNB,2020,2020-09-13,01:00:00,03:00:00,@,MIN,1,1,Sun,W 43-34,0,0,0,0,0,0,0,41,34,MIN
12,HOU,1,71,7.0,5.1,0.296,0.014,3,0,21.0,1,0,4,36,22,1,3,1,HOU,1,80,6.3,4.6,0.313,0.0,4,2,25.0,0,0,1,33,34,2,3,13,HOU,2020,2020-09-10,08:20:00,07:20:00,@,KAN,1,1,Thu,L 20-34,0,3,2,2,1,0,1,0,0,13,HOU,2020,2020-09-10,08:20:00,07:20:00,@,KAN,1,1,Thu,L 20-34,0,0,0,0,0,0,0,20,34,KAN
13,JAX,1,60,8.0,4.0,0.25,0.0,3,2,15.0,0,0,4,24,23,2,3,1,JAX,1,80,7.4,5.6,0.275,0.025,2,2,22.0,2,0,1,47,22,3,0,14,JAX,2020,2020-09-13,01:00:00,01:00:00,0,IND,1,1,Sun,W 27-20,0,3,3,3,2,2,0,0,0,14,JAX,2020,2020-09-13,01:00:00,01:00:00,0,IND,1,1,Sun,W 27-20,0,0,0,0,0,0,0,27,20,IND
14,KAN,1,80,6.3,4.6,0.313,0.0,4,2,25.0,0,0,1,33,34,2,3,1,KAN,1,71,7.0,5.1,0.296,0.014,3,0,21.0,1,0,4,36,22,1,3,4,KAN,2020,2020-09-10,08:20:00,07:20:00,0,HOU,1,1,Thu,W 34-20,0,4,4,4,2,2,0,0,0,15,KAN,2020,2020-09-10,08:20:00,07:20:00,0,HOU,1,1,Thu,W 34-20,0,0,0,0,0,0,0,34,20,HOU
15,MIA,1,67,7.2,4.0,0.254,0.045,1,1,17.0,3,0,1,31,27,1,3,1,MIA,1,74,7.4,4.8,0.351,0.014,3,0,26.0,0,1,2,21,42,1,4,31,MIA,2020,2020-09-13,01:00:00,01:00:00,@,NWE,1,1,Sun,L 11-21,0,1,0,0,1,1,1,1,0,16,MIA,2020,2020-09-13,01:00:00,01:00:00,@,NWE,1,1,Sun,L 11-21,0,0,0,0,0,0,0,11,21,NWE
16,MIN,1,64,6.5,6.0,0.359,0.016,4,1,23.0,1,0,2,27,22,1,2,1,MIN,1,90,6.7,5.8,0.311,0.0,5,2,28.0,0,0,0,44,32,2,1,5,MIN,2020,2020-09-13,01:00:00,03:00:00,0,GNB,1,1,Sun,L 34-43,0,4,1,1,1,1,3,3,0,17,MIN,2020,2020-09-13,01:00:00,03:00:00,0,GNB,1,1,Sun,L 34-43,0,0,0,0,0,0,0,34,41,GNB
17,NOR,1,83,6.9,3.3,0.181,0.0,3,2,15.0,0,0,1,32,34,2,6,1,NOR,1,82,7.9,3.8,0.22,0.037,3,1,18.0,2,1,3,39,26,2,5,6,NOR,2020,2020-09-13,04:25:00,03:25:00,0,TAM,1,1,Sun,W 34-23,0,4,4,4,2,2,0,0,0,18,NOR,2020,2020-09-13,04:25:00,03:25:00,0,TAM,1,1,Sun,W 34-23,0,0,0,1,0,0,1,34,23,TAM
18,NWE,1,74,7.4,4.8,0.351,0.014,3,0,26.0,0,1,2,21,42,1,4,1,NWE,1,67,7.2,4.0,0.254,0.045,1,1,17.0,3,0,1,31,27,1,3,15,NWE,2020,2020-09-13,01:00:00,01:00:00,0,MIA,1,1,Sun,W 21-11,0,3,3,3,1,0,0,0,0,19,NWE,2020,2020-09-13,01:00:00,01:00:00,0,MIA,1,1,Sun,W 21-11,0,0,0,0,0,0,0,21,11,MIA
19,NYG,1,78,8.2,3.7,0.231,0.038,2,1,18.0,2,1,3,44,20,1,5,1,NYG,1,77,8.2,4.5,0.247,0.0,3,2,19.0,0,0,2,34,30,2,4,23,NYG,2020,2020-09-14,07:15:00,07:15:00,0,PIT,1,1,Mon,L 16-26,0,2,1,1,1,1,1,0,0,20,NYG,2020,2020-09-14,07:15:00,07:15:00,0,PIT,1,1,Mon,L 16-26,0,0,0,0,0,0,0,16,26,PIT
20,NYJ,1,68,7.1,3.7,0.176,0.029,2,1,12.0,1,1,3,38,15,1,6,1,NYJ,1,92,7.6,4.4,0.283,0.022,3,2,26.0,0,2,3,49,32,4,1,24,NYJ,2020,2020-09-13,01:00:00,01:00:00,@,BUF,1,1,Sun,L 17-27,0,2,2,2,1,1,0,0,0,21,NYJ,2020,2020-09-13,01:00:00,01:00:00,@,BUF,1,1,Sun,L 17-27,0,0,0,0,0,0,0,17,27,BUF
21,TEN,1,91,6.9,4.1,0.253,0.0,2,1,23.0,0,0,1,44,34,4,4,1,TEN,1,70,7.1,4.6,0.271,0.014,2,0,19.0,0,1,0,33,26,0,5,25,TEN,2020,2020-09-14,10:10:00,08:10:00,@,DEN,1,1,Mon,W 16-14,0,2,2,1,4,1,0,0,0,22,TEN,2020,2020-09-14,10:10:00,08:10:00,@,DEN,1,1,Mon,W 16-14,0,0,0,0,0,0,0,16,14,DEN
22,PHI,1,82,8.9,3.2,0.22,0.037,2,1,18.0,2,1,8,50,17,2,5,1,PHI,1,87,7.4,2.7,0.184,0.0,3,2,16.0,0,0,3,34,36,3,7,26,PHI,2020,2020-09-13,01:00:00,01:00:00,@,WAS,1,1,Sun,L 17-27,0,2,2,2,2,1,0,0,0,23,PHI,2020,2020-09-13,01:00:00,01:00:00,@,WAS,1,1,Sun,L 17-27,0,0,0,0,0,0,0,17,27,WAS
23,PIT,1,77,8.2,4.5,0.247,0.0,3,2,19.0,0,0,2,34,30,2,4,1,PIT,1,78,8.2,3.7,0.231,0.038,2,1,18.0,2,1,3,44,20,1,5,16,PIT,2020,2020-09-14,07:15:00,07:15:00,@,NYG,1,1,Mon,W 26-16,0,3,3,2,2,2,0,0,0,24,PIT,2020,2020-09-14,07:15:00,07:15:00,@,NYG,1,1,Mon,W 26-16,0,0,0,0,0,0,0,26,16,NYG
24,LVR,1,76,6.7,4.9,0.276,0.0,4,2,21.0,0,0,0,30,31,2,3,1,LVR,1,80,7.1,4.9,0.263,0.0,3,3,21.0,0,0,1,35,30,3,2,7,LVR,2020,2020-09-13,01:00:00,01:00:00,@,CAR,1,1,Sun,W 34-30,0,4,4,4,2,2,0,0,0,25,LVR,2020,2020-09-13,01:00:00,01:00:00,@,CAR,1,1,Sun,W 34-30,0,0,0,0,0,0,0,34,30,CAR
25,LAR,1,84,6.8,5.0,0.274,0.012,2,2,23.0,1,0,1,32,40,3,3,1,LAR,1,82,7.8,4.6,0.28,0.0,2,1,23.0,0,0,3,42,27,2,4,27,LAR,2020,2020-09-13,08:20:00,05:20:00,0,DAL,1,1,Sun,W 20-17,0,2,2,2,3,2,0,0,0,26,LAR,2020,2020-09-13,08:20:00,05:20:00,0,DAL,1,1,Sun,W 20-17,0,0,0,0,0,0,0,20,17,DAL
26,BAL,1,69,8.3,5.5,0.333,0.014,5,1,23.0,0,1,2,28,30,1,3,1,BAL,1,80,9.0,3.9,0.213,0.038,1,0,17.0,1,2,2,41,26,1,4,2,BAL,2020,2020-09-13,01:00:00,01:00:00,0,CLE,1,1,Sun,W 38-6,0,5,5,5,1,1,0,0,0,27,BAL,2020,2020-09-13,01:00:00,01:00:00,0,CLE,1,1,Sun,W 38-6,0,0,0,0,0,0,0,38,6,CLE
27,LAC,1,85,7.3,4.3,0.2,0.0,1,3,17.0,0,0,2,32,39,4,5,1,LAC,1,81,8.5,3.6,0.235,0.025,1,2,19.0,1,1,3,39,28,3,6,32,LAC,2020,2020-09-13,04:05:00,04:05:00,@,CIN,1,1,Sun,W 16-13,0,1,1,1,4,3,0,0,0,28,LAC,2020,2020-09-13,04:05:00,04:05:00,@,CIN,1,1,Sun,W 16-13,0,0,0,0,0,0,0,16,13,CIN
28,SEA,1,73,7.4,5.2,0.288,0.0,5,1,21.0,0,0,3,38,20,1,4,1,SEA,1,91,7.4,5.5,0.297,0.022,3,2,27.0,1,1,2,56,20,2,3,3,SEA,2020,2020-09-13,01:00:00,01:00:00,@,ATL,1,1,Sun,W 38-25,0,5,5,5,1,1,0,0,0,29,SEA,2020,2020-09-13,01:00:00,01:00:00,@,ATL,1,1,Sun,W 38-25,0,0,0,0,0,0,0,38,25,ATL
29,SFO,1,74,7.3,4.9,0.23,0.0,2,2,17.0,0,0,3,36,25,2,5,1,SFO,1,93,8.6,4.3,0.28,0.011,3,1,26.0,1,0,2,42,36,3,4,28,SFO,2020,2020-09-13,04:25:00,01:25:00,0,ARI,1,1,Sun,L 20-24,0,2,2,2,2,2,0,0,0,30,SFO,2020,2020-09-13,04:25:00,01:25:00,0,ARI,1,1,Sun,L 20-24,0,0,0,0,0,0,0,20,24,ARI
30,TAM,1,82,7.9,3.8,0.22,0.037,3,1,18.0,2,1,3,39,26,2,5,1,TAM,1,83,6.9,3.3,0.181,0.0,3,2,15.0,0,0,1,32,34,2,6,17,TAM,2020,2020-09-13,04:25:00,03:25:00,@,NOR,1,1,Sun,L 23-34,0,3,2,2,2,1,1,0,0,31,TAM,2020,2020-09-13,04:25:00,03:25:00,@,NOR,1,1,Sun,L 23-34,0,0,0,0,0,0,0,23,34,NOR
31,WAS,1,87,7.4,2.7,0.184,0.0,3,2,16.0,0,0,3,34,36,3,7,1,WAS,1,82,8.9,3.2,0.22,0.037,2,1,18.0,2,1,8,50,17,2,5,18,WAS,2020,2020-09-13,01:00:00,01:00:00,0,PHI,1,1,Sun,W 27-17,0,3,3,3,3,2,0,0,0,32,WAS,2020,2020-09-13,01:00:00,01:00:00,0,PHI,1,1,Sun,W 27-17,0,0,0,0,0,0,0,27,17,PHI
32,BUF,1,86,7.6,4.3,0.233,0.023,3,3,20.0,2,0,0,50,18,3,4,10,BUF,1,86,7.5,5.3,0.291,0.023,3,4,25.0,1,1,3,35,35,4,3,5,BUF,2020,2020-11-15,04:05:00,02:05:00,@,ARI,10,10,Sun,L 30-32,0,3,3,3,3,3,0,0,0,2,BUF,2020,2020-11-15,04:05:00,02:05:00,@,ARI,10,10,Sun,L 30-32,0,0,0,0,0,0,0,30,32,ARI
33,CAR,1,65,6.5,3.0,0.185,0.015,3,1,12.0,1,0,3,30,16,1,5,10,CAR,1,91,7.2,6.0,0.297,0.011,5,4,27.0,0,1,1,40,37,4,0,6,CAR,2020,2020-11-15,01:00:00,01:00:00,0,TAM,10,10,Sun,L 23-46,0,3,2,2,1,1,1,0,0,3,CAR,2020,2020-11-15,01:00:00,01:00:00,0,TAM,10,10,Sun,L 23-46,0,0,0,0,0,0,0,23,46,TAM
34,CHI,1,63,7.4,2.4,0.159,0.016,1,2,10.0,1,0,2,33,17,2,5,10,CHI,1,83,8.1,4.6,0.217,0.036,2,2,18.0,1,2,1,37,33,2,5,22,CHI,2020,2020-11-16,08:15:00,07:15:00,0,MIN,10,10,Mon,L 13-19,0,1,1,1,2,2,0,0,0,1,CHI,2020,2020-11-16,08:15:00,07:15:00,0,MIN,10,10,Mon,L 13-19,0,1,0,0,0,0,1,13,19,MIN
35,CIN,1,84,8.6,3.4,0.19,0.012,1,1,16.0,0,1,4,44,20,1,10,10,CIN,1,83,8.1,4.5,0.229,0.012,4,3,19.0,0,1,0,46,20,3,7,23,CIN,2020,2020-11-15,04:25:00,04:25:00,@,PIT,10,9,Sun,L 10-36,0,1,1,1,1,1,0,0,0,4,CIN,2020,2020-11-15,04:25:00,04:25:00,@,PIT,10,9,Sun,L 10-36,0,0,0,0,0,0,0,10,36,PIT
36,CLE,1,70,7.9,5.1,0.257,0.0,1,1,18.0,0,0,1,21,41,1,4,10,CLE,1,63,7.7,3.9,0.238,0.0,1,0,15.0,0,0,2,32,22,2,3,24,CLE,2020,2020-11-15,01:00:00,01:00:00,0,HOU,10,9,Sun,W 10-7,0,1,1,1,1,1,0,0,0,5,CLE,2020,2020-11-15,01:00:00,01:00:00,0,HOU,10,9,Sun,W 10-7,0,0,0,0,0,0,0,10,7,HOU
37,IND,1,80,6.5,5.4,0.313,0.0,3,2,25.0,0,0,1,40,29,2,1,10,IND,1,73,7.3,4.0,0.26,0.0,2,1,19.0,0,0,1,28,32,2,3,2,IND,2020,2020-11-12,08:20:00,07:20:00,@,TEN,10,9,Thu,W 34-17,0,4,4,4,2,2,0,0,0,6,IND,2020,2020-11-12,08:20:00,07:20:00,@,TEN,10,9,Thu,W 34-17,0,0,0,0,0,1,1,34,17,TEN
38,ARI,1,86,7.5,5.3,0.291,0.023,3,4,25.0,1,1,3,35,35,4,3,10,ARI,1,86,7.6,4.3,0.233,0.023,3,3,20.0,2,0,0,50,18,3,4,7,ARI,2020,2020-11-15,04:05:00,02:05:00,0,BUF,10,9,Sun,W 32-30,0,3,2,2,4,4,1,0,0,7,ARI,2020,2020-11-15,04:05:00,02:05:00,0,BUF,10,9,Sun,W 32-30,0,0,0,0,0,0,0,32,30,BUF
39,DEN,1,83,7.7,3.8,0.217,0.06,1,2,18.0,4,1,2,49,19,2,4,10,DEN,1,81,7.4,4.4,0.235,0.0,4,3,19.0,0,0,0,25,41,3,4,25,DEN,2020,2020-11-15,04:05:00,01:05:00,@,LVR,10,9,Sun,L 12-37,0,1,0,0,2,2,1,0,0,8,DEN,2020,2020-11-15,04:05:00,01:05:00,@,LVR,10,9,Sun,L 12-37,0,0,0,0,0,0,0,12,37,LVR
40,DET,1,71,7.8,5.2,0.268,0.0,3,3,19.0,0,0,1,34,21,3,4,10,DET,1,97,7.5,4.8,0.309,0.01,3,2,30.0,0,1,2,57,26,3,2,8,DET,2020,2020-11-15,01:00:00,01:00:00,0,WAS,10,9,Sun,W 30-27,0,3,3,3,3,3,0,0,0,9,DET,2020,2020-11-15,01:00:00,01:00:00,0,WAS,10,9,Sun,W 30-27,0,0,0,0,0,0,0,30,27,WAS
41,GNB,1,74,7.4,5.3,0.189,0.027,3,1,14.0,1,1,1,35,25,1,5,10,GNB,1,76,8.1,3.4,0.197,0.013,1,2,15.0,1,0,3,38,23,2,6,9,GNB,2020,2020-11-15,01:00:00,12:00:00,0,JAX,10,9,Sun,W 24-20,0,3,3,3,1,1,0,0,0,10,GNB,2020,2020-11-15,01:00:00,12:00:00,0,JAX,10,9,Sun,W 24-20,0,0,0,0,0,0,0,24,20,JAX
42,HOU,1,63,7.7,3.9,0.238,0.0,1,0,15.0,0,0,2,32,22,2,3,10,HOU,1,70,7.9,5.1,0.257,0.0,1,1,18.0,0,0,1,21,41,1,4,26,HOU,2020,2020-11-15,01:00:00,01:00:00,@,CLE,10,9,Sun,L 7-10,0,1,1,1,1,0,0,0,0,11,HOU,2020,2020-11-15,01:00:00,01:00:00,@,CLE,10,9,Sun,L 7-10,0,0,0,0,0,0,0,7,10,CLE
43,JAX,1,76,8.1,3.4,0.197,0.013,1,2,15.0,1,0,3,38,23,2,6,10,JAX,1,74,7.4,5.3,0.189,0.027,3,1,14.0,1,1,1,35,25,1,5,17,JAX,2020,2020-11-15,01:00:00,12:00:00,@,GNB,10,9,Sun,L 20-24,0,2,2,2,2,2,0,0,0,12,JAX,2020,2020-11-15,01:00:00,12:00:00,@,GNB,10,9,Sun,L 20-24,0,0,1,0,0,0,1,20,24,GNB
44,MIA,1,70,7.2,4.0,0.229,0.014,3,3,16.0,0,1,0,25,32,4,2,10,MIA,1,78,6.9,3.5,0.244,0.013,3,0,19.0,1,0,2,34,29,0,5,10,MIA,2020,2020-11-15,04:05:00,04:05:00,0,LAC,10,9,Sun,W 29-21,0,3,2,2,4,3,1,0,0,13,MIA,2020,2020-11-15,04:05:00,04:05:00,0,LAC,10,9,Sun,W 29-21,0,0,0,0,0,0,0,29,21,LAC
45,MIN,1,83,8.1,4.6,0.217,0.036,2,2,18.0,1,2,1,37,33,2,5,10,MIN,1,63,7.4,2.4,0.159,0.016,1,2,10.0,1,0,2,33,17,2,5,18,MIN,2020,2020-11-16,08:15:00,07:15:00,@,CHI,10,9,Mon,W 19-13,0,2,1,1,2,2,1,0,0,14,MIN,2020,2020-11-16,08:15:00,07:15:00,@,CHI,10,9,Mon,W 19-13,0,0,0,0,0,0,0,19,13,CHI
46,NOR,1,70,7.0,3.4,0.229,0.043,3,2,16.0,0,3,3,26,30,2,5,10,NOR,1,80,9.0,3.5,0.213,0.038,1,2,17.0,2,1,2,41,25,2,5,11,NOR,2020,2020-11-15,04:25:00,03:25:00,0,SFO,10,9,Sun,W 27-13,0,3,3,3,2,2,0,0,0,15,NOR,2020,2020-11-15,04:25:00,03:25:00,0,SFO,10,9,Sun,W 27-13,0,0,0,0,0,0,0,27,13,SFO
47,NWE,1,70,7.2,4.4,0.3,0.0,3,1,21.0,0,0,1,19,39,1,4,10,NWE,1,75,7.5,4.8,0.253,0.013,2,1,19.0,1,0,2,36,28,1,3,12,NWE,2020,2020-11-15,08:20:00,08:20:00,0,BAL,10,9,Sun,W 23-17,0,3,3,2,1,1,0,0,0,16,NWE,2020,2020-11-15,08:20:00,08:20:00,0,BAL,10,9,Sun,W 23-17,0,0,0,0,0,0,0,23,17,BAL
48,NYG,1,80,7.5,4.8,0.25,0.0,3,2,20.0,0,0,3,31,36,2,4,10,NYG,1,77,8.1,4.5,0.26,0.0,2,1,20.0,0,0,2,40,23,1,5,13,NYG,2020,2020-11-15,01:00:00,01:00:00,0,PHI,10,10,Sun,W 27-17,0,3,3,3,2,2,0,0,0,17,NYG,2020,2020-11-15,01:00:00,01:00:00,0,PHI,10,10,Sun,W 27-17,0,0,0,0,0,0,0,27,17,PHI
49,TEN,1,73,7.3,4.0,0.26,0.0,2,1,19.0,0,0,1,28,32,2,3,10,TEN,1,80,6.5,5.4,0.313,0.0,3,2,25.0,0,0,1,40,29,2,1,19,TEN,2020,2020-11-12,08:20:00,07:20:00,0,IND,10,9,Thu,L 17-34,0,2,2,2,2,1,0,0,0,18,TEN,2020,2020-11-12,08:20:00,07:20:00,0,IND,10,9,Thu,L 17-34,0,0,0,0,0,0,0,17,34,IND
50,PHI,1,77,8.1,4.5,0.26,0.0,2,1,20.0,0,0,2,40,23,1,5,10,PHI,1,80,7.5,4.8,0.25,0.0,3,2,20.0,0,0,3,31,36,2,4,20,PHI,2020,2020-11-15,01:00:00,01:00:00,@,NYG,10,9,Sun,L 17-27,0,2,0,0,1,1,2,1,0,19,PHI,2020,2020-11-15,01:00:00,01:00:00,@,NYG,10,9,Sun,L 17-27,0,0,0,0,0,0,0,17,27,NYG
51,PIT,1,83,8.1,4.5,0.229,0.012,4,3,19.0,0,1,0,46,20,3,7,10,PIT,1,84,8.6,3.4,0.19,0.012,1,1,16.0,0,1,4,44,20,1,10,3,PIT,2020,2020-11-15,04:25:00,04:25:00,0,CIN,10,9,Sun,W 36-10,0,4,3,3,3,3,1,0,0,20,PIT,2020,2020-11-15,04:25:00,04:25:00,0,CIN,10,9,Sun,W 36-10,0,0,0,0,0,0,0,36,10,CIN
52,LVR,1,81,7.4,4.4,0.235,0.0,4,3,19.0,0,0,0,25,41,3,4,10,LVR,1,83,7.7,3.8,0.217,0.06,1,2,18.0,4,1,2,49,19,2,4,4,LVR,2020,2020-11-15,04:05:00,01:05:00,0,DEN,10,9,Sun,W 37-12,0,4,4,4,3,3,0,0,0,21,LVR,2020,2020-11-15,04:05:00,01:05:00,0,DEN,10,9,Sun,W 37-12,0,0,0,0,0,0,0,37,12,DEN
53,LAR,1,81,7.6,4.8,0.284,0.012,3,1,23.0,0,1,3,40,29,1,4,10,LAR,1,77,8.4,4.3,0.247,0.039,1,3,19.0,2,1,6,43,22,3,3,14,LAR,2020,2020-11-15,04:25:00,01:25:00,0,SEA,10,9,Sun,W 23-16,0,3,3,2,1,1,0,0,0,22,LAR,2020,2020-11-15,04:25:00,01:25:00,0,SEA,10,9,Sun,W 23-16,0,0,0,0,0,0,0,23,16,SEA
54,BAL,1,75,7.5,4.8,0.253,0.013,2,1,19.0,1,0,2,36,28,1,3,10,BAL,1,70,7.2,4.4,0.3,0.0,3,1,21.0,0,0,1,19,39,1,4,21,BAL,2020,2020-11-15,08:20:00,08:20:00,@,NWE,10,9,Sun,L 17-23,0,2,2,2,1,1,0,0,0,23,BAL,2020,2020-11-15,08:20:00,08:20:00,@,NWE,10,9,Sun,L 17-23,0,0,0,0,0,0,0,17,23,NWE
55,LAC,1,78,6.9,3.5,0.244,0.013,3,0,19.0,1,0,2,34,29,0,5,10,LAC,1,70,7.2,4.0,0.229,0.014,3,3,16.0,0,1,0,25,32,4,2,15,LAC,2020,2020-11-15,04:05:00,04:05:00,@,MIA,10,9,Sun,L 21-29,0,3,3,3,0,0,0,0,0,24,LAC,2020,2020-11-15,04:05:00,04:05:00,@,MIA,10,9,Sun,L 21-29,0,0,0,0,0,0,0,21,29,MIA
56,SEA,1,77,8.4,4.3,0.247,0.039,1,3,19.0,2,1,6,43,22,3,3,10,SEA,1,81,7.6,4.8,0.284,0.012,3,1,23.0,0,1,3,40,29,1,4,27,SEA,2020,2020-11-15,04:25:00,01:25:00,@,LAR,10,9,Sun,L 16-23,0,1,1,1,3,3,0,0,0,25,SEA,2020,2020-11-15,04:25:00,01:25:00,@,LAR,10,9,Sun,L 16-23,0,0,0,0,0,0,0,16,23,LAR
57,SFO,1,80,9.0,3.5,0.213,0.038,1,2,17.0,2,1,2,41,25,2,5,10,SFO,1,70,7.0,3.4,0.229,0.043,3,2,16.0,0,3,3,26,30,2,5,28,SFO,2020,2020-11-15,04:25:00,03:25:00,@,NOR,10,10,Sun,L 13-27,0,1,1,1,2,2,0,0,0,26,SFO,2020,2020-11-15,04:25:00,03:25:00,@,NOR,10,10,Sun,L 13-27,0,0,0,0,0,0,0,13,27,NOR
58,TAM,1,91,7.2,6.0,0.297,0.011,5,4,27.0,0,1,1,40,37,4,0,10,TAM,1,65,6.5,3.0,0.185,0.015,3,1,12.0,1,0,3,30,16,1,5,1,TAM,2020,2020-11-15,01:00:00,01:00:00,@,CAR,10,10,Sun,W 46-23,0,5,5,4,4,4,0,0,0,27,TAM,2020,2020-11-15,01:00:00,01:00:00,@,CAR,10,10,Sun,W 46-23,0,0,0,0,0,0,0,46,23,CAR
59,WAS,1,97,7.5,4.8,0.309,0.01,3,2,30.0,0,1,2,57,26,3,2,10,WAS,1,71,7.8,5.2,0.268,0.0,3,3,19.0,0,0,1,34,21,3,4,16,WAS,2020,2020-11-15,01:00:00,01:00:00,@,DET,10,9,Sun,L 27-30,0,3,3,3,3,2,0,0,0,28,WAS,2020,2020-11-15,01:00:00,01:00:00,@,DET,10,9,Sun,L 27-30,0,0,0,0,0,0,0,27,30,DET
60,ATL,1,72,8.2,3.4,0.153,0.028,0,3,11.0,2,0,8,45,14,3,5,11,ATL,1,76,7.7,5.0,0.276,0.013,3,1,21.0,0,1,3,26,36,2,4,26,ATL,2020,2020-11-22,01:00:00,12:00:00,@,NOR,11,10,Sun,L 9-24,0,0,0,0,3,3,0,0,0,1,ATL,2020,2020-11-22,01:00:00,12:00:00,@,NOR,11,10,Sun,L 9-24,0,0,0,0,0,0,0,9,24,NOR
61,CAR,1,79,8.4,4.7,0.241,0.025,2,2,19.0,2,0,1,36,34,2,4,11,CAR,1,67,8.3,2.8,0.149,0.015,0,0,10.0,0,1,5,38,17,1,6,17,CAR,2020,2020-11-22,01:00:00,01:00:00,0,DET,11,11,Sun,W 20-0,0,2,2,2,2,2,0,0,0,2,CAR,2020,2020-11-22,01:00:00,01:00:00,0,DET,11,11,Sun,W 20-0,0,0,0,0,0,0,0,20,0,DET
62,CIN,1,80,7.7,3.4,0.2,0.025,1,1,16.0,1,1,4,48,18,3,5,11,CIN,1,74,8.3,4.4,0.257,0.014,2,2,19.0,1,0,2,27,34,3,5,24,CIN,2020,2020-11-22,01:00:00,01:00:00,@,WAS,11,10,Sun,L 9-20,0,1,1,0,3,1,0,0,0,3,CIN,2020,2020-11-22,01:00:00,01:00:00,@,WAS,11,10,Sun,L 9-20,0,0,0,0,0,0,0,9,20,WAS
63,CLE,1,80,7.2,4.1,0.2,0.013,1,2,16.0,0,1,3,25,40,3,5,11,CLE,1,79,7.6,4.0,0.215,0.038,2,1,17.0,2,1,5,40,25,1,6,18,CLE,2020,2020-11-22,01:00:00,01:00:00,0,PHI,11,10,Sun,W 22-17,0,2,2,2,3,2,0,0,1,4,CLE,2020,2020-11-22,01:00:00,01:00:00,0,PHI,11,10,Sun,W 22-17,0,0,0,1,0,0,1,20,17,PHI
64,IND,1,90,9.0,4.7,0.244,0.022,3,4,22.0,1,1,1,37,37,5,2,11,IND,1,73,6.5,5.0,0.274,0.055,4,1,20.0,1,3,1,39,18,1,3,8,IND,2020,2020-11-22,04:25:00,04:25:00,0,GNB,11,10,Sun,W 34-31,OT,3,2,2,5,4,1,1,0,5,IND,2020,2020-11-22,04:25:00,04:25:00,0,GNB,11,10,Sun,W 34-31,OT,0,0,0,0,0,0,34,31,GNB
65,ARI,1,75,7.5,4.2,0.293,0.0,3,0,22.0,0,0,3,45,18,0,4,11,ARI,1,76,7.9,4.6,0.276,0.0,3,2,21.0,0,0,3,31,31,2,4,9,ARI,2020,2020-11-19,08:20:00,05:20:00,@,SEA,11,10,Thu,L 21-28,0,3,3,3,0,0,0,0,0,6,ARI,2020,2020-11-19,08:20:00,05:20:00,@,SEA,11,10,Thu,L 21-28,0,0,0,0,0,0,0,21,26,SEA
66,DAL,1,77,6.4,4.9,0.299,0.013,4,1,23.0,1,0,1,33,31,1,3,11,DAL,1,75,7.0,5.7,0.307,0.027,4,0,23.0,0,2,2,32,29,0,3,2,DAL,2020,2020-11-22,04:25:00,06:25:00,@,MIN,11,10,Sun,W 31-28,0,4,3,2,1,1,1,1,0,7,DAL,2020,2020-11-22,04:25:00,06:25:00,@,MIN,11,10,Sun,W 31-28,0,0,0,0,0,0,0,31,28,MIN
67,DEN,1,74,7.5,6.2,0.23,0.027,2,2,17.0,1,1,0,30,33,2,3,11,DEN,1,74,9.0,3.0,0.203,0.014,1,2,15.0,1,0,6,44,17,2,6,19,DEN,2020,2020-11-22,04:05:00,02:05:00,0,MIA,11,10,Sun,W 20-13,0,2,2,2,2,2,0,0,0,8,DEN,2020,2020-11-22,04:05:00,02:05:00,0,MIA,11,10,Sun,W 20-13,0,0,0,0,0,0,0,20,13,MIA
68,DET,1,67,8.3,2.8,0.149,0.015,0,0,10.0,0,1,5,38,17,1,6,11,DET,1,79,8.4,4.7,0.241,0.025,2,2,19.0,2,0,1,36,34,2,4,27,DET,2020,2020-11-22,01:00:00,01:00:00,@,CAR,11,10,Sun,L 0-20,0,0,0,0,1,0,0,0,0,9,DET,2020,2020-11-22,01:00:00,01:00:00,@,CAR,11,10,Sun,L 0-20,0,0,0,0,0,0,0,0,20,CAR
69,GNB,1,73,6.5,5.0,0.274,0.055,4,1,20.0,1,3,1,39,18,1,3,11,GNB,1,90,9.0,4.7,0.244,0.022,3,4,22.0,1,1,1,37,37,5,2,3,GNB,2020,2020-11-22,04:25:00,04:25:00,@,IND,11,10,Sun,L 31-34,OT,4,4,4,1,1,0,0,0,10,GNB,2020,2020-11-22,04:25:00,04:25:00,@,IND,11,10,Sun,L 31-34,OT,0,0,0,0,0,0,31,34,IND
70,HOU,1,70,7.1,5.7,0.271,0.0,3,2,19.0,0,0,0,37,19,2,4,11,HOU,1,79,8.4,5.5,0.278,0.0,2,2,22.0,0,0,2,42,24,2,3,10,HOU,2020,2020-11-22,01:00:00,12:00:00,0,NWE,11,10,Sun,W 27-20,0,3,3,3,2,2,0,0,0,11,HOU,2020,2020-11-22,01:00:00,12:00:00,0,NWE,11,10,Sun,W 27-20,0,0,0,0,0,0,0,27,20,NWE
71,JAX,1,69,8.5,3.0,0.174,0.058,0,1,12.0,4,0,2,39,17,1,6,11,JAX,1,86,7.6,4.3,0.233,0.012,3,2,20.0,1,0,0,46,27,3,5,28,JAX,2020,2020-11-22,01:00:00,01:00:00,0,PIT,11,10,Sun,L 3-27,0,0,0,0,1,1,0,0,0,12,JAX,2020,2020-11-22,01:00:00,01:00:00,0,PIT,11,10,Sun,L 3-27,0,0,0,0,0,0,0,3,27,PIT
72,KAN,1,86,7.2,5.3,0.372,0.012,5,0,32.0,1,0,0,46,27,0,2,11,KAN,1,70,6.4,5.2,0.329,0.014,4,1,23.0,1,0,0,31,26,1,2,1,KAN,2020,2020-11-22,08:20:00,05:20:00,@,LVR,11,10,Sun,W 35-31,0,5,5,5,0,0,0,0,0,13,KAN,2020,2020-11-22,08:20:00,05:20:00,@,LVR,11,10,Sun,W 35-31,0,0,0,0,0,0,0,35,31,LVR
73,MIA,1,74,9.0,3.0,0.203,0.014,1,2,15.0,1,0,6,44,17,2,6,11,MIA,1,74,7.5,6.2,0.23,0.027,2,2,17.0,1,1,0,30,33,2,3,25,MIA,2020,2020-11-22,04:05:00,02:05:00,@,DEN,11,10,Sun,L 13-20,0,1,1,1,2,2,0,0,0,14,MIA,2020,2020-11-22,04:05:00,02:05:00,@,DEN,11,10,Sun,L 13-20,0,0,0,0,0,0,0,13,20,DEN
74,MIN,1,75,7.0,5.7,0.307,0.027,4,0,23.0,0,2,2,32,29,0,3,11,MIN,1,77,6.4,4.9,0.299,0.013,4,1,23.0,1,0,1,33,31,1,3,4,MIN,2020,2020-11-22,04:25:00,06:25:00,0,DAL,11,10,Sun,L 28-31,0,4,4,4,0,0,0,0,0,15,MIN,2020,2020-11-22,04:25:00,06:25:00,0,DAL,11,10,Sun,L 28-31,0,0,0,0,0,0,0,28,31,DAL
75,NOR,1,76,7.7,5.0,0.276,0.013,3,1,21.0,0,1,3,26,36,2,4,11,NOR,1,72,8.2,3.4,0.153,0.028,0,3,11.0,2,0,8,45,14,3,5,11,NOR,2020,2020-11-22,01:00:00,12:00:00,0,ATL,11,10,Sun,W 24-9,0,3,3,3,2,1,0,0,0,16,NOR,2020,2020-11-22,01:00:00,12:00:00,0,ATL,11,10,Sun,W 24-9,0,0,0,0,0,0,0,24,9,ATL
76,NWE,1,79,8.4,5.5,0.278,0.0,2,2,22.0,0,0,2,42,24,2,3,11,NWE,1,70,7.1,5.7,0.271,0.0,3,2,19.0,0,0,0,37,19,2,4,20,NWE,2020,2020-11-22,01:00:00,12:00:00,@,HOU,11,10,Sun,L 20-27,0,2,2,2,2,2,0,0,0,17,NWE,2020,2020-11-22,01:00:00,12:00:00,@,HOU,11,10,Sun,L 20-27,0,0,0,0,0,0,0,20,27,HOU
77,NYJ,1,70,7.5,4.2,0.214,0.014,4,0,15.0,1,0,1,31,24,0,4,11,NYJ,1,92,7.8,4.4,0.261,0.011,3,2,24.0,0,1,3,52,25,2,4,5,NYJ,2020,2020-11-22,04:05:00,01:05:00,@,LAC,11,10,Sun,L 28-34,0,4,4,2,0,0,0,0,1,18,NYJ,2020,2020-11-22,04:05:00,01:05:00,@,LAC,11,10,Sun,L 28-34,0,0,0,0,0,0,0,26,34,LAC
78,TEN,1,81,7.7,5.1,0.296,0.012,3,3,24.0,1,0,2,33,34,3,3,11,TEN,1,78,7.5,3.9,0.244,0.013,2,3,19.0,1,0,1,30,33,3,3,12,TEN,2020,2020-11-22,01:00:00,01:00:00,@,BAL,11,10,Sun,W 30-24,OT,3,1,1,3,3,1,1,0,19,TEN,2020,2020-11-22,01:00:00,01:00:00,@,BAL,11,10,Sun,W 30-24,OT,0,0,0,0,0,0,30,24,BAL
79,PHI,1,79,7.6,4.0,0.215,0.038,2,1,17.0,2,1,5,40,25,1,6,11,PHI,1,80,7.2,4.1,0.2,0.013,1,2,16.0,0,1,3,25,40,3,5,21,PHI,2020,2020-11-22,01:00:00,01:00:00,@,CLE,11,10,Sun,L 17-22,0,2,2,2,1,1,0,0,0,20,PHI,2020,2020-11-22,01:00:00,01:00:00,@,CLE,11,10,Sun,L 17-22,0,0,0,0,0,0,0,17,20,CLE
80,PIT,1,86,7.6,4.3,0.233,0.012,3,2,20.0,1,0,0,46,27,3,5,11,PIT,1,69,8.5,3.0,0.174,0.058,0,1,12.0,4,0,2,39,17,1,6,13,PIT,2020,2020-11-22,01:00:00,01:00:00,@,JAX,11,10,Sun,W 27-3,0,3,3,3,3,2,0,0,0,21,PIT,2020,2020-11-22,01:00:00,01:00:00,@,JAX,11,10,Sun,W 27-3,0,0,0,0,0,0,0,27,3,JAX
81,LVR,1,70,6.4,5.2,0.329,0.014,4,1,23.0,1,0,0,31,26,1,2,11,LVR,1,86,7.2,5.3,0.372,0.012,5,0,32.0,1,0,0,46,27,0,2,6,LVR,2020,2020-11-22,08:20:00,05:20:00,0,KAN,11,10,Sun,L 31-35,0,4,4,4,1,1,0,0,0,22,LVR,2020,2020-11-22,08:20:00,05:20:00,0,KAN,11,10,Sun,L 31-35,0,0,0,0,0,0,0,31,35,KAN
82,LAR,1,87,7.4,4.7,0.23,0.023,3,2,20.0,2,0,0,51,20,3,5,11,LAR,1,81,7.4,3.1,0.222,0.025,3,1,18.0,2,0,1,49,18,1,5,14,LAR,2020,2020-11-23,08:15:00,08:15:00,@,TAM,11,10,Mon,W 27-24,0,3,3,3,3,2,0,0,0,23,LAR,2020,2020-11-23,08:15:00,08:15:00,@,TAM,11,10,Mon,W 27-24,0,0,0,0,0,0,0,27,24,TAM
83,BAL,1,78,7.5,3.9,0.244,0.013,2,3,19.0,1,0,1,30,33,3,3,11,BAL,1,81,7.7,5.1,0.296,0.012,3,3,24.0,1,0,2,33,34,3,3,22,BAL,2020,2020-11-22,01:00:00,01:00:00,0,TEN,11,10,Sun,L 24-30,OT,2,1,1,3,3,1,1,0,24,BAL,2020,2020-11-22,01:00:00,01:00:00,0,TEN,11,10,Sun,L 24-30,OT,0,0,0,0,0,0,24,30,TEN
84,LAC,1,92,7.8,4.4,0.261,0.011,3,2,24.0,0,1,3,52,25,2,4,11,LAC,1,70,7.5,4.2,0.214,0.014,4,0,15.0,1,0,1,31,24,0,4,7,LAC,2020,2020-11-22,04:05:00,01:05:00,0,NYJ,11,10,Sun,W 34-28,0,4,4,4,2,2,0,0,0,25,LAC,2020,2020-11-22,04:05:00,01:05:00,0,NYJ,11,10,Sun,W 34-28,0,0,0,1,0,0,1,34,26,NYJ
85,SEA,1,76,7.9,4.6,0.276,0.0,3,2,21.0,0,0,3,31,31,2,4,11,SEA,1,75,7.5,4.2,0.293,0.0,3,0,22.0,0,0,3,45,18,0,4,15,SEA,2020,2020-11-19,08:20:00,05:20:00,0,ARI,11,10,Thu,W 28-21,0,3,3,2,2,2,0,0,1,26,SEA,2020,2020-11-19,08:20:00,05:20:00,0,ARI,11,10,Thu,W 28-21,0,0,0,0,0,0,0,26,21,ARI
86,TAM,1,81,7.4,3.1,0.222,0.025,3,1,18.0,2,0,1,49,18,1,5,11,TAM,1,87,7.4,4.7,0.23,0.023,3,2,20.0,2,0,0,51,20,3,5,16,TAM,2020,2020-11-23,08:15:00,08:15:00,0,LAR,11,11,Mon,L 24-27,0,3,3,3,1,1,0,0,0,27,TAM,2020,2020-11-23,08:15:00,08:15:00,0,LAR,11,11,Mon,L 24-27,0,0,0,0,0,0,0,24,27,LAR
87,WAS,1,74,8.3,4.4,0.257,0.014,2,2,19.0,1,0,2,27,34,3,5,11,WAS,1,80,7.7,3.4,0.2,0.025,1,1,16.0,1,1,4,48,18,3,5,23,WAS,2020,2020-11-22,01:00:00,01:00:00,0,CIN,11,10,Sun,W 20-9,0,2,2,2,3,2,0,0,0,28,WAS,2020,2020-11-22,01:00:00,01:00:00,0,CIN,11,10,Sun,W 20-9,0,0,0,0,0,0,0,20,9,CIN
88,ATL,1,91,6.7,4.2,0.231,0.0,4,4,21.0,0,0,1,38,34,4,4,2,ATL,1,98,6.6,5.8,0.316,0.031,5,2,31.0,0,3,1,49,30,2,3,6,ATL,2020,2020-09-20,01:00:00,12:00:00,@,DAL,2,2,Sun,L 39-40,0,4,3,3,4,4,1,0,0,1,ATL,2020,2020-09-20,01:00:00,12:00:00,@,DAL,2,2,Sun,L 39-40,0,0,0,0,0,0,0,39,40,DAL
89,BUF,1,74,7.2,7.1,0.297,0.014,4,1,22.0,0,1,1,36,23,1,4,2,BUF,1,88,7.1,4.7,0.295,0.0,3,2,26.0,0,0,3,50,22,2,5,7,BUF,2020,2020-09-20,01:00:00,01:00:00,@,MIA,2,2,Sun,W 31-28,0,4,4,4,1,1,0,0,0,2,BUF,2020,2020-09-20,01:00:00,01:00:00,@,MIA,2,2,Sun,W 31-28,0,0,0,0,0,0,0,31,28,MIA
90,CAR,1,82,7.7,5.2,0.28,0.049,2,1,23.0,2,2,5,47,23,1,3,2,CAR,1,70,7.6,4.8,0.243,0.029,4,1,17.0,1,1,0,35,22,1,4,21,CAR,2020,2020-09-20,01:00:00,01:00:00,@,TAM,2,2,Sun,L 17-31,0,2,2,2,1,1,0,0,0,3,CAR,2020,2020-09-20,01:00:00,01:00:00,@,TAM,2,2,Sun,L 17-31,0,0,0,0,0,0,0,17,31,TAM
91,CHI,1,75,7.7,4.1,0.24,0.027,2,1,18.0,2,0,4,32,32,2,3,2,CHI,1,73,7.5,4.0,0.274,0.027,1,2,20.0,1,1,4,44,18,3,3,22,CHI,2020,2020-09-20,01:00:00,12:00:00,0,NYG,2,2,Sun,W 17-13,0,2,2,2,2,1,0,0,0,4,CHI,2020,2020-09-20,01:00:00,12:00:00,0,NYG,2,2,Sun,W 17-13,0,0,0,0,0,0,0,17,13,NYG
92,CIN,1,102,7.4,3.5,0.275,0.01,3,3,28.0,0,1,3,64,24,3,2,2,CIN,1,71,6.7,6.1,0.324,0.014,5,0,23.0,1,0,0,23,35,0,1,14,CIN,2020,2020-09-17,08:20:00,08:20:00,@,CLE,2,2,Thu,L 30-35,0,3,3,3,3,3,0,0,0,5,CIN,2020,2020-09-17,08:20:00,08:20:00,@,CLE,2,2,Thu,L 30-35,0,0,0,0,0,0,0,30,35,CLE
93,CLE,1,71,6.7,6.1,0.324,0.014,5,0,23.0,1,0,0,23,35,0,1,2,CLE,1,102,7.4,3.5,0.275,0.01,3,3,28.0,0,1,3,64,24,3,2,1,CLE,2020,2020-09-17,08:20:00,08:20:00,0,CIN,2,2,Thu,W 35-30,0,5,5,5,0,0,0,0,0,6,CLE,2020,2020-09-17,08:20:00,08:20:00,0,CIN,2,2,Thu,W 35-30,0,0,0,0,0,0,0,35,30,CIN
94,IND,1,79,8.1,4.5,0.266,0.013,2,4,21.0,1,0,2,27,40,4,2,2,IND,1,60,8.6,2.9,0.133,0.05,1,1,8.0,3,0,3,29,18,1,4,23,IND,2020,2020-09-20,01:00:00,01:00:00,0,MIN,2,2,Sun,W 28-11,0,2,2,2,4,4,0,0,1,7,IND,2020,2020-09-20,01:00:00,01:00:00,0,MIN,2,2,Sun,W 28-11,0,0,0,0,0,0,0,26,11,MIN
95,ARI,1,87,8.5,5.0,0.241,0.023,3,3,21.0,1,1,3,41,32,3,4,2,ARI,1,76,7.0,4.2,0.224,0.013,2,1,17.0,0,1,4,37,23,1,6,15,ARI,2020,2020-09-20,04:05:00,02:05:00,0,WAS,2,2,Sun,W 30-15,0,3,3,3,3,3,0,0,0,8,ARI,2020,2020-09-20,04:05:00,02:05:00,0,WAS,2,2,Sun,W 30-15,0,0,0,0,0,0,0,30,15,WAS
96,DAL,1,98,6.6,5.8,0.316,0.031,5,2,31.0,0,3,1,49,30,2,3,2,DAL,1,91,6.7,4.2,0.231,0.0,4,4,21.0,0,0,1,38,34,4,4,2,DAL,2020,2020-09-20,01:00:00,12:00:00,0,ATL,2,2,Sun,W 40-39,0,5,4,4,2,2,1,0,0,9,DAL,2020,2020-09-20,01:00:00,12:00:00,0,ATL,2,2,Sun,W 40-39,0,0,0,0,0,0,0,40,39,ATL
97,DEN,1,86,9.4,3.7,0.198,0.023,2,2,17.0,1,1,7,46,25,3,5,2,DEN,1,79,8.1,5.2,0.241,0.025,3,1,19.0,1,1,1,42,22,1,5,24,DEN,2020,2020-09-20,01:00:00,01:00:00,@,PIT,2,2,Sun,L 21-26,0,2,1,1,3,2,1,1,0,10,DEN,2020,2020-09-20,01:00:00,01:00:00,@,PIT,2,2,Sun,L 21-26,0,0,0,0,0,0,0,21,24,PIT
98,DET,1,75,7.7,4.1,0.24,0.013,3,0,18.0,1,0,4,37,21,1,5,2,DET,1,80,8.4,6.1,0.288,0.0,4,2,23.0,0,0,1,31,35,2,3,16,DET,2020,2020-09-20,01:00:00,12:00:00,@,GNB,2,2,Sun,L 21-42,0,3,3,3,1,0,0,0,0,11,DET,2020,2020-09-20,01:00:00,12:00:00,@,GNB,2,2,Sun,L 21-42,0,0,0,0,0,0,0,21,42,GNB
99,GNB,1,80,8.4,6.1,0.288,0.0,4,2,23.0,0,0,1,31,35,2,3,2,GNB,1,75,7.7,4.1,0.24,0.013,3,0,18.0,1,0,4,37,21,1,5,3,GNB,2020,2020-09-20,01:00:00,12:00:00,0,DET,2,2,Sun,W 42-21,0,5,4,4,2,2,1,1,0,12,GNB,2020,2020-09-20,01:00:00,12:00:00,0,DET,2,2,Sun,W 42-21,0,0,0,1,0,0,1,42,21,DET
100,HOU,1,72,7.4,4.2,0.236,0.028,1,3,17.0,1,1,4,40,17,3,3,2,HOU,1,78,7.5,5.2,0.295,0.0,2,4,23.0,0,0,4,28,37,4,2,29,HOU,2020,2020-09-20,04:25:00,03:25:00,0,BAL,2,2,Sun,L 16-33,0,1,1,1,3,3,0,0,0,13,HOU,2020,2020-09-20,04:25:00,03:25:00,0,BAL,2,2,Sun,L 16-33,0,0,0,0,0,0,0,16,33,BAL
101,JAX,1,87,7.7,5.5,0.333,0.023,4,1,29.0,2,0,2,47,27,1,2,2,JAX,1,74,7.3,4.8,0.257,0.0,4,2,19.0,0,0,1,25,34,2,3,8,JAX,2020,2020-09-20,01:00:00,12:00:00,@,TEN,2,2,Sun,L 30-33,0,4,4,3,1,1,0,0,0,14,JAX,2020,2020-09-20,01:00:00,12:00:00,@,TEN,2,2,Sun,L 30-33,0,0,0,0,0,0,0,30,33,TEN
102,KAN,1,85,8.7,4.9,0.271,0.0,2,3,23.0,0,0,1,48,22,3,5,2,KAN,1,91,6.8,5.3,0.297,0.011,2,2,27.0,1,0,2,35,44,2,3,25,KAN,2020,2020-09-20,04:25:00,01:25:00,@,LAC,2,2,Sun,W 23-20,OT,2,1,0,3,3,1,1,0,15,KAN,2020,2020-09-20,04:25:00,01:25:00,@,LAC,2,2,Sun,W 23-20,OT,0,0,0,0,0,0,23,20,LAC
103,MIA,1,88,7.1,4.7,0.295,0.0,3,2,26.0,0,0,3,50,22,2,5,2,MIA,1,74,7.2,7.1,0.297,0.014,4,1,22.0,0,1,1,36,23,1,4,17,MIA,2020,2020-09-20,01:00:00,01:00:00,0,BUF,2,2,Sun,L 28-31,0,3,2,2,2,2,1,1,0,16,MIA,2020,2020-09-20,01:00:00,01:00:00,0,BUF,2,2,Sun,L 28-31,0,0,0,0,0,0,0,28,31,BUF
104,MIN,1,60,8.6,2.9,0.133,0.05,1,1,8.0,3,0,3,29,18,1,4,2,MIN,1,79,8.1,4.5,0.266,0.013,2,4,21.0,1,0,2,27,40,4,2,30,MIN,2020,2020-09-20,01:00:00,01:00:00,@,IND,2,2,Sun,L 11-28,0,1,0,0,1,1,1,1,0,17,MIN,2020,2020-09-20,01:00:00,01:00:00,@,IND,2,2,Sun,L 11-28,0,0,0,0,0,0,0,11,26,IND
105,NOR,1,70,7.8,6.1,0.371,0.014,3,1,26.0,1,0,0,38,19,1,3,2,NOR,1,89,7.4,4.2,0.27,0.011,4,2,24.0,0,1,3,41,35,2,2,18,NOR,2020,2020-09-21,08:15:00,05:15:00,@,LVR,2,2,Mon,L 24-34,0,3,3,3,1,1,0,0,0,18,NOR,2020,2020-09-21,08:15:00,05:15:00,@,LVR,2,2,Mon,L 24-34,0,0,0,0,0,0,0,24,34,LVR
106,NWE,1,84,7.0,5.5,0.321,0.012,3,1,27.0,1,0,1,45,25,2,2,2,NWE,1,75,7.4,5.7,0.28,0.013,5,0,21.0,1,0,2,31,29,0,4,9,NWE,2020,2020-09-20,08:20:00,05:20:00,@,SEA,2,2,Sun,L 30-35,0,4,3,3,2,1,1,0,0,19,NWE,2020,2020-09-20,08:20:00,05:20:00,@,SEA,2,2,Sun,L 30-35,0,0,0,1,0,0,1,30,35,SEA
107,NYG,1,73,7.5,4.0,0.274,0.027,1,2,20.0,1,1,4,44,18,3,3,2,NYG,1,75,7.7,4.1,0.24,0.027,2,1,18.0,2,0,4,32,32,2,3,31,NYG,2020,2020-09-20,01:00:00,12:00:00,@,CHI,2,2,Sun,L 13-17,0,1,1,1,3,2,0,0,0,20,NYG,2020,2020-09-20,01:00:00,12:00:00,@,CHI,2,2,Sun,L 13-17,0,0,0,0,0,0,0,13,17,CHI
108,NYJ,1,76,7.7,3.6,0.197,0.0,1,2,15.0,0,0,1,33,29,2,5,2,NYJ,1,72,8.5,5.0,0.222,0.014,4,1,16.0,1,0,3,30,29,1,4,32,NYJ,2020,2020-09-20,01:00:00,01:00:00,0,SFO,2,2,Sun,L 13-31,0,1,1,1,2,2,0,0,0,21,NYJ,2020,2020-09-20,01:00:00,01:00:00,0,SFO,2,2,Sun,L 13-31,0,0,0,0,0,0,0,13,31,SFO
109,TEN,1,74,7.3,4.8,0.257,0.0,4,2,19.0,0,0,1,25,34,2,3,2,TEN,1,87,7.7,5.5,0.333,0.023,4,1,29.0,2,0,2,47,27,1,2,10,TEN,2020,2020-09-20,01:00:00,12:00:00,0,JAX,2,2,Sun,W 33-30,0,4,4,3,2,2,0,0,0,22,TEN,2020,2020-09-20,01:00:00,12:00:00,0,JAX,2,2,Sun,W 33-30,0,0,0,0,0,0,0,33,30,JAX
110,PHI,1,82,6.5,4.4,0.293,0.049,2,2,24.0,2,2,0,43,26,2,2,2,PHI,1,80,6.9,5.6,0.35,0.0,5,1,28.0,0,0,1,28,39,1,2,26,PHI,2020,2020-09-20,01:00:00,01:00:00,0,LAR,2,2,Sun,L 19-37,0,2,1,1,2,2,1,0,0,23,PHI,2020,2020-09-20,01:00:00,01:00:00,0,LAR,2,2,Sun,L 19-37,0,0,0,0,0,0,0,19,37,LAR
111,PIT,1,79,8.1,5.2,0.241,0.025,3,1,19.0,1,1,1,42,22,1,5,2,PIT,1,86,9.4,3.7,0.198,0.023,2,2,17.0,1,1,7,46,25,3,5,19,PIT,2020,2020-09-20,01:00:00,01:00:00,0,DEN,2,2,Sun,W 26-21,0,3,3,3,1,1,0,0,1,24,PIT,2020,2020-09-20,01:00:00,01:00:00,0,DEN,2,2,Sun,W 26-21,0,0,0,0,0,0,0,24,21,DEN
112,LVR,1,89,7.4,4.2,0.27,0.011,4,2,24.0,0,1,3,41,35,2,2,2,LVR,1,70,7.8,6.1,0.371,0.014,3,1,26.0,1,0,0,38,19,1,3,11,LVR,2020,2020-09-21,08:15:00,05:15:00,0,NOR,2,2,Mon,W 34-24,0,4,4,4,2,2,0,0,0,25,LVR,2020,2020-09-21,08:15:00,05:15:00,0,NOR,2,2,Mon,W 34-24,0,0,0,0,0,0,0,34,24,NOR
113,LAR,1,80,6.9,5.6,0.35,0.0,5,1,28.0,0,0,1,28,39,1,2,2,LAR,1,82,6.5,4.4,0.293,0.049,2,2,24.0,2,2,0,43,26,2,2,4,LAR,2020,2020-09-20,01:00:00,01:00:00,@,PHI,2,2,Sun,W 37-19,0,5,5,4,1,1,0,0,0,26,LAR,2020,2020-09-20,01:00:00,01:00:00,@,PHI,2,2,Sun,W 37-19,0,0,0,0,0,0,0,37,19,PHI
114,BAL,1,78,7.5,5.2,0.295,0.0,2,4,23.0,0,0,4,28,37,4,2,2,BAL,1,72,7.4,4.2,0.236,0.028,1,3,17.0,1,1,4,40,17,3,3,20,BAL,2020,2020-09-20,04:25:00,03:25:00,@,HOU,2,2,Sun,W 33-16,0,3,3,3,4,4,0,0,0,27,BAL,2020,2020-09-20,04:25:00,03:25:00,@,HOU,2,2,Sun,W 33-16,0,0,0,0,1,0,1,33,16,HOU
115,LAC,1,91,6.8,5.3,0.297,0.011,2,2,27.0,1,0,2,35,44,2,3,2,LAC,1,85,8.7,4.9,0.271,0.0,2,3,23.0,0,0,1,48,22,3,5,27,LAC,2020,2020-09-20,04:25:00,01:25:00,0,KAN,2,2,Sun,L 20-23,OT,2,2,2,2,2,0,0,0,28,LAC,2020,2020-09-20,04:25:00,01:25:00,0,KAN,2,2,Sun,L 20-23,OT,0,0,0,0,0,0,20,23,KAN
116,SEA,1,75,7.4,5.7,0.28,0.013,5,0,21.0,1,0,2,31,29,0,4,2,SEA,1,84,7.0,5.5,0.321,0.012,3,1,27.0,1,0,1,45,25,2,2,5,SEA,2020,2020-09-20,08:20:00,05:20:00,0,NWE,2,2,Sun,W 35-30,0,5,5,5,0,0,0,0,0,29,SEA,2020,2020-09-20,08:20:00,05:20:00,0,NWE,2,2,Sun,W 35-30,0,0,0,0,0,0,0,35,30,NWE
117,SFO,1,72,8.5,5.0,0.222,0.014,4,1,16.0,1,0,3,30,29,1,4,2,SFO,1,76,7.7,3.6,0.197,0.0,1,2,15.0,0,0,1,33,29,2,5,12,SFO,2020,2020-09-20,01:00:00,01:00:00,@,NYJ,2,2,Sun,W 31-13,0,4,4,4,1,1,0,0,0,30,SFO,2020,2020-09-20,01:00:00,01:00:00,@,NYJ,2,2,Sun,W 31-13,0,0,0,0,0,0,0,31,13,NYJ
118,TAM,1,70,7.6,4.8,0.243,0.029,4,1,17.0,1,1,0,35,22,1,4,2,TAM,1,82,7.7,5.2,0.28,0.049,2,1,23.0,2,2,5,47,23,1,3,13,TAM,2020,2020-09-20,01:00:00,01:00:00,0,CAR,2,2,Sun,W 31-17,0,4,4,4,1,1,0,0,0,31,TAM,2020,2020-09-20,01:00:00,01:00:00,0,CAR,2,2,Sun,W 31-17,0,0,0,0,0,0,0,31,17,CAR
119,WAS,1,76,7.0,4.2,0.224,0.013,2,1,17.0,0,1,4,37,23,1,6,2,WAS,1,87,8.5,5.0,0.241,0.023,3,3,21.0,1,1,3,41,32,3,4,28,WAS,2020,2020-09-20,04:05:00,02:05:00,@,ARI,2,2,Sun,L 15-30,0,2,0,0,1,1,2,0,0,32,WAS,2020,2020-09-20,04:05:00,02:05:00,@,ARI,2,2,Sun,L 15-30,0,0,0,0,0,0,0,15,30,ARI
120,ATL,1,83,7.3,4.5,0.241,0.012,3,2,20.0,1,0,2,40,25,3,6,3,ATL,1,94,7.9,4.6,0.245,0.021,4,1,23.0,2,0,2,53,25,2,4,14,ATL,2020,2020-09-27,01:00:00,01:00:00,0,CHI,3,3,Sun,L 26-30,0,3,3,2,3,2,0,0,0,2,ATL,2020,2020-09-27,01:00:00,01:00:00,0,CHI,3,3,Sun,L 26-30,0,0,0,0,0,0,0,26,30,CHI
121,BUF,1,71,7.5,5.3,0.31,0.028,5,0,22.0,1,1,4,37,21,0,2,3,BUF,1,78,7.2,6.1,0.359,0.026,4,1,28.0,1,1,2,34,32,2,0,1,BUF,2020,2020-09-27,01:00:00,01:00:00,0,LAR,3,3,Sun,W 35-32,0,5,5,5,0,0,0,0,0,3,BUF,2020,2020-09-27,01:00:00,01:00:00,0,LAR,3,3,Sun,W 35-32,0,0,0,0,0,0,0,35,32,LAR
122,CAR,1,65,7.3,4.6,0.185,0.0,1,5,12.0,0,0,2,30,21,5,4,3,CAR,1,86,9.2,5.1,0.291,0.047,2,1,25.0,1,3,2,51,23,1,3,29,CAR,2020,2020-09-27,04:05:00,01:05:00,@,LAC,3,3,Sun,W 21-16,0,1,1,0,5,5,0,0,0,4,CAR,2020,2020-09-27,04:05:00,01:05:00,@,LAC,3,3,Sun,W 21-16,0,0,0,0,0,0,0,21,16,LAC
123,CHI,1,94,7.9,4.6,0.245,0.021,4,1,23.0,2,0,2,53,25,2,4,3,CHI,1,83,7.3,4.5,0.241,0.012,3,2,20.0,1,0,2,40,25,3,6,4,CHI,2020,2020-09-27,01:00:00,01:00:00,@,ATL,3,3,Sun,W 30-26,0,4,3,3,2,1,1,0,0,5,CHI,2020,2020-09-27,01:00:00,01:00:00,@,ATL,3,3,Sun,W 30-26,0,0,0,0,0,0,0,30,26,ATL
124,CIN,1,88,8.4,3.5,0.239,0.0,2,3,21.0,0,0,8,51,18,3,7,3,CIN,1,103,8.1,3.7,0.223,0.019,2,3,23.0,2,0,3,50,36,3,6,21,CIN,2020,2020-09-27,01:00:00,01:00:00,@,PHI,3,3,Sun,T 23-23,OT,2,2,2,3,3,0,0,0,6,CIN,2020,2020-09-27,01:00:00,01:00:00,@,PHI,3,3,Sun,T 23-23,OT,0,0,0,0,0,0,23,23,PHI
125,CLE,1,77,8.1,3.9,0.234,0.0,4,2,18.0,0,0,2,25,37,2,5,3,CLE,1,75,7.9,4.1,0.24,0.067,3,0,18.0,3,2,3,40,22,0,3,5,CLE,2020,2020-09-27,01:00:00,01:00:00,0,WAS,3,3,Sun,W 34-20,0,4,4,4,2,2,0,0,0,7,CLE,2020,2020-09-27,01:00:00,01:00:00,0,WAS,3,3,Sun,W 34-20,0,0,0,0,0,0,0,34,20,WAS
126,IND,1,70,7.7,5.0,0.286,0.0,2,2,20.0,0,0,0,25,31,3,4,3,IND,1,73,7.9,3.6,0.192,0.041,1,0,14.0,3,0,2,31,29,0,5,6,IND,2020,2020-09-27,04:05:00,04:05:00,0,NYJ,3,3,Sun,W 36-7,0,4,4,4,3,2,0,0,1,8,IND,2020,2020-09-27,04:05:00,04:05:00,0,NYJ,3,3,Sun,W 36-7,0,0,0,2,0,0,2,34,7,NYJ
127,ARI,1,75,7.4,5.0,0.347,0.04,3,1,26.0,3,0,1,36,27,1,2,3,ARI,1,77,8.5,4.2,0.247,0.0,2,4,19.0,0,0,4,35,27,4,4,15,ARI,2020,2020-09-27,04:25:00,02:25:00,0,DET,3,3,Sun,L 23-26,0,3,3,2,1,1,0,0,0,9,ARI,2020,2020-09-27,04:25:00,02:25:00,0,DET,3,3,Sun,L 23-26,0,0,0,0,0,0,0,23,26,DET
128,DAL,1,95,7.6,5.5,0.274,0.032,4,2,26.0,2,1,2,59,21,2,3,3,DAL,1,90,7.0,4.6,0.211,0.011,5,0,19.0,0,1,4,44,26,0,7,7,DAL,2020,2020-09-27,04:25:00,01:25:00,@,SEA,3,3,Sun,L 31-38,0,4,3,1,2,2,1,0,0,10,DAL,2020,2020-09-27,04:25:00,01:25:00,@,SEA,3,3,Sun,L 31-38,0,0,0,0,0,0,0,31,36,SEA
129,DEN,1,73,8.5,3.1,0.151,0.027,1,1,11.0,2,0,6,45,14,1,6,3,DEN,1,79,7.8,4.5,0.215,0.0,3,2,17.0,0,0,2,40,25,2,5,30,DEN,2020,2020-09-27,04:25:00,02:25:00,0,TAM,3,3,Sun,L 10-28,0,1,1,1,1,1,0,0,0,11,DEN,2020,2020-09-27,04:25:00,02:25:00,0,TAM,3,3,Sun,L 10-28,0,0,0,0,0,0,0,10,26,TAM
130,DET,1,77,8.5,4.2,0.247,0.0,2,4,19.0,0,0,4,35,27,4,4,3,DET,1,75,7.4,5.0,0.347,0.04,3,1,26.0,3,0,1,36,27,1,2,22,DET,2020,2020-09-27,04:25:00,02:25:00,@,ARI,3,3,Sun,W 26-23,0,2,2,2,4,4,0,0,0,12,DET,2020,2020-09-27,04:25:00,02:25:00,@,ARI,3,3,Sun,W 26-23,0,0,0,0,0,0,0,26,23,ARI
131,GNB,1,74,6.4,5.0,0.284,0.0,4,3,21.0,0,0,1,33,26,3,1,3,GNB,1,75,6.7,5.3,0.253,0.013,3,3,19.0,0,1,2,38,20,3,3,8,GNB,2020,2020-09-27,08:20:00,07:20:00,@,NOR,3,3,Sun,W 37-30,0,4,4,4,3,3,0,0,0,13,GNB,2020,2020-09-27,08:20:00,07:20:00,@,NOR,3,3,Sun,W 37-30,0,0,0,0,0,0,0,37,30,NOR
132,HOU,1,62,8.5,4.2,0.21,0.016,3,0,13.0,1,0,5,32,15,0,6,3,HOU,1,89,7.0,4.3,0.258,0.0,3,2,23.0,0,0,2,38,38,2,4,16,HOU,2020,2020-09-27,01:00:00,01:00:00,@,PIT,3,3,Sun,L 21-28,0,3,3,3,0,0,0,0,0,14,HOU,2020,2020-09-27,01:00:00,01:00:00,@,PIT,3,3,Sun,L 21-28,0,0,0,0,0,0,0,21,28,PIT
133,JAX,1,74,6.7,4.3,0.257,0.027,2,0,19.0,1,1,4,46,17,0,3,3,JAX,1,69,6.7,4.3,0.275,0.0,4,1,19.0,0,0,1,21,36,1,4,23,JAX,2020,2020-09-24,08:20:00,08:20:00,0,MIA,3,3,Thu,L 13-31,0,2,2,1,0,0,0,0,0,15,JAX,2020,2020-09-24,08:20:00,08:20:00,0,MIA,3,3,Thu,L 13-31,0,0,0,0,0,0,0,13,31,MIA
134,KAN,1,85,6.8,6.1,0.329,0.012,5,0,28.0,0,1,0,42,31,1,1,3,KAN,1,66,7.9,3.5,0.212,0.015,2,2,14.0,0,1,4,32,21,2,3,2,KAN,2020,2020-09-28,08:15:00,08:15:00,@,BAL,3,3,Mon,W 34-20,0,5,5,4,1,0,0,0,0,16,KAN,2020,2020-09-28,08:15:00,08:15:00,@,BAL,3,3,Mon,W 34-20,0,0,0,0,0,0,0,34,20,BAL
135,MIA,1,69,6.7,4.3,0.275,0.0,4,1,19.0,0,0,1,21,36,1,4,3,MIA,1,74,6.7,4.3,0.257,0.027,2,0,19.0,1,1,4,46,17,0,3,9,MIA,2020,2020-09-24,08:20:00,08:20:00,@,JAX,3,3,Thu,W 31-13,0,4,4,4,1,1,0,0,0,17,MIA,2020,2020-09-24,08:20:00,08:20:00,@,JAX,3,3,Thu,W 31-13,0,0,0,0,0,0,0,31,13,JAX
136,MIN,1,80,7.9,5.8,0.263,0.038,4,1,21.0,2,1,2,29,33,2,3,3,MIN,1,90,7.6,4.9,0.256,0.011,2,6,23.0,1,0,2,39,34,6,3,10,MIN,2020,2020-09-27,01:00:00,03:00:00,0,TEN,3,3,Sun,L 30-31,0,4,3,3,2,1,1,0,0,18,MIN,2020,2020-09-27,01:00:00,03:00:00,0,TEN,3,3,Sun,L 30-31,0,0,0,0,0,0,0,30,31,TEN
137,NOR,1,75,6.7,5.3,0.253,0.013,3,3,19.0,0,1,2,38,20,3,3,3,NOR,1,74,6.4,5.0,0.284,0.0,4,3,21.0,0,0,1,33,26,3,1,17,NOR,2020,2020-09-27,08:20:00,07:20:00,0,GNB,3,3,Sun,L 30-37,0,3,3,3,3,3,0,0,0,19,NOR,2020,2020-09-27,08:20:00,07:20:00,0,GNB,3,3,Sun,L 30-37,0,0,0,0,0,0,0,30,37,GNB
138,NWE,1,82,7.4,5.0,0.28,0.012,3,3,23.0,1,0,2,30,38,3,2,3,NWE,1,72,7.0,5.2,0.278,0.042,2,2,20.0,0,3,2,34,22,3,3,11,NWE,2020,2020-09-27,01:00:00,01:00:00,0,LVR,3,3,Sun,W 36-20,0,4,4,3,3,3,0,0,0,20,NWE,2020,2020-09-27,01:00:00,01:00:00,0,LVR,3,3,Sun,W 36-20,0,0,0,0,1,0,1,36,20,LVR
139,NYG,1,61,7.7,3.8,0.18,0.049,0,3,11.0,1,2,2,34,15,3,1,3,NYG,1,85,8.3,4.9,0.306,0.0,4,3,26.0,0,0,2,38,35,4,0,32,NYG,2020,2020-09-27,01:00:00,01:00:00,0,SFO,3,3,Sun,L 9-36,0,0,0,0,3,3,0,0,0,21,NYG,2020,2020-09-27,01:00:00,01:00:00,0,SFO,3,3,Sun,L 9-36,0,0,0,0,0,0,0,9,36,SFO
140,NYJ,1,73,7.9,3.6,0.192,0.041,1,0,14.0,3,0,2,31,29,0,5,3,NYJ,1,70,7.7,5.0,0.286,0.0,2,2,20.0,0,0,0,25,31,3,4,31,NYJ,2020,2020-09-27,04:05:00,04:05:00,@,IND,3,3,Sun,L 7-36,0,1,1,1,0,0,0,0,0,22,NYJ,2020,2020-09-27,04:05:00,04:05:00,@,IND,3,3,Sun,L 7-36,0,0,0,0,0,0,0,7,34,IND
141,TEN,1,90,7.6,4.9,0.256,0.011,2,6,23.0,1,0,2,39,34,6,3,3,TEN,1,80,7.9,5.8,0.263,0.038,4,1,21.0,2,1,2,29,33,2,3,24,TEN,2020,2020-09-27,01:00:00,03:00:00,@,MIN,3,3,Sun,W 31-30,0,2,1,1,6,6,1,0,0,23,TEN,2020,2020-09-27,01:00:00,03:00:00,@,MIN,3,3,Sun,W 31-30,0,0,0,0,0,0,0,31,30,MIN
142,PHI,1,103,8.1,3.7,0.223,0.019,2,3,23.0,2,0,3,50,36,3,6,3,PHI,1,88,8.4,3.5,0.239,0.0,2,3,21.0,0,0,8,51,18,3,7,25,PHI,2020,2020-09-27,01:00:00,01:00:00,0,CIN,3,3,Sun,T 23-23,OT,2,2,2,3,3,0,0,0,24,PHI,2020,2020-09-27,01:00:00,01:00:00,0,CIN,3,3,Sun,T 23-23,OT,0,0,0,0,0,0,23,23,CIN
143,PIT,1,89,7.0,4.3,0.258,0.0,3,2,23.0,0,0,2,38,38,2,4,3,PIT,1,62,8.5,4.2,0.21,0.016,3,0,13.0,1,0,5,32,15,0,6,18,PIT,2020,2020-09-27,01:00:00,01:00:00,0,HOU,3,3,Sun,W 28-21,0,3,2,2,2,2,1,1,0,25,PIT,2020,2020-09-27,01:00:00,01:00:00,0,HOU,3,3,Sun,W 28-21,0,0,0,0,0,0,0,28,21,HOU
144,LVR,1,72,7.0,5.2,0.278,0.042,2,2,20.0,0,3,2,34,22,3,3,3,LVR,1,82,7.4,5.0,0.28,0.012,3,3,23.0,1,0,2,30,38,3,2,26,LVR,2020,2020-09-27,01:00:00,01:00:00,@,NWE,3,3,Sun,L 20-36,0,2,2,2,3,2,0,0,0,26,LVR,2020,2020-09-27,01:00:00,01:00:00,@,NWE,3,3,Sun,L 20-36,0,0,0,0,0,0,0,20,36,NWE
145,LAR,1,78,7.2,6.1,0.359,0.026,4,1,28.0,1,1,2,34,32,2,0,3,LAR,1,71,7.5,5.3,0.31,0.028,5,0,22.0,1,1,4,37,21,0,2,12,LAR,2020,2020-09-27,01:00:00,01:00:00,@,BUF,3,3,Sun,L 32-35,0,4,3,3,2,1,1,1,0,27,LAR,2020,2020-09-27,01:00:00,01:00:00,@,BUF,3,3,Sun,L 32-35,0,0,0,0,0,0,0,32,35,BUF
146,BAL,1,66,7.9,3.5,0.212,0.015,2,2,14.0,0,1,4,32,21,2,3,3,BAL,1,85,6.8,6.1,0.329,0.012,5,0,28.0,0,1,0,42,31,1,1,27,BAL,2020,2020-09-28,08:15:00,08:15:00,0,KAN,3,3,Mon,L 20-34,0,2,2,2,2,2,0,0,0,1,BAL,2020,2020-09-28,08:15:00,08:15:00,0,KAN,3,3,Mon,L 20-34,0,1,0,0,0,0,1,20,34,KAN
147,LAC,1,86,9.2,5.1,0.291,0.047,2,1,25.0,1,3,2,51,23,1,3,3,LAC,1,65,7.3,4.6,0.185,0.0,1,5,12.0,0,0,2,30,21,5,4,28,LAC,2020,2020-09-27,04:05:00,01:05:00,0,CAR,3,3,Sun,L 16-21,0,2,1,1,1,1,1,0,0,28,LAC,2020,2020-09-27,04:05:00,01:05:00,0,CAR,3,3,Sun,L 16-21,0,0,0,0,0,0,0,16,21,CAR
148,SEA,1,90,7.0,4.6,0.211,0.011,5,0,19.0,0,1,4,44,26,0,7,3,SEA,1,95,7.6,5.5,0.274,0.032,4,2,26.0,2,1,2,59,21,2,3,3,SEA,2020,2020-09-27,04:25:00,01:25:00,0,DAL,3,3,Sun,W 38-31,0,5,4,4,0,0,1,1,1,29,SEA,2020,2020-09-27,04:25:00,01:25:00,0,DAL,3,3,Sun,W 38-31,0,0,0,0,0,0,0,36,31,DAL
149,SFO,1,85,8.3,4.9,0.306,0.0,4,3,26.0,0,0,2,38,35,4,0,3,SFO,1,61,7.7,3.8,0.18,0.049,0,3,11.0,1,2,2,34,15,3,1,13,SFO,2020,2020-09-27,01:00:00,01:00:00,@,NYG,3,3,Sun,W 36-9,0,4,3,3,4,3,1,0,0,30,SFO,2020,2020-09-27,01:00:00,01:00:00,@,NYG,3,3,Sun,W 36-9,0,0,0,0,0,0,0,36,9,NYG
150,TAM,1,79,7.8,4.5,0.215,0.0,3,2,17.0,0,0,2,40,25,2,5,3,TAM,1,73,8.5,3.1,0.151,0.027,1,1,11.0,2,0,6,45,14,1,6,19,TAM,2020,2020-09-27,04:25:00,02:25:00,@,DEN,3,3,Sun,W 28-10,0,3,3,2,2,2,0,0,1,31,TAM,2020,2020-09-27,04:25:00,02:25:00,@,DEN,3,3,Sun,W 28-10,0,0,0,0,0,0,0,26,10,DEN
151,WAS,1,75,7.9,4.1,0.24,0.067,3,0,18.0,3,2,3,40,22,0,3,3,WAS,1,77,8.1,3.9,0.234,0.0,4,2,18.0,0,0,2,25,37,2,5,20,WAS,2020,2020-09-27,01:00:00,01:00:00,@,CLE,3,3,Sun,L 20-34,0,3,3,2,0,0,0,0,0,32,WAS,2020,2020-09-27,01:00:00,01:00:00,@,CLE,3,3,Sun,L 20-34,0,0,0,0,0,0,0,20,34,CLE
152,ATL,1,80,7.4,4.1,0.288,0.0,2,1,23.0,0,0,4,43,25,1,3,4,ATL,1,71,7.8,5.7,0.296,0.0,4,1,21.0,0,0,1,34,26,1,2,19,ATL,2020,2020-10-05,08:15:00,07:15:00,@,GNB,4,4,Mon,L 16-30,0,2,2,1,1,1,0,0,0,1,ATL,2020,2020-10-05,08:15:00,07:15:00,@,GNB,4,4,Mon,L 16-30,0,0,0,0,0,0,0,16,30,GNB
153,BUF,1,73,8.5,4.6,0.274,0.0,4,1,20.0,0,0,1,35,24,1,3,4,BUF,1,81,7.5,4.7,0.284,0.025,2,3,23.0,0,2,2,46,23,3,1,5,BUF,2020,2020-10-04,04:25:00,01:25:00,@,LVR,4,4,Sun,W 30-23,0,4,4,3,1,1,0,0,0,2,BUF,2020,2020-10-04,04:25:00,01:25:00,@,LVR,4,4,Sun,W 30-23,0,0,0,0,0,0,0,30,23,LVR
154,CAR,1,83,8.0,5.3,0.337,0.012,4,1,28.0,1,0,0,37,35,2,1,4,CAR,1,69,6.8,3.8,0.261,0.014,3,0,18.0,0,1,1,32,23,0,5,6,CAR,2020,2020-10-04,01:00:00,01:00:00,0,ARI,4,4,Sun,W 31-21,0,4,4,4,2,1,0,0,0,3,CAR,2020,2020-10-04,01:00:00,01:00:00,0,ARI,4,4,Sun,W 31-21,0,0,0,0,0,0,0,31,21,ARI
155,CHI,1,74,7.1,3.6,0.189,0.014,1,1,14.0,1,0,1,43,16,1,7,4,CHI,1,81,8.2,3.6,0.185,0.0,1,4,15.0,0,0,1,30,38,4,5,26,CHI,2020,2020-10-04,01:00:00,12:00:00,0,IND,4,4,Sun,L 11-19,0,1,0,0,1,1,1,1,0,4,CHI,2020,2020-10-04,01:00:00,12:00:00,0,IND,4,4,Sun,L 11-19,0,0,0,0,0,0,0,11,19,IND
156,CIN,1,86,7.2,5.9,0.314,0.012,3,4,27.0,1,0,1,37,34,4,1,4,CIN,1,80,7.2,5.4,0.275,0.013,2,4,22.0,1,0,3,43,20,5,2,14,CIN,2020,2020-10-04,01:00:00,01:00:00,0,JAX,4,4,Sun,W 33-25,0,3,3,3,4,4,0,0,0,5,CIN,2020,2020-10-04,01:00:00,01:00:00,0,JAX,4,4,Sun,W 33-25,0,0,0,0,0,0,0,33,25,JAX
157,CLE,1,91,7.2,5.6,0.363,0.0,6,2,33.0,0,0,2,33,40,2,4,4,CLE,1,95,7.1,6.0,0.368,0.032,5,0,35.0,1,2,3,61,18,0,3,1,CLE,2020,2020-10-04,01:00:00,12:00:00,@,DAL,4,4,Sun,W 49-38,0,6,5,5,2,2,1,1,0,6,CLE,2020,2020-10-04,01:00:00,12:00:00,@,DAL,4,4,Sun,W 49-38,0,0,0,0,0,0,0,49,38,DAL
158,IND,1,81,8.2,3.6,0.185,0.0,1,4,15.0,0,0,1,30,38,4,5,4,IND,1,74,7.1,3.6,0.189,0.014,1,1,14.0,1,0,1,43,16,1,7,27,IND,2020,2020-10-04,01:00:00,12:00:00,@,CHI,4,4,Sun,W 19-11,0,1,1,1,4,4,0,0,0,7,IND,2020,2020-10-04,01:00:00,12:00:00,@,CHI,4,4,Sun,W 19-11,0,0,0,0,0,0,0,19,11,CHI
159,ARI,1,69,6.8,3.8,0.261,0.014,3,0,18.0,0,1,1,32,23,0,5,4,ARI,1,83,8.0,5.3,0.337,0.012,4,1,28.0,1,0,0,37,35,2,1,15,ARI,2020,2020-10-04,01:00:00,01:00:00,@,CAR,4,4,Sun,L 21-31,0,3,3,3,0,0,0,0,0,8,ARI,2020,2020-10-04,01:00:00,01:00:00,@,CAR,4,4,Sun,L 21-31,0,0,0,0,0,0,0,21,31,CAR
160,DAL,1,95,7.1,6.0,0.368,0.032,5,0,35.0,1,2,3,61,18,0,3,4,DAL,1,91,7.2,5.6,0.363,0.0,6,2,33.0,0,0,2,33,40,2,4,2,DAL,2020,2020-10-04,01:00:00,12:00:00,0,CLE,4,4,Sun,L 38-49,0,5,2,2,0,0,3,3,0,9,DAL,2020,2020-10-04,01:00:00,12:00:00,0,CLE,4,4,Sun,L 38-49,0,0,0,0,0,0,0,38,49,CLE
161,DEN,1,79,7.9,4.5,0.203,0.038,4,3,16.0,3,0,0,31,32,3,1,4,DEN,1,92,7.7,3.5,0.174,0.0,1,5,16.0,0,0,6,50,24,5,3,7,DEN,2020,2020-10-01,08:20:00,08:20:00,@,NYJ,4,4,Thu,W 37-28,0,4,4,4,3,3,0,0,0,10,DEN,2020,2020-10-01,08:20:00,08:20:00,@,NYJ,4,4,Thu,W 37-28,0,0,0,0,0,0,0,37,28,NYJ
162,DET,1,70,7.2,4.0,0.214,0.014,4,0,15.0,1,0,3,34,22,0,4,4,DET,1,81,7.3,4.8,0.346,0.012,5,0,28.0,1,0,2,27,42,0,2,8,DET,2020,2020-10-04,01:00:00,01:00:00,0,NOR,4,4,Sun,L 29-35,0,4,3,3,0,0,1,1,0,11,DET,2020,2020-10-04,01:00:00,01:00:00,0,NOR,4,4,Sun,L 29-35,0,0,0,0,0,0,0,29,35,NOR
163,GNB,1,71,7.8,5.7,0.296,0.0,4,1,21.0,0,0,1,34,26,1,2,4,GNB,1,80,7.4,4.1,0.288,0.0,2,1,23.0,0,0,4,43,25,1,3,9,GNB,2020,2020-10-05,08:15:00,07:15:00,0,ATL,4,4,Mon,W 30-16,0,4,4,3,1,1,0,0,0,12,GNB,2020,2020-10-05,08:15:00,07:15:00,0,ATL,4,4,Mon,W 30-16,0,0,0,0,0,0,0,30,16,ATL
164,HOU,1,77,7.5,5.0,0.221,0.0,2,3,17.0,0,0,3,36,26,3,4,4,HOU,1,81,7.0,5.1,0.296,0.012,4,1,24.0,0,1,3,25,40,2,4,20,HOU,2020,2020-10-04,01:00:00,12:00:00,0,MIN,4,4,Sun,L 23-31,0,2,2,2,3,3,0,0,0,13,HOU,2020,2020-10-04,01:00:00,12:00:00,0,MIN,4,4,Sun,L 23-31,0,0,0,0,0,0,0,23,31,MIN
165,JAX,1,80,7.2,5.4,0.275,0.013,2,4,22.0,1,0,3,43,20,5,2,4,JAX,1,86,7.2,5.9,0.314,0.012,3,4,27.0,1,0,1,37,34,4,1,21,JAX,2020,2020-10-04,01:00:00,01:00:00,@,CIN,4,4,Sun,L 25-33,0,2,1,1,5,4,1,0,0,14,JAX,2020,2020-10-04,01:00:00,01:00:00,@,CIN,4,4,Sun,L 25-33,0,0,0,0,0,0,0,25,33,CIN
166,KAN,1,67,7.6,4.8,0.269,0.015,2,2,18.0,0,1,1,30,25,2,4,4,KAN,1,85,7.2,4.2,0.235,0.047,1,1,20.0,3,1,2,39,35,1,3,16,KAN,2020,2020-10-05,07:05:00,06:05:00,0,NWE,4,4,Mon,W 26-10,0,3,3,2,2,2,0,0,0,15,KAN,2020,2020-10-05,07:05:00,06:05:00,0,NWE,4,4,Mon,W 26-10,0,0,0,1,0,0,1,26,10,NWE
167,MIA,1,81,7.3,5.1,0.309,0.025,1,5,25.0,2,0,1,47,21,5,1,4,MIA,1,76,6.8,5.8,0.329,0.013,4,1,25.0,1,0,2,36,26,1,2,28,MIA,2020,2020-10-04,01:00:00,01:00:00,0,SEA,4,4,Sun,L 23-31,0,1,0,0,5,5,1,1,0,16,MIA,2020,2020-10-04,01:00:00,01:00:00,0,SEA,4,4,Sun,L 23-31,0,0,0,0,0,0,0,23,31,SEA
168,MIN,1,81,7.0,5.1,0.296,0.012,4,1,24.0,0,1,3,25,40,2,4,4,MIN,1,77,7.5,5.0,0.221,0.0,2,3,17.0,0,0,3,36,26,3,4,10,MIN,2020,2020-10-04,01:00:00,12:00:00,@,HOU,4,4,Sun,W 31-23,0,4,4,4,2,1,0,0,0,17,MIN,2020,2020-10-04,01:00:00,12:00:00,@,HOU,4,4,Sun,W 31-23,0,0,0,0,0,0,0,31,23,HOU
169,NOR,1,81,7.3,4.8,0.346,0.012,5,0,28.0,1,0,2,27,42,0,2,4,NOR,1,70,7.2,4.0,0.214,0.014,4,0,15.0,1,0,3,34,22,0,4,3,NOR,2020,2020-10-04,01:00:00,01:00:00,@,DET,4,4,Sun,W 35-29,0,5,5,5,0,0,0,0,0,18,NOR,2020,2020-10-04,01:00:00,01:00:00,@,DET,4,4,Sun,W 35-29,0,0,0,0,0,0,0,35,29,DET
170,NWE,1,85,7.2,4.2,0.235,0.047,1,1,20.0,3,1,2,39,35,1,3,4,NWE,1,67,7.6,4.8,0.269,0.015,2,2,18.0,0,1,1,30,25,2,4,29,NWE,2020,2020-10-05,07:05:00,06:05:00,@,KAN,4,4,Mon,L 10-26,0,1,1,1,1,1,0,0,0,19,NWE,2020,2020-10-05,07:05:00,06:05:00,@,KAN,4,4,Mon,L 10-26,0,0,0,0,0,0,0,10,26,KAN
171,NYG,1,78,8.8,3.8,0.231,0.013,0,3,18.0,1,0,5,41,25,3,5,4,NYG,1,68,7.4,3.5,0.221,0.015,2,1,15.0,0,1,2,34,23,1,5,30,NYG,2020,2020-10-04,04:05:00,01:05:00,@,LAR,4,4,Sun,L 9-17,0,0,0,0,3,3,0,0,0,20,NYG,2020,2020-10-04,04:05:00,01:05:00,@,LAR,4,4,Sun,L 9-17,0,0,0,0,0,0,0,9,17,LAR
172,NYJ,1,92,7.7,3.5,0.174,0.0,1,5,16.0,0,0,6,50,24,5,3,4,NYJ,1,79,7.9,4.5,0.203,0.038,4,3,16.0,3,0,0,31,32,3,1,22,NYJ,2020,2020-10-01,08:20:00,08:20:00,0,DEN,4,4,Thu,L 28-37,0,2,1,1,5,5,1,0,0,21,NYJ,2020,2020-10-01,08:20:00,08:20:00,0,DEN,4,4,Thu,L 28-37,0,0,0,1,0,0,1,28,37,DEN
173,PHI,1,73,8.3,3.7,0.205,0.014,2,1,15.0,1,0,3,31,28,1,6,4,PHI,1,82,8.3,5.1,0.293,0.037,3,0,24.0,2,1,5,50,20,0,4,17,PHI,2020,2020-10-04,08:20:00,05:20:00,@,SFO,4,4,Sun,W 25-20,0,3,2,2,1,1,1,1,0,22,PHI,2020,2020-10-04,08:20:00,05:20:00,@,SFO,4,4,Sun,W 25-20,0,0,0,1,0,0,1,25,20,SFO
174,LVR,1,81,7.5,4.7,0.284,0.025,2,3,23.0,0,2,2,46,23,3,1,4,LVR,1,73,8.5,4.6,0.274,0.0,4,1,20.0,0,0,1,35,24,1,3,23,LVR,2020,2020-10-04,04:25:00,01:25:00,0,BUF,4,4,Sun,L 23-30,0,2,2,2,3,3,0,0,0,23,LVR,2020,2020-10-04,04:25:00,01:25:00,0,BUF,4,4,Sun,L 23-30,0,0,0,0,0,0,0,23,30,BUF
175,LAR,1,68,7.4,3.5,0.221,0.015,2,1,15.0,0,1,2,34,23,1,5,4,LAR,1,78,8.8,3.8,0.231,0.013,0,3,18.0,1,0,5,41,25,3,5,24,LAR,2020,2020-10-04,04:05:00,01:05:00,0,NYG,4,4,Sun,W 17-9,0,2,2,2,1,1,0,0,0,24,LAR,2020,2020-10-04,04:05:00,01:05:00,0,NYG,4,4,Sun,W 17-9,0,0,0,0,0,0,0,17,9,NYG
176,BAL,1,67,7.6,5.0,0.254,0.03,4,1,17.0,2,0,1,23,32,1,4,4,BAL,1,85,7.8,4.0,0.271,0.012,2,1,23.0,0,1,3,48,22,2,5,11,BAL,2020,2020-10-04,01:00:00,01:00:00,@,WAS,4,4,Sun,W 31-17,0,4,4,4,1,1,0,0,0,25,BAL,2020,2020-10-04,01:00:00,01:00:00,@,WAS,4,4,Sun,W 31-17,0,0,0,0,0,0,0,31,17,WAS
177,LAC,1,66,7.8,4.9,0.197,0.03,3,1,13.0,1,1,2,27,23,2,3,4,LAC,1,89,8.1,5.4,0.303,0.011,5,1,27.0,1,0,0,46,27,2,3,12,LAC,2020,2020-10-04,01:00:00,01:00:00,@,TAM,4,4,Sun,L 31-38,0,4,4,4,2,1,0,0,0,26,LAC,2020,2020-10-04,01:00:00,01:00:00,@,TAM,4,4,Sun,L 31-38,0,0,0,1,0,0,1,31,38,TAM
178,SEA,1,76,6.8,5.8,0.329,0.013,4,1,25.0,1,0,2,36,26,1,2,4,SEA,1,81,7.3,5.1,0.309,0.025,1,5,25.0,2,0,1,47,21,5,1,13,SEA,2020,2020-10-04,01:00:00,01:00:00,@,MIA,4,4,Sun,W 31-23,0,4,4,4,1,1,0,0,0,27,SEA,2020,2020-10-04,01:00:00,01:00:00,@,MIA,4,4,Sun,W 31-23,0,0,0,0,0,0,0,31,23,MIA
179,SFO,1,82,8.3,5.1,0.293,0.037,3,0,24.0,2,1,5,50,20,0,4,4,SFO,1,73,8.3,3.7,0.205,0.014,2,1,15.0,1,0,3,31,28,1,6,18,SFO,2020,2020-10-04,08:20:00,05:20:00,0,PHI,4,4,Sun,L 20-25,0,3,2,2,0,0,1,0,0,28,SFO,2020,2020-10-04,08:20:00,05:20:00,0,PHI,4,4,Sun,L 20-25,0,0,0,0,0,0,0,20,25,PHI
180,TAM,1,89,8.1,5.4,0.303,0.011,5,1,27.0,1,0,0,46,27,2,3,4,TAM,1,66,7.8,4.9,0.197,0.03,3,1,13.0,1,1,2,27,23,2,3,4,TAM,2020,2020-10-04,01:00:00,01:00:00,0,LAC,4,4,Sun,W 38-31,0,5,5,5,2,1,0,0,0,29,TAM,2020,2020-10-04,01:00:00,01:00:00,0,LAC,4,4,Sun,W 38-31,0,0,0,0,0,0,0,38,31,LAC
181,WAS,1,85,7.8,4.0,0.271,0.012,2,1,23.0,0,1,3,48,22,2,5,4,WAS,1,67,7.6,5.0,0.254,0.03,4,1,17.0,2,0,1,23,32,1,4,25,WAS,2020,2020-10-04,01:00:00,01:00:00,0,BAL,4,4,Sun,L 17-31,0,2,2,2,2,1,0,0,0,30,WAS,2020,2020-10-04,01:00:00,01:00:00,0,BAL,4,4,Sun,L 17-31,0,0,0,0,0,0,0,17,31,BAL
182,ATL,1,76,8.2,4.9,0.276,0.013,1,3,21.0,1,0,2,39,24,3,3,5,ATL,1,77,6.6,5.7,0.299,0.0,2,3,23.0,0,0,0,36,27,3,3,24,ATL,2020,2020-10-11,01:00:00,01:00:00,0,CAR,5,5,Sun,L 16-23,0,1,1,1,3,3,0,0,0,2,ATL,2020,2020-10-11,01:00:00,01:00:00,0,CAR,5,5,Sun,L 16-23,0,0,0,0,0,0,0,16,23,CAR
183,BUF,1,81,7.2,4.6,0.284,0.037,2,1,23.0,2,1,1,47,22,1,2,5,BUF,1,75,6.4,4.5,0.307,0.0,6,0,23.0,0,0,0,28,34,0,3,18,BUF,2020,2020-10-13,07:00:00,06:00:00,@,TEN,5,5,Tue,L 16-42,0,2,1,1,1,1,1,0,0,3,BUF,2020,2020-10-13,07:00:00,06:00:00,@,TEN,5,5,Tue,L 16-42,0,0,0,0,0,0,0,16,42,TEN
184,CAR,1,77,6.6,5.7,0.299,0.0,2,3,23.0,0,0,0,36,27,3,3,5,CAR,1,76,8.2,4.9,0.276,0.013,1,3,21.0,1,0,2,39,24,3,3,19,CAR,2020,2020-10-11,01:00:00,01:00:00,@,ATL,5,5,Sun,W 23-16,0,2,2,2,3,3,0,0,0,4,CAR,2020,2020-10-11,01:00:00,01:00:00,@,ATL,5,5,Sun,W 23-16,0,0,0,0,0,0,0,23,16,ATL
185,CHI,1,74,8.4,3.3,0.216,0.014,2,2,16.0,1,0,3,45,14,2,5,5,CHI,1,77,9.8,4.4,0.195,0.013,1,4,15.0,0,1,3,44,20,4,3,20,CHI,2020,2020-10-08,08:20:00,07:20:00,0,TAM,5,5,Thu,W 20-19,0,2,2,2,2,2,0,0,0,5,CHI,2020,2020-10-08,08:20:00,07:20:00,0,TAM,5,5,Thu,W 20-19,0,0,0,0,0,0,0,20,19,TAM
186,CIN,1,79,8.8,2.6,0.152,0.038,0,1,12.0,1,2,7,37,28,1,7,5,CIN,1,74,7.5,4.5,0.216,0.014,2,2,16.0,1,0,1,38,24,3,4,28,CIN,2020,2020-10-11,01:00:00,01:00:00,@,BAL,5,5,Sun,L 3-27,0,0,0,0,1,1,0,0,0,6,CIN,2020,2020-10-11,01:00:00,01:00:00,@,BAL,5,5,Sun,L 3-27,0,0,0,0,0,0,0,3,27,BAL
187,CLE,1,87,6.6,4.4,0.253,0.023,2,3,22.0,2,0,1,39,33,3,2,5,CLE,1,65,6.8,4.7,0.215,0.031,2,3,14.0,2,0,1,34,18,3,1,12,CLE,2020,2020-10-11,04:25:00,04:25:00,0,IND,5,5,Sun,W 32-23,0,3,3,3,3,3,0,0,1,7,CLE,2020,2020-10-11,04:25:00,04:25:00,0,IND,5,5,Sun,W 32-23,0,0,0,1,0,0,1,30,23,IND
188,IND,1,65,6.8,4.7,0.215,0.031,2,3,14.0,2,0,1,34,18,3,1,5,IND,1,87,6.6,4.4,0.253,0.023,2,3,22.0,2,0,1,39,33,3,2,21,IND,2020,2020-10-11,04:25:00,04:25:00,@,CLE,5,5,Sun,L 23-32,0,2,2,2,3,3,0,0,0,1,IND,2020,2020-10-11,04:25:00,04:25:00,@,CLE,5,5,Sun,L 23-32,0,1,0,0,0,0,1,23,30,CLE
189,ARI,1,80,8.2,6.2,0.325,0.013,4,1,26.0,1,0,1,38,30,1,4,5,ARI,1,78,8.5,3.7,0.218,0.0,1,1,17.0,0,0,3,36,28,1,6,4,ARI,2020,2020-10-11,01:00:00,01:00:00,@,NYJ,5,5,Sun,W 30-10,0,4,3,3,1,1,1,0,0,8,ARI,2020,2020-10-11,01:00:00,01:00:00,@,NYJ,5,5,Sun,W 30-10,0,0,0,0,0,0,0,30,10,NYJ
190,DAL,1,81,6.8,5.0,0.296,0.025,3,3,24.0,1,1,2,35,29,3,2,5,DAL,1,78,7.6,3.8,0.231,0.013,2,4,18.0,0,1,2,35,27,4,2,5,DAL,2020,2020-10-11,04:25:00,03:25:00,0,NYG,5,5,Sun,W 37-34,0,4,4,4,3,3,0,0,0,9,DAL,2020,2020-10-11,04:25:00,03:25:00,0,NYG,5,5,Sun,W 37-34,0,0,0,0,1,0,1,37,34,NYG
191,HOU,1,68,7.6,7.1,0.338,0.029,3,3,23.0,2,0,1,36,22,3,1,5,HOU,1,87,7.1,4.2,0.241,0.023,2,0,21.0,0,2,3,53,20,2,3,13,HOU,2020,2020-10-11,01:00:00,12:00:00,0,JAX,5,5,Sun,W 30-14,0,3,3,3,3,3,0,0,0,10,HOU,2020,2020-10-11,01:00:00,12:00:00,0,JAX,5,5,Sun,W 30-14,0,0,0,0,0,0,0,30,14,JAX
192,JAX,1,87,7.1,4.2,0.241,0.023,2,0,21.0,0,2,3,53,20,2,3,5,JAX,1,68,7.6,7.1,0.338,0.029,3,3,23.0,2,0,1,36,22,3,1,22,JAX,2020,2020-10-11,01:00:00,12:00:00,@,HOU,5,5,Sun,L 14-30,0,2,2,2,2,0,0,0,0,11,JAX,2020,2020-10-11,01:00:00,12:00:00,@,HOU,5,5,Sun,L 14-30,0,0,0,0,0,0,0,14,30,HOU
193,KAN,1,84,8.4,4.9,0.226,0.012,4,1,19.0,1,0,3,46,20,1,5,5,KAN,1,82,7.0,6.0,0.244,0.012,5,2,20.0,1,0,1,32,35,2,2,6,KAN,2020,2020-10-11,01:00:00,12:00:00,0,LVR,5,5,Sun,L 32-40,0,4,3,3,1,1,1,1,0,12,KAN,2020,2020-10-11,01:00:00,12:00:00,0,LVR,5,5,Sun,L 32-40,0,0,0,0,0,0,0,32,40,LVR
194,MIA,1,78,7.1,5.6,0.231,0.0,4,5,18.0,0,0,2,30,32,5,3,5,MIA,1,74,7.6,3.5,0.203,0.041,2,1,15.0,2,1,5,40,19,1,3,7,MIA,2020,2020-10-11,04:05:00,01:05:00,@,SFO,5,5,Sun,W 43-17,0,4,4,4,5,5,0,0,0,13,MIA,2020,2020-10-11,04:05:00,01:05:00,@,SFO,5,5,Sun,W 43-17,0,0,0,0,0,0,0,43,17,SFO
195,MIN,1,95,7.9,4.7,0.305,0.021,3,2,29.0,1,1,3,42,41,2,2,5,MIN,1,67,8.3,4.7,0.269,0.015,4,0,18.0,1,0,4,36,16,0,5,14,MIN,2020,2020-10-11,08:20:00,05:20:00,@,SEA,5,5,Sun,L 26-27,0,3,2,2,2,2,1,0,0,14,MIN,2020,2020-10-11,08:20:00,05:20:00,@,SEA,5,5,Sun,L 26-27,0,0,0,0,0,0,0,26,27,SEA
196,NOR,1,93,7.2,4.4,0.247,0.011,3,3,23.0,1,0,2,50,25,3,6,5,NOR,1,88,7.7,4.0,0.193,0.0,4,0,17.0,0,0,3,37,32,1,7,15,NOR,2020,2020-10-12,08:15:00,07:15:00,0,LAC,5,5,Mon,W 30-27,OT,3,3,3,3,3,0,0,0,15,NOR,2020,2020-10-12,08:15:00,07:15:00,0,LAC,5,5,Mon,W 30-27,OT,0,0,0,0,0,0,30,27,LAC
197,NYG,1,78,7.6,3.8,0.231,0.013,2,4,18.0,0,1,2,35,27,4,2,5,NYG,1,81,6.8,5.0,0.296,0.025,3,3,24.0,1,1,2,35,29,3,2,16,NYG,2020,2020-10-11,04:25:00,03:25:00,@,DAL,5,5,Sun,L 34-37,0,3,2,2,4,4,1,1,0,16,NYG,2020,2020-10-11,04:25:00,03:25:00,@,DAL,5,5,Sun,L 34-37,0,0,0,1,0,0,1,34,37,DAL
198,NYJ,1,78,8.5,3.7,0.218,0.0,1,1,17.0,0,0,3,36,28,1,6,5,NYJ,1,80,8.2,6.2,0.325,0.013,4,1,26.0,1,0,1,38,30,1,4,25,NYJ,2020,2020-10-11,01:00:00,01:00:00,0,ARI,5,5,Sun,L 10-30,0,1,1,1,1,1,0,0,0,17,NYJ,2020,2020-10-11,01:00:00,01:00:00,0,ARI,5,5,Sun,L 10-30,0,0,0,0,0,0,0,10,30,ARI
199,TEN,1,75,6.4,4.5,0.307,0.0,6,0,23.0,0,0,0,28,34,0,3,5,TEN,1,81,7.2,4.6,0.284,0.037,2,1,23.0,2,1,1,47,22,1,2,1,TEN,2020,2020-10-13,07:00:00,06:00:00,0,BUF,5,4,Tue,W 42-16,0,6,6,6,0,0,0,0,0,18,TEN,2020,2020-10-13,07:00:00,06:00:00,0,BUF,5,4,Tue,W 42-16,0,0,0,0,0,0,0,42,16,BUF
200,PHI,1,71,7.9,4.7,0.254,0.028,4,0,18.0,2,0,5,41,16,1,2,5,PHI,1,80,7.6,4.6,0.275,0.013,5,1,22.0,0,1,1,35,32,1,2,8,PHI,2020,2020-10-11,01:00:00,01:00:00,@,PIT,5,5,Sun,L 29-38,0,4,3,3,1,0,1,1,0,19,PHI,2020,2020-10-11,01:00:00,01:00:00,@,PIT,5,5,Sun,L 29-38,0,0,0,0,0,0,0,29,38,PIT
201,PIT,1,80,7.6,4.6,0.275,0.013,5,1,22.0,0,1,1,35,32,1,2,5,PIT,1,71,7.9,4.7,0.254,0.028,4,0,18.0,2,0,5,41,16,1,2,2,PIT,2020,2020-10-11,01:00:00,01:00:00,0,PHI,5,4,Sun,W 38-29,0,5,5,5,1,1,0,0,0,20,PIT,2020,2020-10-11,01:00:00,01:00:00,0,PHI,5,4,Sun,W 38-29,0,0,0,0,0,0,0,38,29,PHI
202,LVR,1,82,7.0,6.0,0.244,0.012,5,2,20.0,1,0,1,32,35,2,2,5,LVR,1,84,8.4,4.9,0.226,0.012,4,1,19.0,1,0,3,46,20,1,5,3,LVR,2020,2020-10-11,01:00:00,12:00:00,@,KAN,5,5,Sun,W 40-32,0,5,5,4,2,2,0,0,0,21,LVR,2020,2020-10-11,01:00:00,12:00:00,@,KAN,5,5,Sun,W 40-32,0,0,0,0,0,0,0,40,32,KAN
203,LAR,1,78,7.9,5.5,0.231,0.013,4,1,18.0,1,0,1,31,35,1,5,5,LAR,1,70,7.9,1.5,0.114,0.0,1,1,8.0,0,0,8,38,14,1,10,9,LAR,2020,2020-10-11,01:00:00,01:00:00,@,WAS,5,5,Sun,W 30-10,0,4,4,3,1,1,0,0,0,22,LAR,2020,2020-10-11,01:00:00,01:00:00,@,WAS,5,5,Sun,W 30-10,0,0,0,0,0,0,0,30,10,WAS
204,BAL,1,74,7.5,4.5,0.216,0.014,2,2,16.0,1,0,1,38,24,3,4,5,BAL,1,79,8.8,2.6,0.152,0.038,0,1,12.0,1,2,7,37,28,1,7,17,BAL,2020,2020-10-11,01:00:00,01:00:00,0,CIN,5,5,Sun,W 27-3,0,3,3,3,3,2,0,0,0,23,BAL,2020,2020-10-11,01:00:00,01:00:00,0,CIN,5,5,Sun,W 27-3,0,0,0,0,1,0,1,27,3,CIN
205,LAC,1,88,7.7,4.0,0.193,0.0,4,0,17.0,0,0,3,37,32,1,7,5,LAC,1,93,7.2,4.4,0.247,0.011,3,3,23.0,1,0,2,50,25,3,6,10,LAC,2020,2020-10-12,08:15:00,07:15:00,@,NOR,5,5,Mon,L 27-30,OT,4,4,3,1,0,0,0,0,24,LAC,2020,2020-10-12,08:15:00,07:15:00,@,NOR,5,5,Mon,L 27-30,OT,0,0,0,0,0,0,27,30,NOR
206,SEA,1,67,8.3,4.7,0.269,0.015,4,0,18.0,1,0,4,36,16,0,5,5,SEA,1,95,7.9,4.7,0.305,0.021,3,2,29.0,1,1,3,42,41,2,2,11,SEA,2020,2020-10-11,08:20:00,05:20:00,0,MIN,5,5,Sun,W 27-26,0,4,3,3,0,0,1,0,0,25,SEA,2020,2020-10-11,08:20:00,05:20:00,0,MIN,5,5,Sun,W 27-26,0,0,0,0,0,0,0,27,26,MIN
207,SFO,1,74,7.6,3.5,0.203,0.041,2,1,15.0,2,1,5,40,19,1,3,5,SFO,1,78,7.1,5.6,0.231,0.0,4,5,18.0,0,0,2,30,32,5,3,23,SFO,2020,2020-10-11,04:05:00,01:05:00,0,MIA,5,5,Sun,L 17-43,0,2,2,2,1,1,0,0,0,26,SFO,2020,2020-10-11,04:05:00,01:05:00,0,MIA,5,5,Sun,L 17-43,0,0,0,0,0,0,0,17,43,MIA
208,TAM,1,77,9.8,4.4,0.195,0.013,1,4,15.0,0,1,3,44,20,4,3,5,TAM,1,74,8.4,3.3,0.216,0.014,2,2,16.0,1,0,3,45,14,2,5,26,TAM,2020,2020-10-08,08:20:00,07:20:00,@,CHI,5,5,Thu,L 19-20,0,1,1,1,4,4,0,0,0,27,TAM,2020,2020-10-08,08:20:00,07:20:00,@,CHI,5,5,Thu,L 19-20,0,0,0,0,0,0,0,19,20,CHI
209,WAS,1,70,7.9,1.5,0.114,0.0,1,1,8.0,0,0,8,38,14,1,10,5,WAS,1,78,7.9,5.5,0.231,0.013,4,1,18.0,1,0,1,31,35,1,5,27,WAS,2020,2020-10-11,01:00:00,01:00:00,0,LAR,5,5,Sun,L 10-30,0,1,1,1,1,1,0,0,0,28,WAS,2020,2020-10-11,01:00:00,01:00:00,0,LAR,5,5,Sun,L 10-30,0,0,0,0,0,0,0,10,30,LAR
210,ATL,1,93,6.9,5.0,0.247,0.011,4,4,23.0,0,1,2,42,37,4,2,6,ATL,1,66,6.9,5.5,0.258,0.045,3,0,17.0,3,0,1,37,13,0,4,6,ATL,2020,2020-10-18,01:00:00,03:00:00,@,MIN,6,6,Sun,W 40-23,0,4,4,4,4,4,0,0,0,1,ATL,2020,2020-10-18,01:00:00,03:00:00,@,MIN,6,6,Sun,W 40-23,0,0,0,0,0,0,0,40,23,MIN
211,BUF,1,64,7.2,3.2,0.234,0.016,2,1,15.0,1,0,0,27,23,2,4,6,BUF,1,84,7.0,5.5,0.31,0.012,3,2,26.0,0,1,1,27,46,2,2,16,BUF,2020,2020-10-19,05:00:00,05:00:00,0,KAN,6,6,Mon,L 17-26,0,2,2,2,2,1,0,0,0,2,BUF,2020,2020-10-19,05:00:00,05:00:00,0,KAN,6,6,Mon,L 17-26,0,0,0,0,0,0,0,17,26,KAN
212,CAR,1,74,7.9,4.1,0.216,0.041,1,3,16.0,2,1,4,33,29,4,1,6,CAR,1,78,7.3,3.3,0.244,0.013,2,3,19.0,1,0,0,39,25,3,4,22,CAR,2020,2020-10-18,01:00:00,01:00:00,0,CHI,6,6,Sun,L 16-23,0,1,1,1,4,3,0,0,0,3,CAR,2020,2020-10-18,01:00:00,01:00:00,0,CHI,6,6,Sun,L 16-23,0,0,0,0,0,0,0,16,23,CHI
213,CHI,1,78,7.3,3.3,0.244,0.013,2,3,19.0,1,0,0,39,25,3,4,6,CHI,1,74,7.9,4.1,0.216,0.041,1,3,16.0,2,1,4,33,29,4,1,17,CHI,2020,2020-10-18,01:00:00,01:00:00,@,CAR,6,6,Sun,W 23-16,0,2,2,2,3,3,0,0,0,4,CHI,2020,2020-10-18,01:00:00,01:00:00,@,CAR,6,6,Sun,W 23-16,0,0,0,0,0,0,0,23,16,CAR
214,CIN,1,88,7.4,4.5,0.25,0.011,3,2,22.0,1,0,2,41,32,3,3,6,CIN,1,74,7.5,5.8,0.311,0.027,4,1,23.0,1,1,1,45,15,1,3,10,CIN,2020,2020-10-18,01:00:00,01:00:00,@,IND,6,6,Sun,L 27-31,0,3,3,3,3,2,0,0,0,5,CIN,2020,2020-10-18,01:00:00,01:00:00,@,IND,6,6,Sun,L 27-31,0,0,0,0,0,0,0,27,31,IND
215,CLE,1,68,7.5,3.2,0.147,0.029,1,0,10.0,2,0,4,32,22,0,6,6,CLE,1,75,8.0,3.7,0.24,0.0,4,1,18.0,0,0,2,25,37,1,5,23,CLE,2020,2020-10-18,01:00:00,01:00:00,@,PIT,6,6,Sun,L 7-38,0,1,1,1,0,0,0,0,0,6,CLE,2020,2020-10-18,01:00:00,01:00:00,@,PIT,6,6,Sun,L 7-38,0,0,0,0,0,0,0,7,38,PIT
216,IND,1,74,7.5,5.8,0.311,0.027,4,1,23.0,1,1,1,45,15,1,3,6,IND,1,88,7.4,4.5,0.25,0.011,3,2,22.0,1,0,2,41,32,3,3,7,IND,2020,2020-10-18,01:00:00,01:00:00,0,CIN,6,6,Sun,W 31-27,0,4,4,4,1,1,0,0,0,7,IND,2020,2020-10-18,01:00:00,01:00:00,0,CIN,6,6,Sun,W 31-27,0,0,0,0,0,0,0,31,27,CIN
217,ARI,1,73,7.5,6.0,0.274,0.0,5,1,20.0,0,0,1,25,35,1,4,6,ARI,1,97,8.0,3.5,0.237,0.041,1,1,23.0,2,2,3,57,27,2,3,2,ARI,2020,2020-10-19,08:15:00,07:15:00,@,DAL,6,6,Mon,W 38-10,0,5,5,5,1,1,0,0,0,8,ARI,2020,2020-10-19,08:15:00,07:15:00,@,DAL,6,6,Mon,W 38-10,0,0,0,0,0,0,0,38,10,DAL
218,DAL,1,97,8.0,3.5,0.237,0.041,1,1,23.0,2,2,3,57,27,2,3,6,DAL,1,73,7.5,6.0,0.274,0.0,5,1,20.0,0,0,1,25,35,1,4,24,DAL,2020,2020-10-19,08:15:00,07:15:00,0,ARI,6,6,Mon,L 10-38,0,1,1,1,2,1,0,0,0,9,DAL,2020,2020-10-19,08:15:00,07:15:00,0,ARI,6,6,Mon,L 10-38,0,0,0,0,0,0,0,10,38,ARI
219,DEN,1,75,8.0,4.0,0.187,0.027,0,6,14.0,2,0,2,26,37,6,2,6,DEN,1,69,7.6,4.2,0.203,0.043,1,2,14.0,2,1,4,31,25,2,3,27,DEN,2020,2020-10-18,01:00:00,01:00:00,@,NWE,6,5,Sun,W 18-12,0,0,0,0,6,6,0,0,0,10,DEN,2020,2020-10-18,01:00:00,01:00:00,@,NWE,6,5,Sun,W 18-12,0,0,0,0,0,0,0,18,12,NWE
220,DET,1,83,7.9,4.9,0.253,0.012,4,2,21.0,1,0,0,31,39,3,2,6,DET,1,74,6.9,3.7,0.203,0.027,2,1,15.0,1,1,1,45,16,2,2,8,DET,2020,2020-10-18,01:00:00,01:00:00,@,JAX,6,5,Sun,W 34-16,0,4,4,4,3,2,0,0,0,11,DET,2020,2020-10-18,01:00:00,01:00:00,@,JAX,6,5,Sun,W 34-16,0,0,0,0,0,0,0,34,16,JAX
221,GNB,1,77,8.1,2.6,0.169,0.026,1,1,13.0,2,0,5,40,21,1,7,6,GNB,1,77,6.6,4.2,0.247,0.0,4,1,19.0,0,0,0,28,35,1,5,25,GNB,2020,2020-10-18,04:25:00,04:25:00,@,TAM,6,5,Sun,L 10-38,0,1,1,1,1,1,0,0,0,12,GNB,2020,2020-10-18,04:25:00,04:25:00,@,TAM,6,5,Sun,L 10-38,0,0,0,0,0,0,0,10,38,TAM
222,HOU,1,83,6.4,5.0,0.277,0.0,5,1,23.0,0,0,2,40,27,1,4,6,HOU,1,85,8.0,7.1,0.341,0.024,6,0,29.0,1,1,2,43,27,2,1,3,HOU,2020,2020-10-18,01:00:00,12:00:00,@,TEN,6,6,Sun,L 36-42,OT,5,4,3,1,1,1,0,0,13,HOU,2020,2020-10-18,01:00:00,12:00:00,@,TEN,6,6,Sun,L 36-42,OT,0,0,0,0,0,0,36,42,TEN
223,JAX,1,74,6.9,3.7,0.203,0.027,2,1,15.0,1,1,1,45,16,2,2,6,JAX,1,83,7.9,4.9,0.253,0.012,4,2,21.0,1,0,0,31,39,3,2,18,JAX,2020,2020-10-18,01:00:00,01:00:00,0,DET,6,6,Sun,L 16-34,0,2,1,1,2,1,1,0,0,14,JAX,2020,2020-10-18,01:00:00,01:00:00,0,DET,6,6,Sun,L 16-34,0,0,0,0,0,0,0,16,34,DET
224,KAN,1,84,7.0,5.5,0.31,0.012,3,2,26.0,0,1,1,27,46,2,2,6,KAN,1,64,7.2,3.2,0.234,0.016,2,1,15.0,1,0,0,27,23,2,4,11,KAN,2020,2020-10-19,05:00:00,05:00:00,@,BUF,6,6,Mon,W 26-17,0,3,3,2,2,2,0,0,0,15,KAN,2020,2020-10-19,05:00:00,05:00:00,@,BUF,6,6,Mon,W 26-17,0,0,0,0,0,0,0,26,17,BUF
225,MIA,1,68,7.3,4.4,0.25,0.029,3,1,17.0,2,0,2,31,25,1,7,6,MIA,1,85,7.4,3.1,0.141,0.012,0,0,12.0,1,0,3,47,22,1,10,12,MIA,2020,2020-10-18,04:05:00,04:05:00,0,NYJ,6,6,Sun,W 24-0,0,3,3,3,1,1,0,0,0,16,MIA,2020,2020-10-18,04:05:00,04:05:00,0,NYJ,6,6,Sun,W 24-0,0,0,0,0,0,0,0,24,0,NYJ
226,MIN,1,66,6.9,5.5,0.258,0.045,3,0,17.0,3,0,1,37,13,0,4,6,MIN,1,93,6.9,5.0,0.247,0.011,4,4,23.0,0,1,2,42,37,4,2,13,MIN,2020,2020-10-18,01:00:00,03:00:00,0,ATL,6,6,Sun,L 23-40,0,3,1,1,0,0,2,2,0,17,MIN,2020,2020-10-18,01:00:00,03:00:00,0,ATL,6,6,Sun,L 23-40,0,0,0,0,0,0,0,23,40,ATL
227,NWE,1,69,7.6,4.2,0.203,0.043,1,2,14.0,2,1,4,31,25,2,3,6,NWE,1,75,8.0,4.0,0.187,0.027,0,6,14.0,2,0,2,26,37,6,2,26,NWE,2020,2020-10-18,01:00:00,01:00:00,0,DEN,6,5,Sun,L 12-18,0,1,0,0,2,2,1,0,0,18,NWE,2020,2020-10-18,01:00:00,01:00:00,0,DEN,6,5,Sun,L 12-18,0,0,0,0,0,0,0,12,18,DEN
228,NYG,1,57,6.7,4.2,0.228,0.018,1,2,13.0,1,0,1,20,26,2,2,6,NYG,1,80,7.9,4.2,0.275,0.025,2,2,22.0,1,1,3,45,24,3,1,19,NYG,2020,2020-10-18,01:00:00,01:00:00,0,WAS,6,6,Sun,W 20-19,0,2,2,2,2,2,0,0,0,19,NYG,2020,2020-10-18,01:00:00,01:00:00,0,WAS,6,6,Sun,W 20-19,0,0,0,0,1,0,1,20,19,WAS
229,NYJ,1,85,7.4,3.1,0.141,0.012,0,0,12.0,1,0,3,47,22,1,10,6,NYJ,1,68,7.3,4.4,0.25,0.029,3,1,17.0,2,0,2,31,25,1,7,28,NYJ,2020,2020-10-18,04:05:00,04:05:00,@,MIA,6,6,Sun,L 0-24,0,0,0,0,1,0,0,0,0,20,NYJ,2020,2020-10-18,04:05:00,04:05:00,@,MIA,6,6,Sun,L 0-24,0,0,0,0,0,0,0,0,24,MIA
230,TEN,1,85,8.0,7.1,0.341,0.024,6,0,29.0,1,1,2,43,27,2,1,6,TEN,1,83,6.4,5.0,0.277,0.0,5,1,23.0,0,0,2,40,27,1,4,1,TEN,2020,2020-10-18,01:00:00,12:00:00,0,HOU,6,5,Sun,W 42-36,OT,6,4,4,2,0,1,1,0,21,TEN,2020,2020-10-18,01:00:00,12:00:00,0,HOU,6,5,Sun,W 42-36,OT,0,0,0,0,0,0,42,36,HOU
231,PHI,1,82,8.1,4.4,0.195,0.012,4,0,16.0,0,1,6,46,18,1,6,6,PHI,1,85,9.3,4.2,0.2,0.0,3,3,17.0,0,0,3,30,37,3,7,9,PHI,2020,2020-10-18,01:00:00,01:00:00,0,BAL,6,6,Sun,L 28-30,0,4,0,0,1,0,4,2,0,22,PHI,2020,2020-10-18,01:00:00,01:00:00,0,BAL,6,6,Sun,L 28-30,0,0,0,0,1,0,1,28,30,BAL
232,PIT,1,75,8.0,3.7,0.24,0.0,4,1,18.0,0,0,2,25,37,1,5,6,PIT,1,68,7.5,3.2,0.147,0.029,1,0,10.0,2,0,4,32,22,0,6,4,PIT,2020,2020-10-18,01:00:00,01:00:00,0,CLE,6,5,Sun,W 38-7,0,5,5,5,1,1,0,0,0,23,PIT,2020,2020-10-18,01:00:00,01:00:00,0,CLE,6,5,Sun,W 38-7,0,0,0,1,0,0,1,38,7,CLE
233,LAR,1,71,7.0,4.4,0.225,0.014,2,1,16.0,1,0,0,38,19,1,6,6,LAR,1,83,7.2,4.7,0.265,0.0,3,1,22.0,0,0,0,33,37,1,5,20,LAR,2020,2020-10-18,08:20:00,05:20:00,@,SFO,6,6,Sun,L 16-24,0,2,2,1,1,1,0,0,0,24,LAR,2020,2020-10-18,08:20:00,05:20:00,@,SFO,6,6,Sun,L 16-24,0,0,0,0,0,0,0,16,24,SFO
234,BAL,1,85,9.3,4.2,0.2,0.0,3,3,17.0,0,0,3,30,37,3,7,6,BAL,1,82,8.1,4.4,0.195,0.012,4,0,16.0,0,1,6,46,18,1,6,14,BAL,2020,2020-10-18,01:00:00,01:00:00,@,PHI,6,6,Sun,W 30-28,0,3,3,3,3,3,0,0,0,25,BAL,2020,2020-10-18,01:00:00,01:00:00,@,PHI,6,6,Sun,W 30-28,0,0,0,0,0,0,0,30,28,PHI
235,SFO,1,83,7.2,4.7,0.265,0.0,3,1,22.0,0,0,0,33,37,1,5,6,SFO,1,71,7.0,4.4,0.225,0.014,2,1,16.0,1,0,0,38,19,1,6,15,SFO,2020,2020-10-18,08:20:00,05:20:00,0,LAR,6,6,Sun,W 24-16,0,3,3,3,1,1,0,0,0,26,SFO,2020,2020-10-18,08:20:00,05:20:00,0,LAR,6,6,Sun,W 24-16,0,0,0,0,0,0,0,24,16,LAR
236,TAM,1,77,6.6,4.2,0.247,0.0,4,1,19.0,0,0,0,28,35,1,5,6,TAM,1,77,8.1,2.6,0.169,0.026,1,1,13.0,2,0,5,40,21,1,7,5,TAM,2020,2020-10-18,04:25:00,04:25:00,0,GNB,6,6,Sun,W 38-10,0,5,5,5,1,1,0,0,0,27,TAM,2020,2020-10-18,04:25:00,04:25:00,0,GNB,6,6,Sun,W 38-10,0,0,0,1,0,0,1,38,10,GNB
237,WAS,1,80,7.9,4.2,0.275,0.025,2,2,22.0,1,1,3,45,24,3,1,6,WAS,1,57,6.7,4.2,0.228,0.018,1,2,13.0,1,0,1,20,26,2,2,21,WAS,2020,2020-10-18,01:00:00,01:00:00,@,NYG,6,6,Sun,L 19-20,0,2,1,1,3,2,1,0,0,28,WAS,2020,2020-10-18,01:00:00,01:00:00,@,NYG,6,6,Sun,L 19-20,0,0,0,0,0,0,0,19,20,NYG
238,ATL,1,81,7.2,4.8,0.296,0.012,3,0,24.0,0,1,2,44,26,0,4,7,ATL,1,72,8.2,5.4,0.25,0.0,2,3,18.0,0,0,2,38,21,4,3,11,ATL,2020,2020-10-25,01:00:00,01:00:00,0,DET,7,7,Sun,L 22-23,0,3,2,2,0,0,1,1,0,2,ATL,2020,2020-10-25,01:00:00,01:00:00,0,DET,7,7,Sun,L 22-23,0,0,0,0,0,0,0,22,23,DET
239,BUF,1,83,8.3,5.1,0.301,0.012,0,6,25.0,0,1,2,45,27,8,0,7,BUF,1,63,8.4,3.0,0.222,0.032,1,1,14.0,2,0,6,29,22,1,4,26,BUF,2020,2020-10-25,01:00:00,01:00:00,@,NYJ,7,7,Sun,W 18-10,0,0,0,0,8,6,0,0,0,3,BUF,2020,2020-10-25,01:00:00,01:00:00,@,NYJ,7,7,Sun,W 18-10,0,0,0,0,0,0,0,18,10,NYJ
240,CAR,1,55,6.5,5.1,0.273,0.0,3,1,15.0,0,0,1,29,14,2,1,7,CAR,1,77,7.1,5.4,0.325,0.013,3,2,25.0,0,1,1,38,29,2,0,12,CAR,2020,2020-10-25,01:00:00,12:00:00,@,NOR,7,7,Sun,L 24-27,0,3,3,3,2,1,0,0,0,4,CAR,2020,2020-10-25,01:00:00,12:00:00,@,NOR,7,7,Sun,L 24-27,0,0,0,0,0,0,0,24,27,NOR
241,CHI,1,73,7.4,3.8,0.178,0.027,0,1,13.0,2,0,4,44,17,1,5,7,CHI,1,81,7.7,4.6,0.259,0.012,3,1,21.0,0,1,1,34,34,2,5,24,CHI,2020,2020-10-26,08:15:00,05:15:00,@,LAR,7,7,Mon,L 10-24,0,1,1,1,1,1,0,0,0,5,CHI,2020,2020-10-26,08:15:00,05:15:00,@,LAR,7,7,Mon,L 10-24,0,0,0,0,1,0,1,10,24,LAR
242,CIN,1,86,6.9,5.4,0.349,0.023,4,2,30.0,1,1,4,52,21,2,0,7,CIN,1,65,7.2,6.1,0.323,0.015,5,1,21.0,1,0,0,29,22,1,1,6,CIN,2020,2020-10-25,01:00:00,01:00:00,0,CLE,7,7,Sun,L 34-37,0,4,4,4,2,2,0,0,0,6,CIN,2020,2020-10-25,01:00:00,01:00:00,0,CLE,7,7,Sun,L 34-37,0,0,0,0,0,0,0,34,37,CLE
243,CLE,1,65,7.2,6.1,0.323,0.015,5,1,21.0,1,0,0,29,22,1,1,7,CLE,1,86,6.9,5.4,0.349,0.023,4,2,30.0,1,1,4,52,21,2,0,2,CLE,2020,2020-10-25,01:00:00,01:00:00,@,CIN,7,7,Sun,W 37-34,0,5,5,4,1,1,0,0,0,7,CLE,2020,2020-10-25,01:00:00,01:00:00,@,CIN,7,7,Sun,W 37-34,0,0,0,0,0,0,0,37,34,CIN
244,ARI,1,98,7.6,5.3,0.286,0.02,4,3,28.0,1,1,0,48,33,4,2,7,ARI,1,97,7.4,5.9,0.34,0.031,4,2,33.0,3,0,2,52,30,2,3,7,ARI,2020,2020-10-25,08:20:00,06:20:00,0,SEA,7,7,Sun,W 37-34,OT,4,4,4,4,3,0,0,0,8,ARI,2020,2020-10-25,08:20:00,06:20:00,0,SEA,7,7,Sun,W 37-34,OT,0,0,0,0,0,0,37,34,SEA
245,DAL,1,65,8.6,2.2,0.185,0.015,0,1,12.0,1,0,6,28,26,1,5,7,DAL,1,76,6.9,5.2,0.237,0.0,3,1,18.0,0,0,2,27,39,2,2,27,DAL,2020,2020-10-25,01:00:00,01:00:00,@,WAS,7,7,Sun,L 3-25,0,0,0,0,1,1,0,0,0,9,DAL,2020,2020-10-25,01:00:00,01:00:00,@,WAS,7,7,Sun,L 3-25,0,0,0,0,0,0,0,3,23,WAS
246,DEN,1,91,7.9,4.5,0.253,0.044,2,1,23.0,2,2,3,43,33,1,3,7,DEN,1,66,7.7,4.3,0.258,0.015,4,3,17.0,0,1,4,29,22,3,3,20,DEN,2020,2020-10-25,04:25:00,02:25:00,0,KAN,7,6,Sun,L 16-43,0,2,2,1,1,1,0,0,0,10,DEN,2020,2020-10-25,04:25:00,02:25:00,0,KAN,7,6,Sun,L 16-43,0,0,0,0,0,0,0,16,43,KAN
247,DET,1,72,8.2,5.4,0.25,0.0,2,3,18.0,0,0,2,38,21,4,3,7,DET,1,81,7.2,4.8,0.296,0.012,3,0,24.0,0,1,2,44,26,0,4,21,DET,2020,2020-10-25,01:00:00,01:00:00,@,ATL,7,6,Sun,W 23-22,0,2,2,2,4,3,0,0,0,11,DET,2020,2020-10-25,01:00:00,01:00:00,@,ATL,7,6,Sun,W 23-22,0,0,0,0,0,0,0,23,22,ATL
248,GNB,1,76,6.8,5.0,0.263,0.0,5,0,20.0,0,0,0,34,27,0,5,7,GNB,1,79,7.4,4.6,0.241,0.013,2,2,19.0,0,1,3,42,22,3,4,3,GNB,2020,2020-10-25,01:00:00,12:00:00,@,HOU,7,6,Sun,W 35-20,0,5,5,5,0,0,0,0,0,12,GNB,2020,2020-10-25,01:00:00,12:00:00,@,HOU,7,6,Sun,W 35-20,0,0,0,0,0,0,0,35,20,HOU
249,HOU,1,79,7.4,4.6,0.241,0.013,2,2,19.0,0,1,3,42,22,3,4,7,HOU,1,76,6.8,5.0,0.263,0.0,5,0,20.0,0,0,0,34,27,0,5,22,HOU,2020,2020-10-25,01:00:00,12:00:00,0,GNB,7,7,Sun,L 20-35,0,2,2,2,3,2,0,0,0,13,HOU,2020,2020-10-25,01:00:00,12:00:00,0,GNB,7,7,Sun,L 20-35,0,0,0,0,0,0,0,20,35,GNB
250,JAX,1,76,6.9,3.9,0.197,0.013,3,0,15.0,0,1,5,32,27,0,5,7,JAX,1,94,7.3,5.1,0.277,0.0,5,2,26.0,0,0,1,45,32,3,4,8,JAX,2020,2020-10-25,04:25:00,01:25:00,@,LAC,7,7,Sun,L 29-39,0,4,1,1,0,0,3,2,0,14,JAX,2020,2020-10-25,04:25:00,01:25:00,@,LAC,7,7,Sun,L 29-39,0,0,0,0,0,1,1,29,39,LAC
251,KAN,1,66,7.7,4.3,0.258,0.015,4,3,17.0,0,1,4,29,22,3,3,7,KAN,1,91,7.9,4.5,0.253,0.044,2,1,23.0,2,2,3,43,33,1,3,4,KAN,2020,2020-10-25,04:25:00,02:25:00,@,DEN,7,7,Sun,W 43-16,0,5,5,4,3,3,0,0,0,1,KAN,2020,2020-10-25,04:25:00,02:25:00,@,DEN,7,7,Sun,W 43-16,0,1,0,1,0,0,2,43,16,DEN
252,NOR,1,77,7.1,5.4,0.325,0.013,3,2,25.0,0,1,1,38,29,2,0,7,NOR,1,55,6.5,5.1,0.273,0.0,3,1,15.0,0,0,1,29,14,2,1,13,NOR,2020,2020-10-25,01:00:00,12:00:00,0,CAR,7,6,Sun,W 27-24,0,3,3,3,2,2,0,0,0,15,NOR,2020,2020-10-25,01:00:00,12:00:00,0,CAR,7,6,Sun,W 27-24,0,0,0,0,0,0,0,27,24,CAR
253,NWE,1,60,7.5,4.0,0.25,0.067,0,2,15.0,4,0,2,27,22,2,2,7,NWE,1,73,7.6,6.4,0.356,0.027,4,2,26.0,2,0,1,26,37,2,1,28,NWE,2020,2020-10-25,04:25:00,04:25:00,0,SFO,7,6,Sun,L 6-33,0,0,0,0,2,2,0,0,0,16,NWE,2020,2020-10-25,04:25:00,04:25:00,0,SFO,7,6,Sun,L 6-33,0,0,0,0,0,0,0,6,33,SFO
254,NYG,1,69,7.9,4.7,0.203,0.043,3,0,14.0,1,2,3,33,22,0,6,7,NYG,1,86,8.0,5.1,0.279,0.012,3,1,24.0,1,0,3,46,26,2,5,14,NYG,2020,2020-10-22,08:20:00,08:20:00,@,PHI,7,7,Thu,L 21-22,0,3,3,3,0,0,0,0,0,17,NYG,2020,2020-10-22,08:20:00,08:20:00,@,PHI,7,7,Thu,L 21-22,0,0,0,0,0,0,0,21,22,PHI
255,NYJ,1,63,8.4,3.0,0.222,0.032,1,1,14.0,2,0,6,29,22,1,4,7,NYJ,1,83,8.3,5.1,0.301,0.012,0,6,25.0,0,1,2,45,27,8,0,25,NYJ,2020,2020-10-25,01:00:00,01:00:00,0,BUF,7,7,Sun,L 10-18,0,1,1,1,1,1,0,0,0,18,NYJ,2020,2020-10-25,01:00:00,01:00:00,0,BUF,7,7,Sun,L 10-18,0,0,0,0,0,0,0,10,18,BUF
256,TEN,1,71,8.0,4.1,0.183,0.0,3,1,13.0,0,0,2,32,23,2,5,7,TEN,1,86,7.2,4.2,0.256,0.035,3,2,22.0,3,0,0,49,25,2,2,15,TEN,2020,2020-10-25,01:00:00,12:00:00,0,PIT,7,6,Sun,L 24-27,0,3,3,3,2,1,0,0,0,19,TEN,2020,2020-10-25,01:00:00,12:00:00,0,PIT,7,6,Sun,L 24-27,0,0,0,0,0,0,0,24,27,PIT
257,PHI,1,86,8.0,5.1,0.279,0.012,3,1,24.0,1,0,3,46,26,2,5,7,PHI,1,69,7.9,4.7,0.203,0.043,3,0,14.0,1,2,3,33,22,0,6,16,PHI,2020,2020-10-22,08:20:00,08:20:00,0,NYG,7,7,Thu,W 22-21,0,3,1,1,2,1,2,0,0,20,PHI,2020,2020-10-22,08:20:00,08:20:00,0,NYG,7,7,Thu,W 22-21,0,0,0,0,0,0,0,22,21,NYG
258,PIT,1,86,7.2,4.2,0.256,0.035,3,2,22.0,3,0,0,49,25,2,2,7,PIT,1,71,8.0,4.1,0.183,0.0,3,1,13.0,0,0,2,32,23,2,5,17,PIT,2020,2020-10-25,01:00:00,12:00:00,@,TEN,7,6,Sun,W 27-24,0,3,3,3,2,2,0,0,0,21,PIT,2020,2020-10-25,01:00:00,12:00:00,@,TEN,7,6,Sun,W 27-24,0,0,0,0,0,0,0,27,24,TEN
259,LVR,1,78,6.7,4.4,0.218,0.013,2,2,17.0,1,0,3,39,23,2,4,7,LVR,1,85,7.0,5.3,0.318,0.0,6,1,27.0,0,0,0,45,25,1,3,23,LVR,2020,2020-10-25,04:05:00,01:05:00,0,TAM,7,6,Sun,L 20-45,0,2,2,2,2,2,0,0,0,22,LVR,2020,2020-10-25,04:05:00,01:05:00,0,TAM,7,6,Sun,L 20-45,0,0,0,0,0,0,0,20,45,TAM
260,LAR,1,81,7.7,4.6,0.259,0.012,3,1,21.0,0,1,1,34,34,2,5,7,LAR,1,73,7.4,3.8,0.178,0.027,0,1,13.0,2,0,4,44,17,1,5,18,LAR,2020,2020-10-26,08:15:00,05:15:00,0,CHI,7,7,Mon,W 24-10,0,3,3,3,2,1,0,0,0,23,LAR,2020,2020-10-26,08:15:00,05:15:00,0,CHI,7,7,Mon,W 24-10,0,0,0,0,0,0,0,24,10,CHI
261,LAC,1,94,7.3,5.1,0.277,0.0,5,2,26.0,0,0,1,45,32,3,4,7,LAC,1,76,6.9,3.9,0.197,0.013,3,0,15.0,0,1,5,32,27,0,5,5,LAC,2020,2020-10-25,04:25:00,01:25:00,0,JAX,7,6,Sun,W 39-29,0,5,4,3,3,2,1,0,0,24,LAC,2020,2020-10-25,04:25:00,01:25:00,0,JAX,7,6,Sun,W 39-29,0,0,0,0,0,0,0,39,29,JAX
262,SEA,1,97,7.4,5.9,0.34,0.031,4,2,33.0,3,0,2,52,30,2,3,7,SEA,1,98,7.6,5.3,0.286,0.02,4,3,28.0,1,1,0,48,33,4,2,9,SEA,2020,2020-10-25,08:20:00,06:20:00,@,ARI,7,6,Sun,L 34-37,OT,4,4,4,2,2,0,0,0,25,SEA,2020,2020-10-25,08:20:00,06:20:00,@,ARI,7,6,Sun,L 34-37,OT,0,0,0,0,0,0,34,37,ARI
263,SFO,1,73,7.6,6.4,0.356,0.027,4,2,26.0,2,0,1,26,37,2,1,7,SFO,1,60,7.5,4.0,0.25,0.067,0,2,15.0,4,0,2,27,22,2,2,10,SFO,2020,2020-10-25,04:25:00,04:25:00,@,NWE,7,7,Sun,W 33-6,0,4,4,3,2,2,0,0,0,26,SFO,2020,2020-10-25,04:25:00,04:25:00,@,NWE,7,7,Sun,W 33-6,0,0,0,0,0,0,0,33,6,NWE
264,TAM,1,85,7.0,5.3,0.318,0.0,6,1,27.0,0,0,0,45,25,1,3,7,TAM,1,78,6.7,4.4,0.218,0.013,2,2,17.0,1,0,3,39,23,2,4,1,TAM,2020,2020-10-25,04:05:00,01:05:00,@,LVR,7,7,Sun,W 45-20,0,6,6,6,1,1,0,0,0,27,TAM,2020,2020-10-25,04:05:00,01:05:00,@,LVR,7,7,Sun,W 45-20,0,0,0,0,0,0,0,45,20,LVR
265,WAS,1,76,6.9,5.2,0.237,0.0,3,1,18.0,0,0,2,27,39,2,2,7,WAS,1,65,8.6,2.2,0.185,0.015,0,1,12.0,1,0,6,28,26,1,5,19,WAS,2020,2020-10-25,01:00:00,01:00:00,0,DAL,7,7,Sun,W 25-3,0,3,2,2,2,1,1,0,1,28,WAS,2020,2020-10-25,01:00:00,01:00:00,0,DAL,7,7,Sun,W 25-3,0,0,0,0,0,0,0,23,3,DAL
266,ATL,1,79,8.3,5.1,0.329,0.013,2,4,26.0,1,0,2,32,36,4,1,8,ATL,1,63,7.0,4.4,0.254,0.016,2,1,16.0,1,0,3,30,21,1,3,18,ATL,2020,2020-10-29,08:20:00,08:20:00,@,CAR,8,8,Thu,W 25-17,0,2,2,1,4,4,0,0,0,1,ATL,2020,2020-10-29,08:20:00,08:20:00,@,CAR,8,8,Thu,W 25-17,0,0,0,0,0,0,0,25,17,CAR
267,BUF,1,69,7.5,4.9,0.304,0.014,3,1,21.0,1,0,1,19,38,1,3,8,BUF,1,74,7.9,4.7,0.257,0.014,2,2,19.0,0,1,2,27,34,2,4,10,BUF,2020,2020-11-01,01:00:00,01:00:00,0,NWE,8,8,Sun,W 24-21,0,3,3,3,1,1,0,0,0,2,BUF,2020,2020-11-01,01:00:00,01:00:00,0,NWE,8,8,Sun,W 24-21,0,0,0,0,0,0,0,24,21,NWE
268,CAR,1,63,7.0,4.4,0.254,0.016,2,1,16.0,1,0,3,30,21,1,3,8,CAR,1,79,8.3,5.1,0.329,0.013,2,4,26.0,1,0,2,32,36,4,1,19,CAR,2020,2020-10-29,08:20:00,08:20:00,0,ATL,8,8,Thu,L 17-25,0,2,2,2,1,1,0,0,0,3,CAR,2020,2020-10-29,08:20:00,08:20:00,0,ATL,8,8,Thu,L 17-25,0,0,0,0,0,0,0,17,25,ATL
269,CHI,1,84,8.0,3.9,0.202,0.012,2,3,17.0,1,0,5,46,23,3,4,8,CHI,1,90,7.5,4.4,0.233,0.0,2,4,21.0,0,0,1,42,30,5,4,20,CHI,2020,2020-11-01,04:25:00,03:25:00,0,NOR,8,8,Sun,L 23-26,OT,2,2,2,3,3,0,0,0,4,CHI,2020,2020-11-01,04:25:00,03:25:00,0,NOR,8,8,Sun,L 23-26,OT,0,0,0,0,0,0,23,26,NOR
270,CIN,1,81,6.6,4.5,0.284,0.0,4,1,23.0,0,0,0,37,32,1,3,8,CIN,1,72,7.1,6.1,0.361,0.014,3,0,26.0,1,0,1,31,29,1,2,4,CIN,2020,2020-11-01,01:00:00,01:00:00,0,TEN,8,8,Sun,W 31-20,0,4,4,4,1,1,0,0,0,5,CIN,2020,2020-11-01,01:00:00,01:00:00,0,TEN,8,8,Sun,W 31-20,0,0,0,0,0,0,0,31,20,TEN
271,CLE,1,56,8.1,4.0,0.232,0.018,0,2,13.0,0,1,0,25,22,3,2,8,CLE,1,80,6.8,3.9,0.288,0.0,1,3,23.0,0,0,2,26,45,4,1,26,CLE,2020,2020-11-01,01:00:00,01:00:00,0,LVR,8,8,Sun,L 6-16,0,0,0,0,3,2,0,0,0,6,CLE,2020,2020-11-01,01:00:00,01:00:00,0,LVR,8,8,Sun,L 6-16,0,0,0,0,0,0,0,6,16,LVR
272,IND,1,90,7.1,4.1,0.278,0.0,5,0,25.0,0,0,2,36,39,0,5,8,IND,1,76,8.6,4.3,0.25,0.026,3,0,19.0,1,1,5,47,13,1,5,1,IND,2020,2020-11-01,01:00:00,01:00:00,@,DET,8,7,Sun,W 41-21,0,6,5,3,0,0,1,1,0,7,IND,2020,2020-11-01,01:00:00,01:00:00,@,DET,8,7,Sun,W 41-21,0,0,0,1,0,0,1,41,21,DET
273,DAL,1,90,8.6,2.9,0.222,0.022,0,3,20.0,0,2,4,44,34,4,4,8,DAL,1,68,7.2,3.3,0.206,0.059,2,0,14.0,2,2,4,32,26,0,2,27,DAL,2020,2020-11-01,08:20:00,08:20:00,@,PHI,8,8,Sun,L 9-23,0,0,0,0,4,3,0,0,0,8,DAL,2020,2020-11-01,08:20:00,08:20:00,@,PHI,8,8,Sun,L 9-23,0,0,0,0,0,0,0,9,21,PHI
274,DEN,1,77,8.1,4.6,0.182,0.013,4,1,14.0,1,0,2,43,16,1,6,8,DEN,1,98,8.2,4.9,0.265,0.02,3,3,26.0,2,0,2,46,38,3,3,5,DEN,2020,2020-11-01,04:05:00,02:05:00,0,LAC,8,7,Sun,W 31-30,0,4,4,4,1,1,0,0,0,9,DEN,2020,2020-11-01,04:05:00,02:05:00,0,LAC,8,7,Sun,W 31-30,0,0,0,0,0,0,0,31,30,LAC
275,DET,1,76,8.6,4.3,0.25,0.026,3,0,19.0,1,1,5,47,13,1,5,8,DET,1,90,7.1,4.1,0.278,0.0,5,0,25.0,0,0,2,36,39,0,5,11,DET,2020,2020-11-01,01:00:00,01:00:00,0,IND,8,7,Sun,L 21-41,0,3,3,3,1,0,0,0,0,10,DET,2020,2020-11-01,01:00:00,01:00:00,0,IND,8,7,Sun,L 21-41,0,0,0,0,0,0,0,21,41,IND
276,GNB,1,75,8.3,5.3,0.293,0.013,3,0,22.0,0,1,1,42,24,0,1,8,GNB,1,60,6.7,5.4,0.283,0.0,4,0,17.0,0,0,1,15,34,0,3,12,GNB,2020,2020-11-01,01:00:00,12:00:00,0,MIN,8,7,Sun,L 22-28,0,3,2,2,0,0,1,1,0,11,GNB,2020,2020-11-01,01:00:00,12:00:00,0,MIN,8,7,Sun,L 22-28,0,0,0,0,0,0,0,22,28,MIN
277,KAN,1,79,7.1,6.1,0.304,0.0,5,0,24.0,0,0,0,46,20,0,4,8,KAN,1,71,7.2,3.1,0.169,0.014,0,3,12.0,0,1,1,31,25,4,5,2,KAN,2020,2020-11-01,01:00:00,12:00:00,0,NYJ,8,8,Sun,W 35-9,0,5,5,5,0,0,0,0,0,12,KAN,2020,2020-11-01,01:00:00,12:00:00,0,NYJ,8,8,Sun,W 35-9,0,0,0,0,0,0,0,35,9,NYJ
278,MIA,1,66,6.5,2.2,0.121,0.03,2,0,8.0,0,2,1,23,25,0,10,8,MIA,1,107,7.7,4.4,0.28,0.037,2,1,30.0,2,2,2,63,29,2,6,6,MIA,2020,2020-11-01,01:00:00,01:00:00,0,LAR,8,7,Sun,W 28-17,0,4,4,4,0,0,0,0,0,13,MIA,2020,2020-11-01,01:00:00,01:00:00,0,LAR,8,7,Sun,W 28-17,0,0,1,0,1,0,2,28,17,LAR
279,MIN,1,60,6.7,5.4,0.283,0.0,4,0,17.0,0,0,1,15,34,0,3,8,MIN,1,75,8.3,5.3,0.293,0.013,3,0,22.0,0,1,1,42,24,0,1,7,MIN,2020,2020-11-01,01:00:00,12:00:00,@,GNB,8,7,Sun,W 28-22,0,4,4,4,0,0,0,0,0,14,MIN,2020,2020-11-01,01:00:00,12:00:00,@,GNB,8,7,Sun,W 28-22,0,0,0,0,0,0,0,28,22,GNB
280,NOR,1,90,7.5,4.4,0.233,0.0,2,4,21.0,0,0,1,42,30,5,4,8,NOR,1,84,8.0,3.9,0.202,0.012,2,3,17.0,1,0,5,46,23,3,4,21,NOR,2020,2020-11-01,04:25:00,03:25:00,@,CHI,8,7,Sun,W 26-23,OT,2,2,2,5,4,0,0,0,15,NOR,2020,2020-11-01,04:25:00,03:25:00,@,CHI,8,7,Sun,W 26-23,OT,0,0,0,0,0,0,26,23,CHI
281,NWE,1,74,7.9,4.7,0.257,0.014,2,2,19.0,0,1,2,27,34,2,4,8,NWE,1,69,7.5,4.9,0.304,0.014,3,1,21.0,1,0,1,19,38,1,3,22,NWE,2020,2020-11-01,01:00:00,01:00:00,@,BUF,8,7,Sun,L 21-24,0,2,1,1,2,2,1,1,0,16,NWE,2020,2020-11-01,01:00:00,01:00:00,@,BUF,8,7,Sun,L 21-24,0,0,0,0,0,0,0,21,24,BUF
282,NYG,1,84,8.2,4.3,0.274,0.024,3,1,23.0,2,0,3,45,24,1,4,8,NYG,1,80,7.3,4.3,0.263,0.013,2,4,21.0,0,1,2,42,24,4,3,13,NYG,2020,2020-11-02,08:15:00,08:15:00,0,TAM,8,8,Mon,L 23-25,0,3,2,2,1,1,1,0,0,17,NYG,2020,2020-11-02,08:15:00,08:15:00,0,TAM,8,8,Mon,L 23-25,0,0,0,0,0,0,0,23,25,TAM
283,NYJ,1,71,7.2,3.1,0.169,0.014,0,3,12.0,0,1,1,31,25,4,5,8,NYJ,1,79,7.1,6.1,0.304,0.0,5,0,24.0,0,0,0,46,20,0,4,28,NYJ,2020,2020-11-01,01:00:00,12:00:00,@,KAN,8,8,Sun,L 9-35,0,0,0,0,4,3,0,0,0,18,NYJ,2020,2020-11-01,01:00:00,12:00:00,@,KAN,8,8,Sun,L 9-35,0,0,0,0,0,0,0,9,35,KAN
284,TEN,1,72,7.1,6.1,0.361,0.014,3,0,26.0,1,0,1,31,29,1,2,8,TEN,1,81,6.6,4.5,0.284,0.0,4,1,23.0,0,0,0,37,32,1,3,14,TEN,2020,2020-11-01,01:00:00,01:00:00,@,CIN,8,7,Sun,L 20-31,0,3,2,2,1,0,1,0,0,19,TEN,2020,2020-11-01,01:00:00,01:00:00,@,CIN,8,7,Sun,L 20-31,0,0,0,0,0,0,0,20,31,CIN
285,PHI,1,68,7.2,3.3,0.206,0.059,2,0,14.0,2,2,4,32,26,0,2,8,PHI,1,90,8.6,2.9,0.222,0.022,0,3,20.0,0,2,4,44,34,4,4,15,PHI,2020,2020-11-01,08:20:00,08:20:00,0,DAL,8,8,Sun,W 23-9,0,3,1,1,0,0,2,1,1,20,PHI,2020,2020-11-01,08:20:00,08:20:00,0,DAL,8,8,Sun,W 23-9,0,0,0,0,1,0,1,21,9,DAL
286,PIT,1,65,7.1,3.4,0.231,0.015,3,0,15.0,0,1,2,34,16,0,6,8,PIT,1,91,7.5,5.0,0.275,0.044,3,1,25.0,2,2,4,32,47,1,3,8,PIT,2020,2020-11-01,01:00:00,01:00:00,@,BAL,8,7,Sun,W 28-24,0,4,4,4,0,0,0,0,0,21,PIT,2020,2020-11-01,01:00:00,01:00:00,@,BAL,8,7,Sun,W 28-24,0,0,0,1,0,0,1,28,24,BAL
287,LVR,1,80,6.8,3.9,0.288,0.0,1,3,23.0,0,0,2,26,45,4,1,8,LVR,1,56,8.1,4.0,0.232,0.018,0,2,13.0,0,1,0,25,22,3,2,25,LVR,2020,2020-11-01,01:00:00,01:00:00,@,CLE,8,7,Sun,W 16-6,0,1,1,1,4,3,0,0,0,22,LVR,2020,2020-11-01,01:00:00,01:00:00,@,CLE,8,7,Sun,W 16-6,0,0,0,0,0,0,0,16,6,CLE
288,LAR,1,107,7.7,4.4,0.28,0.037,2,1,30.0,2,2,2,63,29,2,6,8,LAR,1,66,6.5,2.2,0.121,0.03,2,0,8.0,0,2,1,23,25,0,10,23,LAR,2020,2020-11-01,01:00:00,01:00:00,@,MIA,8,8,Sun,L 17-28,0,2,2,2,2,1,0,0,0,23,LAR,2020,2020-11-01,01:00:00,01:00:00,@,MIA,8,8,Sun,L 17-28,0,0,0,0,0,0,0,17,28,MIA
289,BAL,1,91,7.5,5.0,0.275,0.044,3,1,25.0,2,2,4,32,47,1,3,8,BAL,1,65,7.1,3.4,0.231,0.015,3,0,15.0,0,1,2,34,16,0,6,16,BAL,2020,2020-11-01,01:00:00,01:00:00,0,PIT,8,7,Sun,L 24-28,0,3,3,3,1,1,0,0,0,24,BAL,2020,2020-11-01,01:00:00,01:00:00,0,PIT,8,7,Sun,L 24-28,0,0,0,0,0,0,0,24,28,PIT
290,LAC,1,98,8.2,4.9,0.265,0.02,3,3,26.0,2,0,2,46,38,3,3,8,LAC,1,77,8.1,4.6,0.182,0.013,4,1,14.0,1,0,2,43,16,1,6,17,LAC,2020,2020-11-01,04:05:00,02:05:00,@,DEN,8,7,Sun,L 30-31,0,3,3,3,3,3,0,0,0,25,LAC,2020,2020-11-01,04:05:00,02:05:00,@,DEN,8,7,Sun,L 30-31,0,0,0,0,0,0,0,30,31,DEN
291,SEA,1,82,7.3,4.3,0.293,0.0,5,1,24.0,0,0,2,39,28,1,4,8,SEA,1,81,7.0,4.3,0.284,0.025,4,0,23.0,1,1,3,44,22,0,4,3,SEA,2020,2020-11-01,04:25:00,01:25:00,0,SFO,8,7,Sun,W 37-27,0,5,5,4,1,1,0,0,0,26,SEA,2020,2020-11-01,04:25:00,01:25:00,0,SFO,8,7,Sun,W 37-27,0,0,0,0,0,0,0,37,27,SFO
292,SFO,1,81,7.0,4.3,0.284,0.025,4,0,23.0,1,1,3,44,22,0,4,8,SFO,1,82,7.3,4.3,0.293,0.0,5,1,24.0,0,0,2,39,28,1,4,9,SFO,2020,2020-11-01,04:25:00,01:25:00,@,SEA,8,8,Sun,L 27-37,0,4,3,3,0,0,1,0,0,27,SFO,2020,2020-11-01,04:25:00,01:25:00,@,SEA,8,8,Sun,L 27-37,0,0,0,0,0,0,0,27,37,SEA
293,TAM,1,80,7.3,4.3,0.263,0.013,2,4,21.0,0,1,2,42,24,4,3,8,TAM,1,84,8.2,4.3,0.274,0.024,3,1,23.0,2,0,3,45,24,1,4,24,TAM,2020,2020-11-02,08:15:00,08:15:00,@,NYG,8,8,Mon,W 25-23,0,2,1,1,4,4,1,0,0,28,TAM,2020,2020-11-02,08:15:00,08:15:00,@,NYG,8,8,Mon,W 25-23,0,0,0,0,0,0,0,25,23,NYG
294,ATL,1,86,7.9,4.2,0.244,0.012,4,2,21.0,1,0,2,37,32,2,5,9,ATL,1,88,8.1,4.6,0.227,0.011,3,2,20.0,1,0,1,49,22,2,5,4,ATL,2020,2020-11-08,01:00:00,01:00:00,0,DEN,9,9,Sun,W 34-27,0,4,4,4,2,2,0,0,0,1,ATL,2020,2020-11-08,01:00:00,01:00:00,0,DEN,9,9,Sun,W 34-27,0,0,0,0,0,0,0,34,27,DEN
295,BUF,1,82,7.3,5.1,0.305,0.0,5,3,25.0,0,0,7,45,19,4,2,9,BUF,1,79,6.7,5.3,0.253,0.051,4,2,20.0,2,2,5,46,17,2,1,1,BUF,2020,2020-11-08,01:00:00,01:00:00,0,SEA,9,9,Sun,W 44-34,0,5,5,5,4,3,0,0,0,2,BUF,2020,2020-11-08,01:00:00,01:00:00,0,SEA,9,9,Sun,W 44-34,0,0,0,0,0,0,0,44,34,SEA
296,CAR,1,92,8.1,4.4,0.283,0.0,4,1,26.0,0,0,2,51,24,3,3,9,CAR,1,72,7.4,5.5,0.319,0.014,4,2,23.0,0,1,1,46,12,3,1,5,CAR,2020,2020-11-08,01:00:00,12:00:00,@,KAN,9,9,Sun,L 31-33,0,4,4,4,3,1,0,0,0,3,CAR,2020,2020-11-08,01:00:00,12:00:00,@,KAN,9,9,Sun,L 31-33,0,0,0,0,0,0,0,31,33,KAN
297,CHI,1,89,7.7,4.1,0.225,0.022,2,1,20.0,0,2,3,55,19,1,7,9,CHI,1,71,8.0,3.2,0.155,0.0,2,1,11.0,0,0,3,24,31,1,8,21,CHI,2020,2020-11-08,01:00:00,12:00:00,@,TEN,9,9,Sun,L 17-24,0,2,2,2,1,1,0,0,0,4,CHI,2020,2020-11-08,01:00:00,12:00:00,@,TEN,9,9,Sun,L 17-24,0,0,0,0,0,0,0,17,24,TEN
298,IND,1,77,7.2,4.4,0.234,0.026,1,1,18.0,1,1,0,44,21,1,4,9,IND,1,76,7.0,3.5,0.25,0.013,2,1,19.0,0,1,2,25,38,1,6,26,IND,2020,2020-11-08,01:00:00,01:00:00,0,BAL,9,8,Sun,L 10-24,0,1,1,1,1,1,0,0,0,5,IND,2020,2020-11-08,01:00:00,01:00:00,0,BAL,9,8,Sun,L 10-24,0,0,0,0,0,0,0,10,24,BAL
299,ARI,1,77,6.7,5.7,0.299,0.013,4,1,23.0,0,1,1,27,37,2,1,9,ARI,1,71,7.7,4.4,0.282,0.0,3,2,20.0,0,0,3,31,25,2,3,6,ARI,2020,2020-11-08,04:25:00,02:25:00,0,MIA,9,8,Sun,L 31-34,0,4,4,4,2,1,0,0,0,6,ARI,2020,2020-11-08,04:25:00,02:25:00,0,MIA,9,8,Sun,L 31-34,0,0,0,0,0,0,0,31,34,MIA
300,DAL,1,83,7.9,4.4,0.229,0.024,1,4,19.0,1,1,2,40,31,4,2,9,DAL,1,78,6.9,4.6,0.231,0.0,3,2,18.0,0,0,0,45,18,2,4,27,DAL,2020,2020-11-08,04:25:00,03:25:00,0,PIT,9,9,Sun,L 19-24,0,1,1,1,4,4,0,0,0,7,DAL,2020,2020-11-08,04:25:00,03:25:00,0,PIT,9,9,Sun,L 19-24,0,0,0,0,0,0,0,19,24,PIT
301,DEN,1,88,8.1,4.6,0.227,0.011,3,2,20.0,1,0,1,49,22,2,5,9,DEN,1,86,7.9,4.2,0.244,0.012,4,2,21.0,1,0,2,37,32,2,5,12,DEN,2020,2020-11-08,01:00:00,01:00:00,@,ATL,9,8,Sun,L 27-34,0,3,3,3,2,2,0,0,0,8,DEN,2020,2020-11-08,01:00:00,01:00:00,@,ATL,9,8,Sun,L 27-34,0,0,0,0,0,0,0,27,34,ATL
302,DET,1,87,7.0,4.8,0.322,0.034,2,2,28.0,3,0,2,47,27,3,2,9,DET,1,70,6.6,7.0,0.3,0.0,5,0,21.0,0,0,1,21,34,0,5,22,DET,2020,2020-11-08,01:00:00,03:00:00,@,MIN,9,8,Sun,L 20-34,0,2,2,2,3,2,0,0,0,9,DET,2020,2020-11-08,01:00:00,03:00:00,@,MIN,9,8,Sun,L 20-34,0,0,0,0,0,0,0,20,34,MIN
303,GNB,1,76,7.0,5.3,0.25,0.0,4,2,19.0,0,0,1,32,31,2,3,9,GNB,1,67,6.8,5.0,0.224,0.03,2,1,15.0,1,1,1,36,17,1,4,7,GNB,2020,2020-11-05,08:20:00,05:20:00,@,SFO,9,8,Thu,W 34-17,0,4,4,4,2,2,0,0,0,10,GNB,2020,2020-11-05,08:20:00,05:20:00,@,SFO,9,8,Thu,W 34-17,0,0,0,0,0,0,0,34,17,SFO
304,HOU,1,77,7.4,4.9,0.234,0.013,3,2,18.0,0,1,2,34,28,2,5,9,HOU,1,83,7.3,5.0,0.253,0.012,3,2,21.0,1,0,2,40,27,2,5,13,HOU,2020,2020-11-08,01:00:00,01:00:00,@,JAX,9,8,Sun,W 27-25,0,3,3,3,2,2,0,0,0,11,HOU,2020,2020-11-08,01:00:00,01:00:00,@,JAX,9,8,Sun,W 27-25,0,0,0,0,0,0,0,27,25,JAX
305,JAX,1,83,7.3,5.0,0.253,0.012,3,2,21.0,1,0,2,40,27,2,5,9,JAX,1,77,7.4,4.9,0.234,0.013,3,2,18.0,0,1,2,34,28,2,5,14,JAX,2020,2020-11-08,01:00:00,01:00:00,0,HOU,9,8,Sun,L 25-27,0,3,2,1,2,2,1,0,0,12,JAX,2020,2020-11-08,01:00:00,01:00:00,0,HOU,9,8,Sun,L 25-27,0,0,0,0,0,0,0,25,27,HOU
306,KAN,1,72,7.4,5.5,0.319,0.014,4,2,23.0,0,1,1,46,12,3,1,9,KAN,1,92,8.1,4.4,0.283,0.0,4,1,26.0,0,0,2,51,24,3,3,8,KAN,2020,2020-11-08,01:00:00,12:00:00,0,CAR,9,9,Sun,W 33-31,0,4,4,3,3,2,0,0,0,13,KAN,2020,2020-11-08,01:00:00,12:00:00,0,CAR,9,9,Sun,W 33-31,0,0,0,0,0,0,0,33,31,CAR
307,MIA,1,71,7.7,4.4,0.282,0.0,3,2,20.0,0,0,3,31,25,2,3,9,MIA,1,77,6.7,5.7,0.299,0.013,4,1,23.0,0,1,1,27,37,2,1,9,MIA,2020,2020-11-08,04:25:00,02:25:00,@,ARI,9,8,Sun,W 34-31,0,4,4,4,2,2,0,0,0,14,MIA,2020,2020-11-08,04:25:00,02:25:00,@,ARI,9,8,Sun,W 34-31,0,0,0,0,1,0,1,34,31,ARI
308,MIN,1,70,6.6,7.0,0.3,0.0,5,0,21.0,0,0,1,21,34,0,5,9,MIN,1,87,7.0,4.8,0.322,0.034,2,2,28.0,3,0,2,47,27,3,2,2,MIN,2020,2020-11-08,01:00:00,03:00:00,0,DET,9,8,Sun,W 34-20,0,5,5,4,0,0,0,0,0,15,MIN,2020,2020-11-08,01:00:00,03:00:00,0,DET,9,8,Sun,W 34-20,0,0,0,0,0,0,0,34,20,DET
309,NOR,1,82,7.5,5.1,0.317,0.024,5,1,26.0,0,2,1,36,37,1,1,9,NOR,1,58,8.5,3.3,0.172,0.052,0,1,10.0,3,0,3,41,5,1,4,3,NOR,2020,2020-11-08,08:20:00,08:20:00,@,TAM,9,8,Sun,W 38-3,0,5,5,5,1,1,0,0,0,16,NOR,2020,2020-11-08,08:20:00,08:20:00,@,TAM,9,8,Sun,W 38-3,0,0,0,0,0,0,0,38,3,TAM
310,NWE,1,89,7.6,4.9,0.303,0.0,3,3,27.0,0,0,0,35,41,3,1,9,NWE,1,57,6.2,5.6,0.281,0.018,3,2,16.0,1,0,1,26,18,2,2,15,NWE,2020,2020-11-09,08:15:00,08:15:00,@,NYJ,9,8,Mon,W 30-27,0,3,3,3,3,3,0,0,0,17,NWE,2020,2020-11-09,08:15:00,08:15:00,@,NYJ,9,8,Mon,W 30-27,0,0,0,0,0,0,0,30,27,NYJ
311,NYG,1,88,8.4,4.0,0.239,0.011,2,3,21.0,0,1,4,39,35,3,4,9,NYG,1,62,8.5,6.5,0.29,0.065,2,2,18.0,3,1,2,41,9,2,2,23,NYG,2020,2020-11-08,01:00:00,01:00:00,@,WAS,9,9,Sun,W 23-20,0,2,2,2,3,3,0,0,0,18,NYG,2020,2020-11-08,01:00:00,01:00:00,@,WAS,9,9,Sun,W 23-20,0,0,0,0,0,0,0,23,20,WAS
312,NYJ,1,57,6.2,5.6,0.281,0.018,3,2,16.0,1,0,1,26,18,2,2,9,NYJ,1,89,7.6,4.9,0.303,0.0,3,3,27.0,0,0,0,35,41,3,1,16,NYJ,2020,2020-11-09,08:15:00,08:15:00,0,NWE,9,9,Mon,L 27-30,0,3,3,3,2,2,0,0,0,19,NYJ,2020,2020-11-09,08:15:00,08:15:00,0,NWE,9,9,Mon,L 27-30,0,0,0,0,0,0,0,27,30,NWE
313,TEN,1,71,8.0,3.2,0.155,0.0,2,1,11.0,0,0,3,24,31,1,8,9,TEN,1,89,7.7,4.1,0.225,0.022,2,1,20.0,0,2,3,55,19,1,7,17,TEN,2020,2020-11-08,01:00:00,12:00:00,0,CHI,9,8,Sun,W 24-17,0,3,3,3,1,1,0,0,0,20,TEN,2020,2020-11-08,01:00:00,12:00:00,0,CHI,9,8,Sun,W 24-17,0,0,0,0,1,0,1,24,17,CHI
314,PIT,1,78,6.9,4.6,0.231,0.0,3,2,18.0,0,0,0,45,18,2,4,9,PIT,1,83,7.9,4.4,0.229,0.024,1,4,19.0,1,1,2,40,31,4,2,18,PIT,2020,2020-11-08,04:25:00,03:25:00,@,DAL,9,8,Sun,W 24-19,0,3,2,0,2,2,1,0,0,21,PIT,2020,2020-11-08,04:25:00,03:25:00,@,DAL,9,8,Sun,W 24-19,0,0,0,0,0,0,0,24,19,DAL
315,LVR,1,66,6.5,4.8,0.242,0.03,4,1,16.0,0,2,1,24,26,1,4,9,LVR,1,90,7.3,4.9,0.278,0.0,3,2,25.0,0,0,2,44,31,3,3,10,LVR,2020,2020-11-08,04:05:00,01:05:00,@,LAC,9,8,Sun,W 31-26,0,4,4,4,1,1,0,0,0,22,LVR,2020,2020-11-08,04:05:00,01:05:00,@,LAC,9,8,Sun,W 31-26,0,0,0,0,0,0,0,31,26,LAC
316,BAL,1,76,7.0,3.5,0.25,0.013,2,1,19.0,0,1,2,25,38,1,6,9,BAL,1,77,7.2,4.4,0.234,0.026,1,1,18.0,1,1,0,44,21,1,4,19,BAL,2020,2020-11-08,01:00:00,01:00:00,@,IND,9,8,Sun,W 24-10,0,3,3,3,1,1,0,0,0,23,BAL,2020,2020-11-08,01:00:00,01:00:00,@,IND,9,8,Sun,W 24-10,0,0,0,0,1,0,1,24,10,IND
317,LAC,1,90,7.3,4.9,0.278,0.0,3,2,25.0,0,0,2,44,31,3,3,9,LAC,1,66,6.5,4.8,0.242,0.03,4,1,16.0,0,2,1,24,26,1,4,20,LAC,2020,2020-11-08,04:05:00,01:05:00,0,LVR,9,8,Sun,L 26-31,0,3,2,2,3,2,1,0,0,24,LAC,2020,2020-11-08,04:05:00,01:05:00,0,LVR,9,8,Sun,L 26-31,0,0,0,0,0,0,0,26,31,LVR
318,SEA,1,79,6.7,5.3,0.253,0.051,4,2,20.0,2,2,5,46,17,2,1,9,SEA,1,82,7.3,5.1,0.305,0.0,5,3,25.0,0,0,7,45,19,4,2,11,SEA,2020,2020-11-08,01:00:00,01:00:00,@,BUF,9,8,Sun,L 34-44,0,4,4,4,2,2,0,0,0,25,SEA,2020,2020-11-08,01:00:00,01:00:00,@,BUF,9,8,Sun,L 34-44,0,0,0,0,0,0,0,34,44,BUF
319,SFO,1,67,6.8,5.0,0.224,0.03,2,1,15.0,1,1,1,36,17,1,4,9,SFO,1,76,7.0,5.3,0.25,0.0,4,2,19.0,0,0,1,32,31,2,3,24,SFO,2020,2020-11-05,08:20:00,05:20:00,0,GNB,9,9,Thu,L 17-34,0,2,2,2,1,1,0,0,0,26,SFO,2020,2020-11-05,08:20:00,05:20:00,0,GNB,9,9,Thu,L 17-34,0,0,0,0,0,0,0,17,34,GNB
320,TAM,1,58,8.5,3.3,0.172,0.052,0,1,10.0,3,0,3,41,5,1,4,9,TAM,1,82,7.5,5.1,0.317,0.024,5,1,26.0,0,2,1,36,37,1,1,28,TAM,2020,2020-11-08,08:20:00,08:20:00,0,NOR,9,9,Sun,L 3-38,0,0,0,0,1,1,0,0,0,27,TAM,2020,2020-11-08,08:20:00,08:20:00,0,NOR,9,9,Sun,L 3-38,0,0,0,0,0,0,0,3,38,NOR
321,WAS,1,62,8.5,6.5,0.29,0.065,2,2,18.0,3,1,2,41,9,2,2,9,WAS,1,88,8.4,4.0,0.239,0.011,2,3,21.0,0,1,4,39,35,3,4,25,WAS,2020,2020-11-08,01:00:00,01:00:00,0,NYG,9,8,Sun,L 20-23,0,2,2,2,2,2,0,0,0,28,WAS,2020,2020-11-08,01:00:00,01:00:00,0,NYG,9,8,Sun,L 20-23,0,0,0,0,0,0,0,20,23,NYG
